close,ema_9,ema_20,ema_50,tick_rsi_14,macd,macd_signal,macd_hist,bb_lower,bb_mid,bb_upper,bb_width,dist_bb_mid,dist_bb_upper,dist_bb_lower,tick_volatility_14,volatility_variation,roc_5,roc_10,price_change_1,instant_volatility,up_freq_10,up_freq_20,avg_move_10,avg_move_20,micro_volatility_5,adx_14,mean_reversion_ratio,target_ticks,barrier_threshold,survived
4778.66,4778.602929127709,4778.621306628717,4778.742560352881,50.56639853503957,-0.042496928419495816,-0.06593659643476386,0.023439668015268048,4778.3232819484465,4778.60385,4778.884418051554,0.00011742678839298551,0.001175029396911274,0.004696254840363073,0.007046286020628416,0.0025008358615628214,0.0005320579417245567,0.007617778387936092,-0.0010044555976196357,0.0010000000002037268,2.0926372856777675e-07,0.5,0.5,2.1471218534940827e-05,1.7484264602418698e-05,0.0027001314680539985,16.008922466445988,0.3237790668375895,2,4.8599999999999995e-05,1
4778.66,4778.602929127709,4778.621306628717,4778.742560352881,50.56639853503957,-0.042496928419495816,-0.06593659643476386,0.023439668015268048,4778.3232819484465,4778.60385,4778.884418051554,0.00011742678839298551,0.001175029396911274,0.004696254840363073,0.007046286020628416,0.0025008358615628214,0.0005320579417245567,0.007617778387936092,-0.0010044555976196357,0.0010000000002037268,2.0926372856777675e-07,0.5,0.5,2.1471218534940827e-05,1.7484264602418698e-05,0.0027001314680539985,16.008922466445988,0.3237790668375895,3,5.11e-05,1
4778.689,4778.645980333255,4778.640043445024,4778.725802356446,51.69754215877097,-0.011405507079871313,-0.030734290231187157,0.019328783151315844,4778.317992023401,4778.60275,4778.887507976599,0.00011918043474084309,0.001804920904971459,0.0041540258551896365,0.0077638025115190626,0.0024955044966241736,1.9889614495071078e-05,0.00039760016909973217,0.002490284750478189,0.021000000000640284,4.394530023876797e-06,0.7,0.6,1.4585660057164774e-05,1.694026689103012e-05,0.002450393076878602,23.02590097086772,0.41053309611917477,2,4.8599999999999995e-05,1
4778.66,4778.602929127709,4778.621306628717,4778.742560352881,50.56639853503957,-0.042496928419495816,-0.06593659643476386,0.023439668015268048,4778.3232819484465,4778.60385,4778.884418051554,0.00011742678839298551,0.001175029396911274,0.004696254840363073,0.007046286020628416,0.0025008358615628214,0.0005320579417245567,0.007617778387936092,-0.0010044555976196357,0.0010000000002037268,2.0926372856777675e-07,0.5,0.5,2.1471218534940827e-05,1.7484264602418698e-05,0.0027001314680539985,16.008922466445988,0.3237790668375895,15,6.13e-05,0
4778.66,4778.602929127709,4778.621306628717,4778.742560352881,50.56639853503957,-0.042496928419495816,-0.06593659643476386,0.023439668015268048,4778.3232819484465,4778.60385,4778.884418051554,0.00011742678839298551,0.001175029396911274,0.004696254840363073,0.007046286020628416,0.0025008358615628214,0.0005320579417245567,0.007617778387936092,-0.0010044555976196357,0.0010000000002037268,2.0926372856777675e-07,0.5,0.5,2.1471218534940827e-05,1.7484264602418698e-05,0.0027001314680539985,16.008922466445988,0.3237790668375895,8,5.73e-05,0
4778.66,4778.602929127709,4778.621306628717,4778.742560352881,50.56639853503957,-0.042496928419495816,-0.06593659643476386,0.023439668015268048,4778.3232819484465,4778.60385,4778.884418051554,0.00011742678839298551,0.001175029396911274,0.004696254840363073,0.007046286020628416,0.0025008358615628214,0.0005320579417245567,0.007617778387936092,-0.0010044555976196357,0.0010000000002037268,2.0926372856777675e-07,0.5,0.5,2.1471218534940827e-05,1.7484264602418698e-05,0.0027001314680539985,16.008922466445988,0.3237790668375895,5,5.37e-05,0
4778.689,4778.645980333255,4778.640043445024,4778.725802356446,51.69754215877097,-0.011405507079871313,-0.030734290231187157,0.019328783151315844,4778.317992023401,4778.60275,4778.887507976599,0.00011918043474084309,0.001804920904971459,0.0041540258551896365,0.0077638025115190626,0.0024955044966241736,1.9889614495071078e-05,0.00039760016909973217,0.002490284750478189,0.021000000000640284,4.394530023876797e-06,0.7,0.6,1.4585660057164774e-05,1.694026689103012e-05,0.002450393076878602,23.02590097086772,0.41053309611917477,15,6.13e-05,0
4778.689,4778.645980333255,4778.640043445024,4778.725802356446,51.69754215877097,-0.011405507079871313,-0.030734290231187157,0.019328783151315844,4778.317992023401,4778.60275,4778.887507976599,0.00011918043474084309,0.001804920904971459,0.0041540258551896365,0.0077638025115190626,0.0024955044966241736,1.9889614495071078e-05,0.00039760016909973217,0.002490284750478189,0.021000000000640284,4.394530023876797e-06,0.7,0.6,1.4585660057164774e-05,1.694026689103012e-05,0.002450393076878602,23.02590097086772,0.41053309611917477,8,5.73e-05,0
4778.689,4778.645980333255,4778.640043445024,4778.725802356446,51.69754215877097,-0.011405507079871313,-0.030734290231187157,0.019328783151315844,4778.317992023401,4778.60275,4778.887507976599,0.00011918043474084309,0.001804920904971459,0.0041540258551896365,0.0077638025115190626,0.0024955044966241736,1.9889614495071078e-05,0.00039760016909973217,0.002490284750478189,0.021000000000640284,4.394530023876797e-06,0.7,0.6,1.4585660057164774e-05,1.694026689103012e-05,0.002450393076878602,23.02590097086772,0.41053309611917477,5,5.37e-05,0
4778.689,4778.645980333255,4778.640043445024,4778.725802356446,51.69754215877097,-0.011405507079871313,-0.030734290231187157,0.019328783151315844,4778.317992023401,4778.60275,4778.887507976599,0.00011918043474084309,0.001804920904971459,0.0041540258551896365,0.0077638025115190626,0.0024955044966241736,1.9889614495071078e-05,0.00039760016909973217,0.002490284750478189,0.021000000000640284,4.394530023876797e-06,0.7,0.6,1.4585660057164774e-05,1.694026689103012e-05,0.002450393076878602,23.02590097086772,0.41053309611917477,3,5.11e-05,0
4778.864,4778.764942035602,4778.710125353948,4778.742067538634,58.72151271396752,0.03811550341470138,0.00607369158057822,0.03204181183412316,4778.292939506667,4778.63805,4778.983160493332,0.00014443885045148708,0.004728334676864921,0.0024934899451596925,0.011949712177054622,0.0015976697297478307,-0.0008978347668763429,0.003662092260015015,0.0040597069896008975,0.0639999999993961,1.3392483468432914e-05,0.7,0.65,1.4773873187423624e-05,1.7683097588205854e-05,0.001047235996818382,24.418244554435674,2.0154376759330828,15,6.13e-05,0
4778.864,4778.764942035602,4778.710125353948,4778.742067538634,58.72151271396752,0.03811550341470138,0.00607369158057822,0.03204181183412316,4778.292939506667,4778.63805,4778.983160493332,0.00014443885045148708,0.004728334676864921,0.0024934899451596925,0.011949712177054622,0.0015976697297478307,-0.0008978347668763429,0.003662092260015015,0.0040597069896008975,0.0639999999993961,1.3392483468432914e-05,0.7,0.65,1.4773873187423624e-05,1.7683097588205854e-05,0.001047235996818382,24.418244554435674,2.0154376759330828,8,5.73e-05,0
4778.864,4778.764942035602,4778.710125353948,4778.742067538634,58.72151271396752,0.03811550341470138,0.00607369158057822,0.03204181183412316,4778.292939506667,4778.63805,4778.983160493332,0.00014443885045148708,0.004728334676864921,0.0024934899451596925,0.011949712177054622,0.0015976697297478307,-0.0008978347668763429,0.003662092260015015,0.0040597069896008975,0.0639999999993961,1.3392483468432914e-05,0.7,0.65,1.4773873187423624e-05,1.7683097588205854e-05,0.001047235996818382,24.418244554435674,2.0154376759330828,5,5.37e-05,0
4778.864,4778.764942035602,4778.710125353948,4778.742067538634,58.72151271396752,0.03811550341470138,0.00607369158057822,0.03204181183412316,4778.292939506667,4778.63805,4778.983160493332,0.00014443885045148708,0.004728334676864921,0.0024934899451596925,0.011949712177054622,0.0015976697297478307,-0.0008978347668763429,0.003662092260015015,0.0040597069896008975,0.0639999999993961,1.3392483468432914e-05,0.7,0.65,1.4773873187423624e-05,1.7683097588205854e-05,0.001047235996818382,24.418244554435674,2.0154376759330828,3,5.11e-05,0
4778.864,4778.764942035602,4778.710125353948,4778.742067538634,58.72151271396752,0.03811550341470138,0.00607369158057822,0.03204181183412316,4778.292939506667,4778.63805,4778.983160493332,0.00014443885045148708,0.004728334676864921,0.0024934899451596925,0.011949712177054622,0.0015976697297478307,-0.0008978347668763429,0.003662092260015015,0.0040597069896008975,0.0639999999993961,1.3392483468432914e-05,0.7,0.65,1.4773873187423624e-05,1.7683097588205854e-05,0.001047235996818382,24.418244554435674,2.0154376759330828,2,4.8599999999999995e-05,0
4778.937,4778.926230093847,4778.860176182388,4778.8062543975475,55.64297059979069,0.06961474555646419,0.05722049866511063,0.012394246891353558,4778.665022349251,4778.85775,4779.05047765075,8.06584589170813e-05,0.0016583460765237142,0.0023745374912810284,0.005691174643006378,0.0020802234836994594,1.0449622200180315e-05,0.0006486840293584706,0.004729308803130827,-0.04500000000007276,9.416231322889601e-06,0.7,0.65,1.4982606743441097e-05,1.503500979865291e-05,0.0012431832057101949,18.25648640460485,0.7727901291537412,15,6.13e-05,0
4778.937,4778.926230093847,4778.860176182388,4778.8062543975475,55.64297059979069,0.06961474555646419,0.05722049866511063,0.012394246891353558,4778.665022349251,4778.85775,4779.05047765075,8.06584589170813e-05,0.0016583460765237142,0.0023745374912810284,0.005691174643006378,0.0020802234836994594,1.0449622200180315e-05,0.0006486840293584706,0.004729308803130827,-0.04500000000007276,9.416231322889601e-06,0.7,0.65,1.4982606743441097e-05,1.503500979865291e-05,0.0012431832057101949,18.25648640460485,0.7727901291537412,8,5.73e-05,0
4778.937,4778.926230093847,4778.860176182388,4778.8062543975475,55.64297059979069,0.06961474555646419,0.05722049866511063,0.012394246891353558,4778.665022349251,4778.85775,4779.05047765075,8.06584589170813e-05,0.0016583460765237142,0.0023745374912810284,0.005691174643006378,0.0020802234836994594,1.0449622200180315e-05,0.0006486840293584706,0.004729308803130827,-0.04500000000007276,9.416231322889601e-06,0.7,0.65,1.4982606743441097e-05,1.503500979865291e-05,0.0012431832057101949,18.25648640460485,0.7727901291537412,5,5.37e-05,0
4778.937,4778.926230093847,4778.860176182388,4778.8062543975475,55.64297059979069,0.06961474555646419,0.05722049866511063,0.012394246891353558,4778.665022349251,4778.85775,4779.05047765075,8.06584589170813e-05,0.0016583460765237142,0.0023745374912810284,0.005691174643006378,0.0020802234836994594,1.0449622200180315e-05,0.0006486840293584706,0.004729308803130827,-0.04500000000007276,9.416231322889601e-06,0.7,0.65,1.4982606743441097e-05,1.503500979865291e-05,0.0012431832057101949,18.25648640460485,0.7727901291537412,3,5.11e-05,0
4778.937,4778.926230093847,4778.860176182388,4778.8062543975475,55.64297059979069,0.06961474555646419,0.05722049866511063,0.012394246891353558,4778.665022349251,4778.85775,4779.05047765075,8.06584589170813e-05,0.0016583460765237142,0.0023745374912810284,0.005691174643006378,0.0020802234836994594,1.0449622200180315e-05,0.0006486840293584706,0.004729308803130827,-0.04500000000007276,9.416231322889601e-06,0.7,0.65,1.4982606743441097e-05,1.503500979865291e-05,0.0012431832057101949,18.25648640460485,0.7727901291537412,2,4.8599999999999995e-05,0
4778.581,4778.718283952978,4778.7571710231,4778.773118405284,42.370256348929416,-0.02938791911219596,-0.009165172421868857,-0.0202227466903271,4778.502873693157,4778.8068,4779.110726306843,0.00012719757025669902,-0.0047250288503013545,0.011085431152956463,0.0016349269133019305,0.0024905321696421685,0.0002556325776514722,-0.0010672510458942241,-0.008307215475777951,-0.17299999999977445,3.620190535014167e-05,0.4,0.5,2.1365347502699806e-05,1.9136501694455576e-05,0.002635782099414618,16.778463119404567,-1.4802237153395246,15,6.13e-05,0
4778.581,4778.718283952978,4778.7571710231,4778.773118405284,42.370256348929416,-0.02938791911219596,-0.009165172421868857,-0.0202227466903271,4778.502873693157,4778.8068,4779.110726306843,0.00012719757025669902,-0.0047250288503013545,0.011085431152956463,0.0016349269133019305,0.0024905321696421685,0.0002556325776514722,-0.0010672510458942241,-0.008307215475777951,-0.17299999999977445,3.620190535014167e-05,0.4,0.5,2.1365347502699806e-05,1.9136501694455576e-05,0.002635782099414618,16.778463119404567,-1.4802237153395246,8,5.73e-05,0
4778.581,4778.718283952978,4778.7571710231,4778.773118405284,42.370256348929416,-0.02938791911219596,-0.009165172421868857,-0.0202227466903271,4778.502873693157,4778.8068,4779.110726306843,0.00012719757025669902,-0.0047250288503013545,0.011085431152956463,0.0016349269133019305,0.0024905321696421685,0.0002556325776514722,-0.0010672510458942241,-0.008307215475777951,-0.17299999999977445,3.620190535014167e-05,0.4,0.5,2.1365347502699806e-05,1.9136501694455576e-05,0.002635782099414618,16.778463119404567,-1.4802237153395246,5,5.37e-05,0
4778.581,4778.718283952978,4778.7571710231,4778.773118405284,42.370256348929416,-0.02938791911219596,-0.009165172421868857,-0.0202227466903271,4778.502873693157,4778.8068,4779.110726306843,0.00012719757025669902,-0.0047250288503013545,0.011085431152956463,0.0016349269133019305,0.0024905321696421685,0.0002556325776514722,-0.0010672510458942241,-0.008307215475777951,-0.17299999999977445,3.620190535014167e-05,0.4,0.5,2.1365347502699806e-05,1.9136501694455576e-05,0.002635782099414618,16.778463119404567,-1.4802237153395246,3,5.11e-05,0
4778.581,4778.718283952978,4778.7571710231,4778.773118405284,42.370256348929416,-0.02938791911219596,-0.009165172421868857,-0.0202227466903271,4778.502873693157,4778.8068,4779.110726306843,0.00012719757025669902,-0.0047250288503013545,0.011085431152956463,0.0016349269133019305,0.0024905321696421685,0.0002556325776514722,-0.0010672510458942241,-0.008307215475777951,-0.17299999999977445,3.620190535014167e-05,0.4,0.5,2.1365347502699806e-05,1.9136501694455576e-05,0.002635782099414618,16.778463119404567,-1.4802237153395246,2,4.8599999999999995e-05,0
4778.917,4778.987949191096,4778.914135539365,4778.845760230363,51.242393919804705,0.07128710511551617,0.04826739372278737,0.0230197113927288,4778.448686542136,4778.8379,4779.227113457865,0.00016289042064581054,0.00165521412642864,0.006489199495715142,0.00979957295480329,0.002447469739771684,-0.0002167137961101408,-0.003724554544315417,0.007031376050758986,-0.16199999999935244,3.389774473272489e-05,0.6,0.5,1.9460640733470756e-05,2.0412994118085283e-05,0.001751705300841848,19.309559766888153,0.024490423768313476,2,4.8599999999999995e-05,0
4778.917,4778.987949191096,4778.914135539365,4778.845760230363,51.242393919804705,0.07128710511551617,0.04826739372278737,0.0230197113927288,4778.448686542136,4778.8379,4779.227113457865,0.00016289042064581054,0.00165521412642864,0.006489199495715142,0.00979957295480329,0.002447469739771684,-0.0002167137961101408,-0.003724554544315417,0.007031376050758986,-0.16199999999935244,3.389774473272489e-05,0.6,0.5,1.9460640733470756e-05,2.0412994118085283e-05,0.001751705300841848,19.309559766888153,0.024490423768313476,15,6.13e-05,0
4778.917,4778.987949191096,4778.914135539365,4778.845760230363,51.242393919804705,0.07128710511551617,0.04826739372278737,0.0230197113927288,4778.448686542136,4778.8379,4779.227113457865,0.00016289042064581054,0.00165521412642864,0.006489199495715142,0.00979957295480329,0.002447469739771684,-0.0002167137961101408,-0.003724554544315417,0.007031376050758986,-0.16199999999935244,3.389774473272489e-05,0.6,0.5,1.9460640733470756e-05,2.0412994118085283e-05,0.001751705300841848,19.309559766888153,0.024490423768313476,8,5.73e-05,0
4778.917,4778.987949191096,4778.914135539365,4778.845760230363,51.242393919804705,0.07128710511551617,0.04826739372278737,0.0230197113927288,4778.448686542136,4778.8379,4779.227113457865,0.00016289042064581054,0.00165521412642864,0.006489199495715142,0.00979957295480329,0.002447469739771684,-0.0002167137961101408,-0.003724554544315417,0.007031376050758986,-0.16199999999935244,3.389774473272489e-05,0.6,0.5,1.9460640733470756e-05,2.0412994118085283e-05,0.001751705300841848,19.309559766888153,0.024490423768313476,5,5.37e-05,0
4778.917,4778.987949191096,4778.914135539365,4778.845760230363,51.242393919804705,0.07128710511551617,0.04826739372278737,0.0230197113927288,4778.448686542136,4778.8379,4779.227113457865,0.00016289042064581054,0.00165521412642864,0.006489199495715142,0.00979957295480329,0.002447469739771684,-0.0002167137961101408,-0.003724554544315417,0.007031376050758986,-0.16199999999935244,3.389774473272489e-05,0.6,0.5,1.9460640733470756e-05,2.0412994118085283e-05,0.001751705300841848,19.309559766888153,0.024490423768313476,3,5.11e-05,0
4779.151,4779.316378117531,4779.209942444952,4779.0256061412665,50.09083077154816,0.13557385919011722,0.14613702764791345,-0.01056316845779623,4778.680847670956,4779.189899999999,4779.698952329043,0.00021302870975840394,-0.0008139454763987852,0.011465474287028288,0.009837570083978097,0.002934349993080174,0.00033526458620979386,-0.007322940198162264,0.004896506886375995,-0.07700000000022555,1.6111388701278706e-05,0.5,0.55,2.4062276177871934e-05,2.1761458455671345e-05,0.0023138894579919963,22.915745949026938,-0.4203007112819739,15,6.13e-05,0
4779.151,4779.316378117531,4779.209942444952,4779.0256061412665,50.09083077154816,0.13557385919011722,0.14613702764791345,-0.01056316845779623,4778.680847670956,4779.189899999999,4779.698952329043,0.00021302870975840394,-0.0008139454763987852,0.011465474287028288,0.009837570083978097,0.002934349993080174,0.00033526458620979386,-0.007322940198162264,0.004896506886375995,-0.07700000000022555,1.6111388701278706e-05,0.5,0.55,2.4062276177871934e-05,2.1761458455671345e-05,0.0023138894579919963,22.915745949026938,-0.4203007112819739,8,5.73e-05,0
4779.151,4779.316378117531,4779.209942444952,4779.0256061412665,50.09083077154816,0.13557385919011722,0.14613702764791345,-0.01056316845779623,4778.680847670956,4779.189899999999,4779.698952329043,0.00021302870975840394,-0.0008139454763987852,0.011465474287028288,0.009837570083978097,0.002934349993080174,0.00033526458620979386,-0.007322940198162264,0.004896506886375995,-0.07700000000022555,1.6111388701278706e-05,0.5,0.55,2.4062276177871934e-05,2.1761458455671345e-05,0.0023138894579919963,22.915745949026938,-0.4203007112819739,5,5.37e-05,0
4779.151,4779.316378117531,4779.209942444952,4779.0256061412665,50.09083077154816,0.13557385919011722,0.14613702764791345,-0.01056316845779623,4778.680847670956,4779.189899999999,4779.698952329043,0.00021302870975840394,-0.0008139454763987852,0.011465474287028288,0.009837570083978097,0.002934349993080174,0.00033526458620979386,-0.007322940198162264,0.004896506886375995,-0.07700000000022555,1.6111388701278706e-05,0.5,0.55,2.4062276177871934e-05,2.1761458455671345e-05,0.0023138894579919963,22.915745949026938,-0.4203007112819739,3,5.11e-05,0
4779.151,4779.316378117531,4779.209942444952,4779.0256061412665,50.09083077154816,0.13557385919011722,0.14613702764791345,-0.01056316845779623,4778.680847670956,4779.189899999999,4779.698952329043,0.00021302870975840394,-0.0008139454763987852,0.011465474287028288,0.009837570083978097,0.002934349993080174,0.00033526458620979386,-0.007322940198162264,0.004896506886375995,-0.07700000000022555,1.6111388701278706e-05,0.5,0.55,2.4062276177871934e-05,2.1761458455671345e-05,0.0023138894579919963,22.915745949026938,-0.4203007112819739,2,4.8599999999999995e-05,0
4778.95,4779.190523825242,4779.185863282661,4779.054439713463,42.11230903056992,0.045660342100745765,0.09424087695679718,-0.04858053485605142,4778.875830412873,4779.25935,4779.642869587127,0.00016049331456641355,-0.006472760261492184,0.014498364434184523,0.0015520059244512282,0.002377573113030261,-0.0005510184366222205,-0.0032432850920804945,-0.010649740901635951,-0.29100000000016735,6.088832933937027e-05,0.4,0.45,2.0065676324876323e-05,2.0766966112784056e-05,0.0032054232284573075,26.719115314586425,-2.075738005751782,15,6.13e-05,0
4778.95,4779.190523825242,4779.185863282661,4779.054439713463,42.11230903056992,0.045660342100745765,0.09424087695679718,-0.04858053485605142,4778.875830412873,4779.25935,4779.642869587127,0.00016049331456641355,-0.006472760261492184,0.014498364434184523,0.0015520059244512282,0.002377573113030261,-0.0005510184366222205,-0.0032432850920804945,-0.010649740901635951,-0.29100000000016735,6.088832933937027e-05,0.4,0.45,2.0065676324876323e-05,2.0766966112784056e-05,0.0032054232284573075,26.719115314586425,-2.075738005751782,8,5.73e-05,0
4778.95,4779.190523825242,4779.185863282661,4779.054439713463,42.11230903056992,0.045660342100745765,0.09424087695679718,-0.04858053485605142,4778.875830412873,4779.25935,4779.642869587127,0.00016049331456641355,-0.006472760261492184,0.014498364434184523,0.0015520059244512282,0.002377573113030261,-0.0005510184366222205,-0.0032432850920804945,-0.010649740901635951,-0.29100000000016735,6.088832933937027e-05,0.4,0.45,2.0065676324876323e-05,2.0766966112784056e-05,0.0032054232284573075,26.719115314586425,-2.075738005751782,5,5.37e-05,0
4778.95,4779.190523825242,4779.185863282661,4779.054439713463,42.11230903056992,0.045660342100745765,0.09424087695679718,-0.04858053485605142,4778.875830412873,4779.25935,4779.642869587127,0.00016049331456641355,-0.006472760261492184,0.014498364434184523,0.0015520059244512282,0.002377573113030261,-0.0005510184366222205,-0.0032432850920804945,-0.010649740901635951,-0.29100000000016735,6.088832933937027e-05,0.4,0.45,2.0065676324876323e-05,2.0766966112784056e-05,0.0032054232284573075,26.719115314586425,-2.075738005751782,3,5.11e-05,0
4778.95,4779.190523825242,4779.185863282661,4779.054439713463,42.11230903056992,0.045660342100745765,0.09424087695679718,-0.04858053485605142,4778.875830412873,4779.25935,4779.642869587127,0.00016049331456641355,-0.006472760261492184,0.014498364434184523,0.0015520059244512282,0.002377573113030261,-0.0005510184366222205,-0.0032432850920804945,-0.010649740901635951,-0.29100000000016735,6.088832933937027e-05,0.4,0.45,2.0065676324876323e-05,2.0766966112784056e-05,0.0032054232284573075,26.719115314586425,-2.075738005751782,2,4.8599999999999995e-05,0
4779.491,4779.295412898968,4779.229790104867,4779.113703952645,61.140234328698014,0.06536949281780835,0.04016411474596066,0.025205378071847688,4778.864284830262,4779.2012,4779.538115169739,0.00014099225190136744,0.006063774841694445,0.0009857779780169007,0.013112592318688705,0.0028874388458983292,-0.00022098240586268135,0.0033059006350866227,0.012890063037840349,0.18500000000040018,3.870854889820308e-05,0.6,0.45,2.2347181570248065e-05,2.1384356911335888e-05,0.0020771061957758903,23.427403300833028,1.8928618470194924,5,5.37e-05,0
4779.491,4779.295412898968,4779.229790104867,4779.113703952645,61.140234328698014,0.06536949281780835,0.04016411474596066,0.025205378071847688,4778.864284830262,4779.2012,4779.538115169739,0.00014099225190136744,0.006063774841694445,0.0009857779780169007,0.013112592318688705,0.0028874388458983292,-0.00022098240586268135,0.0033059006350866227,0.012890063037840349,0.18500000000040018,3.870854889820308e-05,0.6,0.45,2.2347181570248065e-05,2.1384356911335888e-05,0.0020771061957758903,23.427403300833028,1.8928618470194924,3,5.11e-05,0
4779.491,4779.295412898968,4779.229790104867,4779.113703952645,61.140234328698014,0.06536949281780835,0.04016411474596066,0.025205378071847688,4778.864284830262,4779.2012,4779.538115169739,0.00014099225190136744,0.006063774841694445,0.0009857779780169007,0.013112592318688705,0.0028874388458983292,-0.00022098240586268135,0.0033059006350866227,0.012890063037840349,0.18500000000040018,3.870854889820308e-05,0.6,0.45,2.2347181570248065e-05,2.1384356911335888e-05,0.0020771061957758903,23.427403300833028,1.8928618470194924,2,4.8599999999999995e-05,0
4779.491,4779.295412898968,4779.229790104867,4779.113703952645,61.140234328698014,0.06536949281780835,0.04016411474596066,0.025205378071847688,4778.864284830262,4779.2012,4779.538115169739,0.00014099225190136744,0.006063774841694445,0.0009857779780169007,0.013112592318688705,0.0028874388458983292,-0.00022098240586268135,0.0033059006350866227,0.012890063037840349,0.18500000000040018,3.870854889820308e-05,0.6,0.45,2.2347181570248065e-05,2.1384356911335888e-05,0.0020771061957758903,23.427403300833028,1.8928618470194924,15,6.13e-05,0
4779.491,4779.295412898968,4779.229790104867,4779.113703952645,61.140234328698014,0.06536949281780835,0.04016411474596066,0.025205378071847688,4778.864284830262,4779.2012,4779.538115169739,0.00014099225190136744,0.006063774841694445,0.0009857779780169007,0.013112592318688705,0.0028874388458983292,-0.00022098240586268135,0.0033059006350866227,0.012890063037840349,0.18500000000040018,3.870854889820308e-05,0.6,0.45,2.2347181570248065e-05,2.1384356911335888e-05,0.0020771061957758903,23.427403300833028,1.8928618470194924,8,5.73e-05,0
4779.764,4779.736932711931,4779.565940627194,4779.317399380507,62.07930264636487,0.18534988389365026,0.15626622166675924,0.029083662226891016,4778.773017225975,4779.46075,4780.148482774025,0.00028778676507590535,0.006344858047007384,0.00804396982832093,0.020732880828944998,0.0019863543713274376,-0.00021023878851945087,-0.002698805182455022,0.009582981294786741,0.0010000000002037268,2.0921539412022128e-07,0.7,0.6,1.8578786404077617e-05,1.9312247740105314e-05,0.0016631278590454976,18.371348927997364,2.086172476432748,15,6.13e-05,0
4779.764,4779.736932711931,4779.565940627194,4779.317399380507,62.07930264636487,0.18534988389365026,0.15626622166675924,0.029083662226891016,4778.773017225975,4779.46075,4780.148482774025,0.00028778676507590535,0.006344858047007384,0.00804396982832093,0.020732880828944998,0.0019863543713274376,-0.00021023878851945087,-0.002698805182455022,0.009582981294786741,0.0010000000002037268,2.0921539412022128e-07,0.7,0.6,1.8578786404077617e-05,1.9312247740105314e-05,0.0016631278590454976,18.371348927997364,2.086172476432748,8,5.73e-05,0
4779.764,4779.736932711931,4779.565940627194,4779.317399380507,62.07930264636487,0.18534988389365026,0.15626622166675924,0.029083662226891016,4778.773017225975,4779.46075,4780.148482774025,0.00028778676507590535,0.006344858047007384,0.00804396982832093,0.020732880828944998,0.0019863543713274376,-0.00021023878851945087,-0.002698805182455022,0.009582981294786741,0.0010000000002037268,2.0921539412022128e-07,0.7,0.6,1.8578786404077617e-05,1.9312247740105314e-05,0.0016631278590454976,18.371348927997364,2.086172476432748,5,5.37e-05,0
4779.764,4779.736932711931,4779.565940627194,4779.317399380507,62.07930264636487,0.18534988389365026,0.15626622166675924,0.029083662226891016,4778.773017225975,4779.46075,4780.148482774025,0.00028778676507590535,0.006344858047007384,0.00804396982832093,0.020732880828944998,0.0019863543713274376,-0.00021023878851945087,-0.002698805182455022,0.009582981294786741,0.0010000000002037268,2.0921539412022128e-07,0.7,0.6,1.8578786404077617e-05,1.9312247740105314e-05,0.0016631278590454976,18.371348927997364,2.086172476432748,3,5.11e-05,0
4779.764,4779.736932711931,4779.565940627194,4779.317399380507,62.07930264636487,0.18534988389365026,0.15626622166675924,0.029083662226891016,4778.773017225975,4779.46075,4780.148482774025,0.00028778676507590535,0.006344858047007384,0.00804396982832093,0.020732880828944998,0.0019863543713274376,-0.00021023878851945087,-0.002698805182455022,0.009582981294786741,0.0010000000002037268,2.0921539412022128e-07,0.7,0.6,1.8578786404077617e-05,1.9312247740105314e-05,0.0016631278590454976,18.371348927997364,2.086172476432748,2,4.8599999999999995e-05,0
4779.974,4779.799603152302,4779.691303438424,4779.451115698065,65.13850981494988,0.13607230036996043,0.13630695088286596,-0.00023465051290552652,4779.367364095257,4779.727400000001,4780.087435904745,0.000150651229500707,0.005159290046530461,0.0023731489908652144,0.012691196745915314,0.002178738290235639,-0.0001584776046059614,0.005146736383321304,0.004414444816625007,0.17700000000058935,3.7030861352649325e-05,0.7,0.65,1.6841911504783534e-05,1.8107893884256045e-05,0.0022447629073876953,16.327487352326695,2.7146610495870642,15,6.13e-05,0
4779.974,4779.799603152302,4779.691303438424,4779.451115698065,65.13850981494988,0.13607230036996043,0.13630695088286596,-0.00023465051290552652,4779.367364095257,4779.727400000001,4780.087435904745,0.000150651229500707,0.005159290046530461,0.0023731489908652144,0.012691196745915314,0.002178738290235639,-0.0001584776046059614,0.005146736383321304,0.004414444816625007,0.17700000000058935,3.7030861352649325e-05,0.7,0.65,1.6841911504783534e-05,1.8107893884256045e-05,0.0022447629073876953,16.327487352326695,2.7146610495870642,8,5.73e-05,0
4779.974,4779.799603152302,4779.691303438424,4779.451115698065,65.13850981494988,0.13607230036996043,0.13630695088286596,-0.00023465051290552652,4779.367364095257,4779.727400000001,4780.087435904745,0.000150651229500707,0.005159290046530461,0.0023731489908652144,0.012691196745915314,0.002178738290235639,-0.0001584776046059614,0.005146736383321304,0.004414444816625007,0.17700000000058935,3.7030861352649325e-05,0.7,0.65,1.6841911504783534e-05,1.8107893884256045e-05,0.0022447629073876953,16.327487352326695,2.7146610495870642,5,5.37e-05,0
4779.974,4779.799603152302,4779.691303438424,4779.451115698065,65.13850981494988,0.13607230036996043,0.13630695088286596,-0.00023465051290552652,4779.367364095257,4779.727400000001,4780.087435904745,0.000150651229500707,0.005159290046530461,0.0023731489908652144,0.012691196745915314,0.002178738290235639,-0.0001584776046059614,0.005146736383321304,0.004414444816625007,0.17700000000058935,3.7030861352649325e-05,0.7,0.65,1.6841911504783534e-05,1.8107893884256045e-05,0.0022447629073876953,16.327487352326695,2.7146610495870642,3,5.11e-05,0
4779.974,4779.799603152302,4779.691303438424,4779.451115698065,65.13850981494988,0.13607230036996043,0.13630695088286596,-0.00023465051290552652,4779.367364095257,4779.727400000001,4780.087435904745,0.000150651229500707,0.005159290046530461,0.0023731489908652144,0.012691196745915314,0.002178738290235639,-0.0001584776046059614,0.005146736383321304,0.004414444816625007,0.17700000000058935,3.7030861352649325e-05,0.7,0.65,1.6841911504783534e-05,1.8107893884256045e-05,0.0022447629073876953,16.327487352326695,2.7146610495870642,2,4.8599999999999995e-05,0
4780.355,4780.217387012304,4780.029251816285,4779.698500083801,69.71502880532519,0.21283779500299715,0.18649648445666714,0.026341310546330016,4779.424403194369,4779.96685,4780.509296805631,0.00022696676468824832,0.008120349202835343,0.0032277269288791344,0.019467106640208884,0.002123254448609468,-0.00041425417303419263,0.0023429771247807096,0.00797075465261976,0.016999999999825377,3.5562338895900325e-06,0.6,0.65,1.7008119761596775e-05,1.6925015633190155e-05,0.001308049839224098,13.883387651455703,3.2095888740375464,2,4.8599999999999995e-05,1
4780.355,4780.217387012304,4780.029251816285,4779.698500083801,69.71502880532519,0.21283779500299715,0.18649648445666714,0.026341310546330016,4779.424403194369,4779.96685,4780.509296805631,0.00022696676468824832,0.008120349202835343,0.0032277269288791344,0.019467106640208884,0.002123254448609468,-0.00041425417303419263,0.0023429771247807096,0.00797075465261976,0.016999999999825377,3.5562338895900325e-06,0.6,0.65,1.7008119761596775e-05,1.6925015633190155e-05,0.001308049839224098,13.883387651455703,3.2095888740375464,5,5.37e-05,0
4780.355,4780.217387012304,4780.029251816285,4779.698500083801,69.71502880532519,0.21283779500299715,0.18649648445666714,0.026341310546330016,4779.424403194369,4779.96685,4780.509296805631,0.00022696676468824832,0.008120349202835343,0.0032277269288791344,0.019467106640208884,0.002123254448609468,-0.00041425417303419263,0.0023429771247807096,0.00797075465261976,0.016999999999825377,3.5562338895900325e-06,0.6,0.65,1.7008119761596775e-05,1.6925015633190155e-05,0.001308049839224098,13.883387651455703,3.2095888740375464,3,5.11e-05,0
4780.32,4780.351492340634,4780.2635771641,4779.951357508276,54.32903465441878,0.1383981204335214,0.17083978563413527,-0.03244166520061387,4779.98886000093,4780.31195,4780.635039999071,0.00013517527828716782,0.00016839905185386935,0.006590353764411269,0.006927151300955149,0.003042598106251419,0.000404814409712591,-0.004706576342239366,0.001757235416821601,0.15999999999985448,3.3471682956198734e-05,0.5,0.55,2.9495785662059236e-05,2.4224535532935133e-05,0.0035559696315392523,12.822180345808274,0.3879345644603416,5,5.37e-05,0
4780.32,4780.351492340634,4780.2635771641,4779.951357508276,54.32903465441878,0.1383981204335214,0.17083978563413527,-0.03244166520061387,4779.98886000093,4780.31195,4780.635039999071,0.00013517527828716782,0.00016839905185386935,0.006590353764411269,0.006927151300955149,0.003042598106251419,0.000404814409712591,-0.004706576342239366,0.001757235416821601,0.15999999999985448,3.3471682956198734e-05,0.5,0.55,2.9495785662059236e-05,2.4224535532935133e-05,0.0035559696315392523,12.822180345808274,0.3879345644603416,3,5.11e-05,0
4780.32,4780.351492340634,4780.2635771641,4779.951357508276,54.32903465441878,0.1383981204335214,0.17083978563413527,-0.03244166520061387,4779.98886000093,4780.31195,4780.635039999071,0.00013517527828716782,0.00016839905185386935,0.006590353764411269,0.006927151300955149,0.003042598106251419,0.000404814409712591,-0.004706576342239366,0.001757235416821601,0.15999999999985448,3.3471682956198734e-05,0.5,0.55,2.9495785662059236e-05,2.4224535532935133e-05,0.0035559696315392523,12.822180345808274,0.3879345644603416,2,4.8599999999999995e-05,0
4780.355,4780.217387012304,4780.029251816285,4779.698500083801,69.71502880532519,0.21283779500299715,0.18649648445666714,0.026341310546330016,4779.424403194369,4779.96685,4780.509296805631,0.00022696676468824832,0.008120349202835343,0.0032277269288791344,0.019467106640208884,0.002123254448609468,-0.00041425417303419263,0.0023429771247807096,0.00797075465261976,0.016999999999825377,3.5562338895900325e-06,0.6,0.65,1.7008119761596775e-05,1.6925015633190155e-05,0.001308049839224098,13.883387651455703,3.2095888740375464,15,6.13e-05,0
4780.355,4780.217387012304,4780.029251816285,4779.698500083801,69.71502880532519,0.21283779500299715,0.18649648445666714,0.026341310546330016,4779.424403194369,4779.96685,4780.509296805631,0.00022696676468824832,0.008120349202835343,0.0032277269288791344,0.019467106640208884,0.002123254448609468,-0.00041425417303419263,0.0023429771247807096,0.00797075465261976,0.016999999999825377,3.5562338895900325e-06,0.6,0.65,1.7008119761596775e-05,1.6925015633190155e-05,0.001308049839224098,13.883387651455703,3.2095888740375464,8,5.73e-05,0
4780.32,4780.351492340634,4780.2635771641,4779.951357508276,54.32903465441878,0.1383981204335214,0.17083978563413527,-0.03244166520061387,4779.98886000093,4780.31195,4780.635039999071,0.00013517527828716782,0.00016839905185386935,0.006590353764411269,0.006927151300955149,0.003042598106251419,0.000404814409712591,-0.004706576342239366,0.001757235416821601,0.15999999999985448,3.3471682956198734e-05,0.5,0.55,2.9495785662059236e-05,2.4224535532935133e-05,0.0035559696315392523,12.822180345808274,0.3879345644603416,15,6.13e-05,0
4780.32,4780.351492340634,4780.2635771641,4779.951357508276,54.32903465441878,0.1383981204335214,0.17083978563413527,-0.03244166520061387,4779.98886000093,4780.31195,4780.635039999071,0.00013517527828716782,0.00016839905185386935,0.006590353764411269,0.006927151300955149,0.003042598106251419,0.000404814409712591,-0.004706576342239366,0.001757235416821601,0.15999999999985448,3.3471682956198734e-05,0.5,0.55,2.9495785662059236e-05,2.4224535532935133e-05,0.0035559696315392523,12.822180345808274,0.3879345644603416,8,5.73e-05,0
4780.062,4780.289740078405,4780.256421959676,4779.984141148511,45.59382161367555,0.08817699424162129,0.14033406421252892,-0.05215706997090763,4780.058421078853,4780.3353,4780.612178921147,0.00011584079516213746,-0.005717172182458322,0.011509869979649909,7.487185620148617e-05,0.0034115010695748007,0.0007138724674632959,-0.006045581171754133,-0.0033680437084182557,-0.2929999999996653,6.129251907016631e-05,0.5,0.5,2.867974736187051e-05,2.3439729947566378e-05,0.0038099163105972055,11.489812154724891,-1.1921986093313774,15,6.13e-05,0
4780.062,4780.289740078405,4780.256421959676,4779.984141148511,45.59382161367555,0.08817699424162129,0.14033406421252892,-0.05215706997090763,4780.058421078853,4780.3353,4780.612178921147,0.00011584079516213746,-0.005717172182458322,0.011509869979649909,7.487185620148617e-05,0.0034115010695748007,0.0007138724674632959,-0.006045581171754133,-0.0033680437084182557,-0.2929999999996653,6.129251907016631e-05,0.5,0.5,2.867974736187051e-05,2.3439729947566378e-05,0.0038099163105972055,11.489812154724891,-1.1921986093313774,8,5.73e-05,0
4780.062,4780.289740078405,4780.256421959676,4779.984141148511,45.59382161367555,0.08817699424162129,0.14033406421252892,-0.05215706997090763,4780.058421078853,4780.3353,4780.612178921147,0.00011584079516213746,-0.005717172182458322,0.011509869979649909,7.487185620148617e-05,0.0034115010695748007,0.0007138724674632959,-0.006045581171754133,-0.0033680437084182557,-0.2929999999996653,6.129251907016631e-05,0.5,0.5,2.867974736187051e-05,2.3439729947566378e-05,0.0038099163105972055,11.489812154724891,-1.1921986093313774,5,5.37e-05,0
4780.062,4780.289740078405,4780.256421959676,4779.984141148511,45.59382161367555,0.08817699424162129,0.14033406421252892,-0.05215706997090763,4780.058421078853,4780.3353,4780.612178921147,0.00011584079516213746,-0.005717172182458322,0.011509869979649909,7.487185620148617e-05,0.0034115010695748007,0.0007138724674632959,-0.006045581171754133,-0.0033680437084182557,-0.2929999999996653,6.129251907016631e-05,0.5,0.5,2.867974736187051e-05,2.3439729947566378e-05,0.0038099163105972055,11.489812154724891,-1.1921986093313774,3,5.11e-05,0
4780.062,4780.289740078405,4780.256421959676,4779.984141148511,45.59382161367555,0.08817699424162129,0.14033406421252892,-0.05215706997090763,4780.058421078853,4780.3353,4780.612178921147,0.00011584079516213746,-0.005717172182458322,0.011509869979649909,7.487185620148617e-05,0.0034115010695748007,0.0007138724674632959,-0.006045581171754133,-0.0033680437084182557,-0.2929999999996653,6.129251907016631e-05,0.5,0.5,2.867974736187051e-05,2.3439729947566378e-05,0.0038099163105972055,11.489812154724891,-1.1921986093313774,2,4.8599999999999995e-05,0
4779.905,4780.097200736115,4780.16351973821,4779.983614386783,41.560366318039485,-0.009914321457472397,0.0700089778205224,-0.0799232992779948,4779.857314081109,4780.26645,4780.675585918892,0.00017117703507572445,-0.007561293994403424,0.01612136473197294,0.0009976331933615333,0.0031517918737172784,0.00011782121660061824,-0.009413526819657125,-0.014203285623681783,0.007999999999810825,1.673676231828125e-06,0.4,0.5,2.5793373328253377e-05,2.4339406350870618e-05,0.0029322420079270425,10.11699887283378,-1.7159057233450823,15,6.13e-05,0
4779.905,4780.097200736115,4780.16351973821,4779.983614386783,41.560366318039485,-0.009914321457472397,0.0700089778205224,-0.0799232992779948,4779.857314081109,4780.26645,4780.675585918892,0.00017117703507572445,-0.007561293994403424,0.01612136473197294,0.0009976331933615333,0.0031517918737172784,0.00011782121660061824,-0.009413526819657125,-0.014203285623681783,0.007999999999810825,1.673676231828125e-06,0.4,0.5,2.5793373328253377e-05,2.4339406350870618e-05,0.0029322420079270425,10.11699887283378,-1.7159057233450823,8,5.73e-05,0
4779.905,4780.097200736115,4780.16351973821,4779.983614386783,41.560366318039485,-0.009914321457472397,0.0700089778205224,-0.0799232992779948,4779.857314081109,4780.26645,4780.675585918892,0.00017117703507572445,-0.007561293994403424,0.01612136473197294,0.0009976331933615333,0.0031517918737172784,0.00011782121660061824,-0.009413526819657125,-0.014203285623681783,0.007999999999810825,1.673676231828125e-06,0.4,0.5,2.5793373328253377e-05,2.4339406350870618e-05,0.0029322420079270425,10.11699887283378,-1.7159057233450823,5,5.37e-05,0
4779.905,4780.097200736115,4780.16351973821,4779.983614386783,41.560366318039485,-0.009914321457472397,0.0700089778205224,-0.0799232992779948,4779.857314081109,4780.26645,4780.675585918892,0.00017117703507572445,-0.007561293994403424,0.01612136473197294,0.0009976331933615333,0.0031517918737172784,0.00011782121660061824,-0.009413526819657125,-0.014203285623681783,0.007999999999810825,1.673676231828125e-06,0.4,0.5,2.5793373328253377e-05,2.4339406350870618e-05,0.0029322420079270425,10.11699887283378,-1.7159057233450823,3,5.11e-05,0
4779.905,4780.097200736115,4780.16351973821,4779.983614386783,41.560366318039485,-0.009914321457472397,0.0700089778205224,-0.0799232992779948,4779.857314081109,4780.26645,4780.675585918892,0.00017117703507572445,-0.007561293994403424,0.01612136473197294,0.0009976331933615333,0.0031517918737172784,0.00011782121660061824,-0.009413526819657125,-0.014203285623681783,0.007999999999810825,1.673676231828125e-06,0.4,0.5,2.5793373328253377e-05,2.4339406350870618e-05,0.0029322420079270425,10.11699887283378,-1.7159057233450823,2,4.8599999999999995e-05,0
4780.51,4780.357454710666,4780.26234277071,4780.076970187886,59.73454936099418,0.08625933730127144,0.037809454203213605,0.04844988309805784,4779.73093687203,4780.22425,4780.717563127971,0.00020639748353663354,0.005977753031147174,0.004341861599921106,0.016296653034308117,0.003127203801522307,0.0002583113022687801,0.010564842505389471,0.012824544127210125,-0.068000000000211,1.4224221422609595e-05,0.6,0.45,2.2321398739399977e-05,2.4454810360707845e-05,0.0031481975747606546,24.281452710867086,1.6566970273238428,2,4.8599999999999995e-05,1
4780.51,4780.357454710666,4780.26234277071,4780.076970187886,59.73454936099418,0.08625933730127144,0.037809454203213605,0.04844988309805784,4779.73093687203,4780.22425,4780.717563127971,0.00020639748353663354,0.005977753031147174,0.004341861599921106,0.016296653034308117,0.003127203801522307,0.0002583113022687801,0.010564842505389471,0.012824544127210125,-0.068000000000211,1.4224221422609595e-05,0.6,0.45,2.2321398739399977e-05,2.4454810360707845e-05,0.0031481975747606546,24.281452710867086,1.6566970273238428,3,5.11e-05,1
4780.51,4780.357454710666,4780.26234277071,4780.076970187886,59.73454936099418,0.08625933730127144,0.037809454203213605,0.04844988309805784,4779.73093687203,4780.22425,4780.717563127971,0.00020639748353663354,0.005977753031147174,0.004341861599921106,0.016296653034308117,0.003127203801522307,0.0002583113022687801,0.010564842505389471,0.012824544127210125,-0.068000000000211,1.4224221422609595e-05,0.6,0.45,2.2321398739399977e-05,2.4454810360707845e-05,0.0031481975747606546,24.281452710867086,1.6566970273238428,5,5.37e-05,1
4780.51,4780.357454710666,4780.26234277071,4780.076970187886,59.73454936099418,0.08625933730127144,0.037809454203213605,0.04844988309805784,4779.73093687203,4780.22425,4780.717563127971,0.00020639748353663354,0.005977753031147174,0.004341861599921106,0.016296653034308117,0.003127203801522307,0.0002583113022687801,0.010564842505389471,0.012824544127210125,-0.068000000000211,1.4224221422609595e-05,0.6,0.45,2.2321398739399977e-05,2.4454810360707845e-05,0.0031481975747606546,24.281452710867086,1.6566970273238428,8,5.73e-05,1
4780.103,4780.121153387866,4780.171459069114,4780.091728668044,47.546451583328654,-0.029230334657768253,0.006685834595699425,-0.035916169253467675,4779.6763636092055,4780.172199999999,4780.668036390793,0.0002074554514138869,-0.0014476465931290152,0.011820590284195897,0.008925255183717926,0.003159860889048485,0.0003613762206001389,0.000606685168480503,-0.00993603702315049,-0.0029999999997016857,6.276011451644692e-07,0.2,0.4,2.0731439003585093e-05,2.1923993715344813e-05,0.003204205914566345,13.48221506645769,-0.45323094201027064,2,4.8599999999999995e-05,1
4780.103,4780.121153387866,4780.171459069114,4780.091728668044,47.546451583328654,-0.029230334657768253,0.006685834595699425,-0.035916169253467675,4779.6763636092055,4780.172199999999,4780.668036390793,0.0002074554514138869,-0.0014476465931290152,0.011820590284195897,0.008925255183717926,0.003159860889048485,0.0003613762206001389,0.000606685168480503,-0.00993603702315049,-0.0029999999997016857,6.276011451644692e-07,0.2,0.4,2.0731439003585093e-05,2.1923993715344813e-05,0.003204205914566345,13.48221506645769,-0.45323094201027064,3,5.11e-05,1
4780.175,4780.131922710293,4780.171796300627,4780.0949942104735,50.09975916205504,-0.0245739794572728,0.00043387178510498076,-0.02500785124237778,4779.707458545228,4780.1861,4780.6647414547715,0.00020026059436121322,-0.000232208532628359,0.01024526204106167,0.009780843897386395,0.0027722412180054383,-4.295080490500586e-05,0.0029916117716410895,-0.007007620525845137,0.07200000000011642,1.5062436939050627e-05,0.3,0.45,2.0815260555229197e-05,2.1568329647314587e-05,0.0031956221587435382,13.422612950237525,0.024175598517774313,2,4.8599999999999995e-05,1
4780.51,4780.357454710666,4780.26234277071,4780.076970187886,59.73454936099418,0.08625933730127144,0.037809454203213605,0.04844988309805784,4779.73093687203,4780.22425,4780.717563127971,0.00020639748353663354,0.005977753031147174,0.004341861599921106,0.016296653034308117,0.003127203801522307,0.0002583113022687801,0.010564842505389471,0.012824544127210125,-0.068000000000211,1.4224221422609595e-05,0.6,0.45,2.2321398739399977e-05,2.4454810360707845e-05,0.0031481975747606546,24.281452710867086,1.6566970273238428,15,6.13e-05,0
4780.103,4780.121153387866,4780.171459069114,4780.091728668044,47.546451583328654,-0.029230334657768253,0.006685834595699425,-0.035916169253467675,4779.6763636092055,4780.172199999999,4780.668036390793,0.0002074554514138869,-0.0014476465931290152,0.011820590284195897,0.008925255183717926,0.003159860889048485,0.0003613762206001389,0.000606685168480503,-0.00993603702315049,-0.0029999999997016857,6.276011451644692e-07,0.2,0.4,2.0731439003585093e-05,2.1923993715344813e-05,0.003204205914566345,13.48221506645769,-0.45323094201027064,15,6.13e-05,0
4780.103,4780.121153387866,4780.171459069114,4780.091728668044,47.546451583328654,-0.029230334657768253,0.006685834595699425,-0.035916169253467675,4779.6763636092055,4780.172199999999,4780.668036390793,0.0002074554514138869,-0.0014476465931290152,0.011820590284195897,0.008925255183717926,0.003159860889048485,0.0003613762206001389,0.000606685168480503,-0.00993603702315049,-0.0029999999997016857,6.276011451644692e-07,0.2,0.4,2.0731439003585093e-05,2.1923993715344813e-05,0.003204205914566345,13.48221506645769,-0.45323094201027064,8,5.73e-05,0
4780.103,4780.121153387866,4780.171459069114,4780.091728668044,47.546451583328654,-0.029230334657768253,0.006685834595699425,-0.035916169253467675,4779.6763636092055,4780.172199999999,4780.668036390793,0.0002074554514138869,-0.0014476465931290152,0.011820590284195897,0.008925255183717926,0.003159860889048485,0.0003613762206001389,0.000606685168480503,-0.00993603702315049,-0.0029999999997016857,6.276011451644692e-07,0.2,0.4,2.0731439003585093e-05,2.1923993715344813e-05,0.003204205914566345,13.48221506645769,-0.45323094201027064,5,5.37e-05,0
4780.175,4780.131922710293,4780.171796300627,4780.0949942104735,50.09975916205504,-0.0245739794572728,0.00043387178510498076,-0.02500785124237778,4779.707458545228,4780.1861,4780.6647414547715,0.00020026059436121322,-0.000232208532628359,0.01024526204106167,0.009780843897386395,0.0027722412180054383,-4.295080490500586e-05,0.0029916117716410895,-0.007007620525845137,0.07200000000011642,1.5062436939050627e-05,0.3,0.45,2.0815260555229197e-05,2.1568329647314587e-05,0.0031956221587435382,13.422612950237525,0.024175598517774313,15,6.13e-05,0
4780.175,4780.131922710293,4780.171796300627,4780.0949942104735,50.09975916205504,-0.0245739794572728,0.00043387178510498076,-0.02500785124237778,4779.707458545228,4780.1861,4780.6647414547715,0.00020026059436121322,-0.000232208532628359,0.01024526204106167,0.009780843897386395,0.0027722412180054383,-4.295080490500586e-05,0.0029916117716410895,-0.007007620525845137,0.07200000000011642,1.5062436939050627e-05,0.3,0.45,2.0815260555229197e-05,2.1568329647314587e-05,0.0031956221587435382,13.422612950237525,0.024175598517774313,8,5.73e-05,0
4780.175,4780.131922710293,4780.171796300627,4780.0949942104735,50.09975916205504,-0.0245739794572728,0.00043387178510498076,-0.02500785124237778,4779.707458545228,4780.1861,4780.6647414547715,0.00020026059436121322,-0.000232208532628359,0.01024526204106167,0.009780843897386395,0.0027722412180054383,-4.295080490500586e-05,0.0029916117716410895,-0.007007620525845137,0.07200000000011642,1.5062436939050627e-05,0.3,0.45,2.0815260555229197e-05,2.1568329647314587e-05,0.0031956221587435382,13.422612950237525,0.024175598517774313,5,5.37e-05,0
4780.175,4780.131922710293,4780.171796300627,4780.0949942104735,50.09975916205504,-0.0245739794572728,0.00043387178510498076,-0.02500785124237778,4779.707458545228,4780.1861,4780.6647414547715,0.00020026059436121322,-0.000232208532628359,0.01024526204106167,0.009780843897386395,0.0027722412180054383,-4.295080490500586e-05,0.0029916117716410895,-0.007007620525845137,0.07200000000011642,1.5062436939050627e-05,0.3,0.45,2.0815260555229197e-05,2.1568329647314587e-05,0.0031956221587435382,13.422612950237525,0.024175598517774313,3,5.11e-05,0
4779.95,4780.028418175264,4780.087229450279,4780.093893900767,42.23919481327074,-0.052574244155039196,-0.029299821333615552,-0.023274422821423644,4779.847190132806,4780.1087,4780.370209867194,0.00010941586629359953,-0.0033200081830765363,0.008791093362775539,0.002150856540216581,0.0015528610464277236,-0.0007141931557599801,0.0002928909508481681,-0.006066641005475493,-0.0039999999999054126,8.36828136785428e-07,0.3,0.3,1.4309285087521495e-05,1.443481734736407e-05,0.0014074016716559674,18.088220287110506,-1.8487530603305735,5,5.37e-05,0
4779.95,4780.028418175264,4780.087229450279,4780.093893900767,42.23919481327074,-0.052574244155039196,-0.029299821333615552,-0.023274422821423644,4779.847190132806,4780.1087,4780.370209867194,0.00010941586629359953,-0.0033200081830765363,0.008791093362775539,0.002150856540216581,0.0015528610464277236,-0.0007141931557599801,0.0002928909508481681,-0.006066641005475493,-0.0039999999999054126,8.36828136785428e-07,0.3,0.3,1.4309285087521495e-05,1.443481734736407e-05,0.0014074016716559674,18.088220287110506,-1.8487530603305735,3,5.11e-05,0
4779.95,4780.028418175264,4780.087229450279,4780.093893900767,42.23919481327074,-0.052574244155039196,-0.029299821333615552,-0.023274422821423644,4779.847190132806,4780.1087,4780.370209867194,0.00010941586629359953,-0.0033200081830765363,0.008791093362775539,0.002150856540216581,0.0015528610464277236,-0.0007141931557599801,0.0002928909508481681,-0.006066641005475493,-0.0039999999999054126,8.36828136785428e-07,0.3,0.3,1.4309285087521495e-05,1.443481734736407e-05,0.0014074016716559674,18.088220287110506,-1.8487530603305735,2,4.8599999999999995e-05,0
4780.213,4780.056467632169,4780.089364697394,4780.094009710013,54.96180378070747,-0.03685345385747496,-0.03489774798687409,-0.001955705870600871,4779.83293029181,4780.1041,4780.375269708189,0.00011345765804117871,0.0022781930627865632,0.0033946125034458098,0.007950894828111095,0.0020530126905362023,-0.00011738708167928318,0.004518831287958491,-0.0014643484496756898,0.23999999999978172,5.020948863099228e-05,0.4,0.35,1.7656697418444445e-05,1.6401378165381565e-05,0.0023880389744779483,18.798547424618697,1.259838413756613,2,4.8599999999999995e-05,1
4780.213,4780.056467632169,4780.089364697394,4780.094009710013,54.96180378070747,-0.03685345385747496,-0.03489774798687409,-0.001955705870600871,4779.83293029181,4780.1041,4780.375269708189,0.00011345765804117871,0.0022781930627865632,0.0033946125034458098,0.007950894828111095,0.0020530126905362023,-0.00011738708167928318,0.004518831287958491,-0.0014643484496756898,0.23999999999978172,5.020948863099228e-05,0.4,0.35,1.7656697418444445e-05,1.6401378165381565e-05,0.0023880389744779483,18.798547424618697,1.259838413756613,3,5.11e-05,1
4780.413,4780.200055427671,4780.154721569962,4780.121442524921,61.50529665993778,0.02506451565932366,-0.015701271106612198,0.040765786765935855,4779.843413407545,4780.15475,4780.466086592454,0.00013026213950693071,0.005402544760708046,0.0011105022192590265,0.01191500802241293,0.0025031545040709556,0.000950293457643232,0.009686293789679112,0.00997921311081118,-0.006000000000312866,1.2551201056254513e-06,0.5,0.4,1.6715296398450707e-05,1.7478725855218925e-05,0.0029644084989152012,22.26652510534507,2.1585321782829876,2,4.8599999999999995e-05,1
4779.95,4780.028418175264,4780.087229450279,4780.093893900767,42.23919481327074,-0.052574244155039196,-0.029299821333615552,-0.023274422821423644,4779.847190132806,4780.1087,4780.370209867194,0.00010941586629359953,-0.0033200081830765363,0.008791093362775539,0.002150856540216581,0.0015528610464277236,-0.0007141931557599801,0.0002928909508481681,-0.006066641005475493,-0.0039999999999054126,8.36828136785428e-07,0.3,0.3,1.4309285087521495e-05,1.443481734736407e-05,0.0014074016716559674,18.088220287110506,-1.8487530603305735,15,6.13e-05,0
4779.95,4780.028418175264,4780.087229450279,4780.093893900767,42.23919481327074,-0.052574244155039196,-0.029299821333615552,-0.023274422821423644,4779.847190132806,4780.1087,4780.370209867194,0.00010941586629359953,-0.0033200081830765363,0.008791093362775539,0.002150856540216581,0.0015528610464277236,-0.0007141931557599801,0.0002928909508481681,-0.006066641005475493,-0.0039999999999054126,8.36828136785428e-07,0.3,0.3,1.4309285087521495e-05,1.443481734736407e-05,0.0014074016716559674,18.088220287110506,-1.8487530603305735,8,5.73e-05,0
4780.213,4780.056467632169,4780.089364697394,4780.094009710013,54.96180378070747,-0.03685345385747496,-0.03489774798687409,-0.001955705870600871,4779.83293029181,4780.1041,4780.375269708189,0.00011345765804117871,0.0022781930627865632,0.0033946125034458098,0.007950894828111095,0.0020530126905362023,-0.00011738708167928318,0.004518831287958491,-0.0014643484496756898,0.23999999999978172,5.020948863099228e-05,0.4,0.35,1.7656697418444445e-05,1.6401378165381565e-05,0.0023880389744779483,18.798547424618697,1.259838413756613,15,6.13e-05,0
4780.213,4780.056467632169,4780.089364697394,4780.094009710013,54.96180378070747,-0.03685345385747496,-0.03489774798687409,-0.001955705870600871,4779.83293029181,4780.1041,4780.375269708189,0.00011345765804117871,0.0022781930627865632,0.0033946125034458098,0.007950894828111095,0.0020530126905362023,-0.00011738708167928318,0.004518831287958491,-0.0014643484496756898,0.23999999999978172,5.020948863099228e-05,0.4,0.35,1.7656697418444445e-05,1.6401378165381565e-05,0.0023880389744779483,18.798547424618697,1.259838413756613,8,5.73e-05,0
4780.213,4780.056467632169,4780.089364697394,4780.094009710013,54.96180378070747,-0.03685345385747496,-0.03489774798687409,-0.001955705870600871,4779.83293029181,4780.1041,4780.375269708189,0.00011345765804117871,0.0022781930627865632,0.0033946125034458098,0.007950894828111095,0.0020530126905362023,-0.00011738708167928318,0.004518831287958491,-0.0014643484496756898,0.23999999999978172,5.020948863099228e-05,0.4,0.35,1.7656697418444445e-05,1.6401378165381565e-05,0.0023880389744779483,18.798547424618697,1.259838413756613,5,5.37e-05,0
4780.413,4780.200055427671,4780.154721569962,4780.121442524921,61.50529665993778,0.02506451565932366,-0.015701271106612198,0.040765786765935855,4779.843413407545,4780.15475,4780.466086592454,0.00013026213950693071,0.005402544760708046,0.0011105022192590265,0.01191500802241293,0.0025031545040709556,0.000950293457643232,0.009686293789679112,0.00997921311081118,-0.006000000000312866,1.2551201056254513e-06,0.5,0.4,1.6715296398450707e-05,1.7478725855218925e-05,0.0029644084989152012,22.26652510534507,2.1585321782829876,15,6.13e-05,0
4780.413,4780.200055427671,4780.154721569962,4780.121442524921,61.50529665993778,0.02506451565932366,-0.015701271106612198,0.040765786765935855,4779.843413407545,4780.15475,4780.466086592454,0.00013026213950693071,0.005402544760708046,0.0011105022192590265,0.01191500802241293,0.0025031545040709556,0.000950293457643232,0.009686293789679112,0.00997921311081118,-0.006000000000312866,1.2551201056254513e-06,0.5,0.4,1.6715296398450707e-05,1.7478725855218925e-05,0.0029644084989152012,22.26652510534507,2.1585321782829876,8,5.73e-05,0
4780.413,4780.200055427671,4780.154721569962,4780.121442524921,61.50529665993778,0.02506451565932366,-0.015701271106612198,0.040765786765935855,4779.843413407545,4780.15475,4780.466086592454,0.00013026213950693071,0.005402544760708046,0.0011105022192590265,0.01191500802241293,0.0025031545040709556,0.000950293457643232,0.009686293789679112,0.00997921311081118,-0.006000000000312866,1.2551201056254513e-06,0.5,0.4,1.6715296398450707e-05,1.7478725855218925e-05,0.0029644084989152012,22.26652510534507,2.1585321782829876,5,5.37e-05,0
4780.413,4780.200055427671,4780.154721569962,4780.121442524921,61.50529665993778,0.02506451565932366,-0.015701271106612198,0.040765786765935855,4779.843413407545,4780.15475,4780.466086592454,0.00013026213950693071,0.005402544760708046,0.0011105022192590265,0.01191500802241293,0.0025031545040709556,0.000950293457643232,0.009686293789679112,0.00997921311081118,-0.006000000000312866,1.2551201056254513e-06,0.5,0.4,1.6715296398450707e-05,1.7478725855218925e-05,0.0029644084989152012,22.26652510534507,2.1585321782829876,3,5.11e-05,0
4780.534,4780.30635547371,4780.21602831464,4780.149887544151,65.38219996585053,0.06672101673302677,0.010466018437788615,0.056254998295238154,4779.807067452948,4780.1763,4780.545532547052,0.0001544849076181475,0.007482987604443957,0.000241239724524734,0.015206095115138747,0.0024143964730433103,0.000361383782507108,0.0067151819385324885,0.011234316674246791,0.08699999999953434,1.8199134934393513e-05,0.6,0.4,1.5878223867060726e-05,1.51564653924241e-05,0.002412098489129181,20.73711265378144,2.755068092170691,15,6.13e-05,0
4780.534,4780.30635547371,4780.21602831464,4780.149887544151,65.38219996585053,0.06672101673302677,0.010466018437788615,0.056254998295238154,4779.807067452948,4780.1763,4780.545532547052,0.0001544849076181475,0.007482987604443957,0.000241239724524734,0.015206095115138747,0.0024143964730433103,0.000361383782507108,0.0067151819385324885,0.011234316674246791,0.08699999999953434,1.8199134934393513e-05,0.6,0.4,1.5878223867060726e-05,1.51564653924241e-05,0.002412098489129181,20.73711265378144,2.755068092170691,8,5.73e-05,0
4780.534,4780.30635547371,4780.21602831464,4780.149887544151,65.38219996585053,0.06672101673302677,0.010466018437788615,0.056254998295238154,4779.807067452948,4780.1763,4780.545532547052,0.0001544849076181475,0.007482987604443957,0.000241239724524734,0.015206095115138747,0.0024143964730433103,0.000361383782507108,0.0067151819385324885,0.011234316674246791,0.08699999999953434,1.8199134934393513e-05,0.6,0.4,1.5878223867060726e-05,1.51564653924241e-05,0.002412098489129181,20.73711265378144,2.755068092170691,5,5.37e-05,0
4780.534,4780.30635547371,4780.21602831464,4780.149887544151,65.38219996585053,0.06672101673302677,0.010466018437788615,0.056254998295238154,4779.807067452948,4780.1763,4780.545532547052,0.0001544849076181475,0.007482987604443957,0.000241239724524734,0.015206095115138747,0.0024143964730433103,0.000361383782507108,0.0067151819385324885,0.011234316674246791,0.08699999999953434,1.8199134934393513e-05,0.6,0.4,1.5878223867060726e-05,1.51564653924241e-05,0.002412098489129181,20.73711265378144,2.755068092170691,3,5.11e-05,0
4780.534,4780.30635547371,4780.21602831464,4780.149887544151,65.38219996585053,0.06672101673302677,0.010466018437788615,0.056254998295238154,4779.807067452948,4780.1763,4780.545532547052,0.0001544849076181475,0.007482987604443957,0.000241239724524734,0.015206095115138747,0.0024143964730433103,0.000361383782507108,0.0067151819385324885,0.011234316674246791,0.08699999999953434,1.8199134934393513e-05,0.6,0.4,1.5878223867060726e-05,1.51564653924241e-05,0.002412098489129181,20.73711265378144,2.755068092170691,2,4.8599999999999995e-05,0
4780.092,4780.30280600254,4780.241550827137,4780.169331129669,44.91481493128976,0.05811804443055735,0.03994432730284797,0.018173717127709377,4779.782668286795,4780.1871,4780.591531713205,0.0001692116667168773,-0.0019894618769306523,0.010450253116576314,0.006471250201968941,0.0029661509180383956,0.00046299641396744,-0.006714900992865758,0.002970742371788404,-0.342000000000553,7.154162153488741e-05,0.5,0.4,2.359701436487338e-05,1.8953149726197437e-05,0.0034984871986171702,19.010277372171778,-1.0547407677173795,2,4.8599999999999995e-05,1
4780.092,4780.30280600254,4780.241550827137,4780.169331129669,44.91481493128976,0.05811804443055735,0.03994432730284797,0.018173717127709377,4779.782668286795,4780.1871,4780.591531713205,0.0001692116667168773,-0.0019894618769306523,0.010450253116576314,0.006471250201968941,0.0029661509180383956,0.00046299641396744,-0.006714900992865758,0.002970742371788404,-0.342000000000553,7.154162153488741e-05,0.5,0.4,2.359701436487338e-05,1.8953149726197437e-05,0.0034984871986171702,19.010277372171778,-1.0547407677173795,3,5.11e-05,1
4780.012,4780.174275841627,4780.187069951466,4780.15161939344,44.04536795044062,0.0024711837413633475,0.02931978891315328,-0.026848605171789934,4779.724845413768,4780.1562,4780.587554586233,0.00018047719287180345,-0.003016637824526265,0.012040860697274629,0.0060074030406563035,0.003350520613283556,0.0009361241402402456,-0.0109192822391746,-0.0042048335503031,0.14899999999943248,3.117244155315113e-05,0.4,0.4,2.600283584880403e-05,2.1829766633624236e-05,0.0039679562418193795,18.05484195384357,-1.093086232473667,2,4.8599999999999995e-05,1
4780.012,4780.174275841627,4780.187069951466,4780.15161939344,44.04536795044062,0.0024711837413633475,0.02931978891315328,-0.026848605171789934,4779.724845413768,4780.1562,4780.587554586233,0.00018047719287180345,-0.003016637824526265,0.012040860697274629,0.0060074030406563035,0.003350520613283556,0.0009361241402402456,-0.0109192822391746,-0.0042048335503031,0.14899999999943248,3.117244155315113e-05,0.4,0.4,2.600283584880403e-05,2.1829766633624236e-05,0.0039679562418193795,18.05484195384357,-1.093086232473667,3,5.11e-05,1
4779.894,4780.118220673302,4780.159158527516,4780.141516672129,40.6975445622894,-0.021003081091294007,0.019255214912263827,-0.040258296003557834,4779.695146860485,4780.14185,4780.588553139515,0.00018689953291456968,-0.005184992575058079,0.014530722637676427,0.004160199776719935,0.003403020128603936,0.0011430327787411965,-0.011714368551596355,-0.005732016113224603,-0.11799999999948341,2.468613049499968e-05,0.4,0.4,2.7530068252712424e-05,2.199719071646622e-05,0.003958306911935939,17.627676383215352,-1.630041733722967,2,4.8599999999999995e-05,1
4780.092,4780.30280600254,4780.241550827137,4780.169331129669,44.91481493128976,0.05811804443055735,0.03994432730284797,0.018173717127709377,4779.782668286795,4780.1871,4780.591531713205,0.0001692116667168773,-0.0019894618769306523,0.010450253116576314,0.006471250201968941,0.0029661509180383956,0.00046299641396744,-0.006714900992865758,0.002970742371788404,-0.342000000000553,7.154162153488741e-05,0.5,0.4,2.359701436487338e-05,1.8953149726197437e-05,0.0034984871986171702,19.010277372171778,-1.0547407677173795,5,5.37e-05,1
4779.894,4780.118220673302,4780.159158527516,4780.141516672129,40.6975445622894,-0.021003081091294007,0.019255214912263827,-0.040258296003557834,4779.695146860485,4780.14185,4780.588553139515,0.00018689953291456968,-0.005184992575058079,0.014530722637676427,0.004160199776719935,0.003403020128603936,0.0011430327787411965,-0.011714368551596355,-0.005732016113224603,-0.11799999999948341,2.468613049499968e-05,0.4,0.4,2.7530068252712424e-05,2.199719071646622e-05,0.003958306911935939,17.627676383215352,-1.630041733722967,3,5.11e-05,1
4779.93,4780.080576538642,4780.137333905848,4780.133221900674,42.14241133258887,-0.03628345289871504,0.008147481350068054,-0.0444309342487831,4779.682999768016,4780.137,4780.591000231983,0.00018995281180586565,-0.004330419818499453,0.013828659247793435,0.005167444543836466,0.0034104735616319287,0.0012461535547551423,-0.010542975805127863,-0.010229228860469952,0.03600000000005821,7.531547770778246e-06,0.4,0.45,2.303236155378752e-05,2.0762950439318084e-05,0.004131587759698691,17.231022639060576,-1.271789596058468,2,4.8599999999999995e-05,1
4780.012,4780.174275841627,4780.187069951466,4780.15161939344,44.04536795044062,0.0024711837413633475,0.02931978891315328,-0.026848605171789934,4779.724845413768,4780.1562,4780.587554586233,0.00018047719287180345,-0.003016637824526265,0.012040860697274629,0.0060074030406563035,0.003350520613283556,0.0009361241402402456,-0.0109192822391746,-0.0042048335503031,0.14899999999943248,3.117244155315113e-05,0.4,0.4,2.600283584880403e-05,2.1829766633624236e-05,0.0039679562418193795,18.05484195384357,-1.093086232473667,5,5.37e-05,1
4779.93,4780.080576538642,4780.137333905848,4780.133221900674,42.14241133258887,-0.03628345289871504,0.008147481350068054,-0.0444309342487831,4779.682999768016,4780.137,4780.591000231983,0.00018995281180586565,-0.004330419818499453,0.013828659247793435,0.005167444543836466,0.0034104735616319287,0.0012461535547551423,-0.010542975805127863,-0.010229228860469952,0.03600000000005821,7.531547770778246e-06,0.4,0.45,2.303236155378752e-05,2.0762950439318084e-05,0.004131587759698691,17.231022639060576,-1.271789596058468,3,5.11e-05,1
4779.721,4779.884360760183,4780.000078780358,4780.070667007399,38.40062278857143,-0.10348179654010892,-0.05728178322593314,-0.046200013314175774,4779.535702779541,4780.0867,4780.637697220459,0.00023053858854027345,-0.007650488849925842,0.019178885555440475,0.0038767371664324888,0.0029739171886856747,-0.000436556372946254,-0.004372448968936737,-0.014914963787815427,-0.13000000000010914,2.7197500507836203e-05,0.4,0.45,2.9100104201662536e-05,2.281331961336286e-05,0.002683957451903069,15.634372283773516,-1.9632248451065057,2,4.8599999999999995e-05,1
4779.894,4780.118220673302,4780.159158527516,4780.141516672129,40.6975445622894,-0.021003081091294007,0.019255214912263827,-0.040258296003557834,4779.695146860485,4780.14185,4780.588553139515,0.00018689953291456968,-0.005184992575058079,0.014530722637676427,0.004160199776719935,0.003403020128603936,0.0011430327787411965,-0.011714368551596355,-0.005732016113224603,-0.11799999999948341,2.468613049499968e-05,0.4,0.4,2.7530068252712424e-05,2.199719071646622e-05,0.003958306911935939,17.627676383215352,-1.630041733722967,5,5.37e-05,1
4779.721,4779.884360760183,4780.000078780358,4780.070667007399,38.40062278857143,-0.10348179654010892,-0.05728178322593314,-0.046200013314175774,4779.535702779541,4780.0867,4780.637697220459,0.00023053858854027345,-0.007650488849925842,0.019178885555440475,0.0038767371664324888,0.0029739171886856747,-0.000436556372946254,-0.004372448968936737,-0.014914963787815427,-0.13000000000010914,2.7197500507836203e-05,0.4,0.45,2.9100104201662536e-05,2.281331961336286e-05,0.002683957451903069,15.634372283773516,-1.9632248451065057,3,5.11e-05,1
4779.701,4779.847688608146,4779.97159508699,4780.056170262011,37.84155215378571,-0.11389067267737119,-0.06860356111622076,-0.04528711156115042,4779.499506533102,4780.07425,4780.648993466897,0.00024047470262513875,-0.007808456113409609,0.019833739953546467,0.0042156081917628955,0.0029380302493278183,-0.0006563563176120806,-0.00043935609643774853,-0.008179758883297694,-0.019999999999527063,4.1843446509926e-06,0.4,0.45,2.2364376513273055e-05,2.2980695439073218e-05,0.001860023489200925,15.380097403864584,-1.9268075014201687,2,4.8599999999999995e-05,1
4780.092,4780.30280600254,4780.241550827137,4780.169331129669,44.91481493128976,0.05811804443055735,0.03994432730284797,0.018173717127709377,4779.782668286795,4780.1871,4780.591531713205,0.0001692116667168773,-0.0019894618769306523,0.010450253116576314,0.006471250201968941,0.0029661509180383956,0.00046299641396744,-0.006714900992865758,0.002970742371788404,-0.342000000000553,7.154162153488741e-05,0.5,0.4,2.359701436487338e-05,1.8953149726197437e-05,0.0034984871986171702,19.010277372171778,-1.0547407677173795,15,6.13e-05,0
4780.092,4780.30280600254,4780.241550827137,4780.169331129669,44.91481493128976,0.05811804443055735,0.03994432730284797,0.018173717127709377,4779.782668286795,4780.1871,4780.591531713205,0.0001692116667168773,-0.0019894618769306523,0.010450253116576314,0.006471250201968941,0.0029661509180383956,0.00046299641396744,-0.006714900992865758,0.002970742371788404,-0.342000000000553,7.154162153488741e-05,0.5,0.4,2.359701436487338e-05,1.8953149726197437e-05,0.0034984871986171702,19.010277372171778,-1.0547407677173795,8,5.73e-05,0
4780.012,4780.174275841627,4780.187069951466,4780.15161939344,44.04536795044062,0.0024711837413633475,0.02931978891315328,-0.026848605171789934,4779.724845413768,4780.1562,4780.587554586233,0.00018047719287180345,-0.003016637824526265,0.012040860697274629,0.0060074030406563035,0.003350520613283556,0.0009361241402402456,-0.0109192822391746,-0.0042048335503031,0.14899999999943248,3.117244155315113e-05,0.4,0.4,2.600283584880403e-05,2.1829766633624236e-05,0.0039679562418193795,18.05484195384357,-1.093086232473667,15,6.13e-05,0
4780.012,4780.174275841627,4780.187069951466,4780.15161939344,44.04536795044062,0.0024711837413633475,0.02931978891315328,-0.026848605171789934,4779.724845413768,4780.1562,4780.587554586233,0.00018047719287180345,-0.003016637824526265,0.012040860697274629,0.0060074030406563035,0.003350520613283556,0.0009361241402402456,-0.0109192822391746,-0.0042048335503031,0.14899999999943248,3.117244155315113e-05,0.4,0.4,2.600283584880403e-05,2.1829766633624236e-05,0.0039679562418193795,18.05484195384357,-1.093086232473667,8,5.73e-05,0
4779.894,4780.118220673302,4780.159158527516,4780.141516672129,40.6975445622894,-0.021003081091294007,0.019255214912263827,-0.040258296003557834,4779.695146860485,4780.14185,4780.588553139515,0.00018689953291456968,-0.005184992575058079,0.014530722637676427,0.004160199776719935,0.003403020128603936,0.0011430327787411965,-0.011714368551596355,-0.005732016113224603,-0.11799999999948341,2.468613049499968e-05,0.4,0.4,2.7530068252712424e-05,2.199719071646622e-05,0.003958306911935939,17.627676383215352,-1.630041733722967,15,6.13e-05,0
4779.894,4780.118220673302,4780.159158527516,4780.141516672129,40.6975445622894,-0.021003081091294007,0.019255214912263827,-0.040258296003557834,4779.695146860485,4780.14185,4780.588553139515,0.00018689953291456968,-0.005184992575058079,0.014530722637676427,0.004160199776719935,0.003403020128603936,0.0011430327787411965,-0.011714368551596355,-0.005732016113224603,-0.11799999999948341,2.468613049499968e-05,0.4,0.4,2.7530068252712424e-05,2.199719071646622e-05,0.003958306911935939,17.627676383215352,-1.630041733722967,8,5.73e-05,0
4779.93,4780.080576538642,4780.137333905848,4780.133221900674,42.14241133258887,-0.03628345289871504,0.008147481350068054,-0.0444309342487831,4779.682999768016,4780.137,4780.591000231983,0.00018995281180586565,-0.004330419818499453,0.013828659247793435,0.005167444543836466,0.0034104735616319287,0.0012461535547551423,-0.010542975805127863,-0.010229228860469952,0.03600000000005821,7.531547770778246e-06,0.4,0.45,2.303236155378752e-05,2.0762950439318084e-05,0.004131587759698691,17.231022639060576,-1.271789596058468,15,6.13e-05,0
4779.93,4780.080576538642,4780.137333905848,4780.133221900674,42.14241133258887,-0.03628345289871504,0.008147481350068054,-0.0444309342487831,4779.682999768016,4780.137,4780.591000231983,0.00018995281180586565,-0.004330419818499453,0.013828659247793435,0.005167444543836466,0.0034104735616319287,0.0012461535547551423,-0.010542975805127863,-0.010229228860469952,0.03600000000005821,7.531547770778246e-06,0.4,0.45,2.303236155378752e-05,2.0762950439318084e-05,0.004131587759698691,17.231022639060576,-1.271789596058468,8,5.73e-05,0
4779.93,4780.080576538642,4780.137333905848,4780.133221900674,42.14241133258887,-0.03628345289871504,0.008147481350068054,-0.0444309342487831,4779.682999768016,4780.137,4780.591000231983,0.00018995281180586565,-0.004330419818499453,0.013828659247793435,0.005167444543836466,0.0034104735616319287,0.0012461535547551423,-0.010542975805127863,-0.010229228860469952,0.03600000000005821,7.531547770778246e-06,0.4,0.45,2.303236155378752e-05,2.0762950439318084e-05,0.004131587759698691,17.231022639060576,-1.271789596058468,5,5.37e-05,0
4779.721,4779.884360760183,4780.000078780358,4780.070667007399,38.40062278857143,-0.10348179654010892,-0.05728178322593314,-0.046200013314175774,4779.535702779541,4780.0867,4780.637697220459,0.00023053858854027345,-0.007650488849925842,0.019178885555440475,0.0038767371664324888,0.0029739171886856747,-0.000436556372946254,-0.004372448968936737,-0.014914963787815427,-0.13000000000010914,2.7197500507836203e-05,0.4,0.45,2.9100104201662536e-05,2.281331961336286e-05,0.002683957451903069,15.634372283773516,-1.9632248451065057,15,6.13e-05,0
4779.721,4779.884360760183,4780.000078780358,4780.070667007399,38.40062278857143,-0.10348179654010892,-0.05728178322593314,-0.046200013314175774,4779.535702779541,4780.0867,4780.637697220459,0.00023053858854027345,-0.007650488849925842,0.019178885555440475,0.0038767371664324888,0.0029739171886856747,-0.000436556372946254,-0.004372448968936737,-0.014914963787815427,-0.13000000000010914,2.7197500507836203e-05,0.4,0.45,2.9100104201662536e-05,2.281331961336286e-05,0.002683957451903069,15.634372283773516,-1.9632248451065057,8,5.73e-05,0
4779.721,4779.884360760183,4780.000078780358,4780.070667007399,38.40062278857143,-0.10348179654010892,-0.05728178322593314,-0.046200013314175774,4779.535702779541,4780.0867,4780.637697220459,0.00023053858854027345,-0.007650488849925842,0.019178885555440475,0.0038767371664324888,0.0029739171886856747,-0.000436556372946254,-0.004372448968936737,-0.014914963787815427,-0.13000000000010914,2.7197500507836203e-05,0.4,0.45,2.9100104201662536e-05,2.281331961336286e-05,0.002683957451903069,15.634372283773516,-1.9632248451065057,5,5.37e-05,0
4779.701,4779.847688608146,4779.97159508699,4780.056170262011,37.84155215378571,-0.11389067267737119,-0.06860356111622076,-0.04528711156115042,4779.499506533102,4780.07425,4780.648993466897,0.00024047470262513875,-0.007808456113409609,0.019833739953546467,0.0042156081917628955,0.0029380302493278183,-0.0006563563176120806,-0.00043935609643774853,-0.008179758883297694,-0.019999999999527063,4.1843446509926e-06,0.4,0.45,2.2364376513273055e-05,2.2980695439073218e-05,0.001860023489200925,15.380097403864584,-1.9268075014201687,15,6.13e-05,0
4779.701,4779.847688608146,4779.97159508699,4780.056170262011,37.84155215378571,-0.11389067267737119,-0.06860356111622076,-0.04528711156115042,4779.499506533102,4780.07425,4780.648993466897,0.00024047470262513875,-0.007808456113409609,0.019833739953546467,0.0042156081917628955,0.0029380302493278183,-0.0006563563176120806,-0.00043935609643774853,-0.008179758883297694,-0.019999999999527063,4.1843446509926e-06,0.4,0.45,2.2364376513273055e-05,2.2980695439073218e-05,0.001860023489200925,15.380097403864584,-1.9268075014201687,8,5.73e-05,0
4779.701,4779.847688608146,4779.97159508699,4780.056170262011,37.84155215378571,-0.11389067267737119,-0.06860356111622076,-0.04528711156115042,4779.499506533102,4780.07425,4780.648993466897,0.00024047470262513875,-0.007808456113409609,0.019833739953546467,0.0042156081917628955,0.0029380302493278183,-0.0006563563176120806,-0.00043935609643774853,-0.008179758883297694,-0.019999999999527063,4.1843446509926e-06,0.4,0.45,2.2364376513273055e-05,2.2980695439073218e-05,0.001860023489200925,15.380097403864584,-1.9268075014201687,5,5.37e-05,0
4779.701,4779.847688608146,4779.97159508699,4780.056170262011,37.84155215378571,-0.11389067267737119,-0.06860356111622076,-0.04528711156115042,4779.499506533102,4780.07425,4780.648993466897,0.00024047470262513875,-0.007808456113409609,0.019833739953546467,0.0042156081917628955,0.0029380302493278183,-0.0006563563176120806,-0.00043935609643774853,-0.008179758883297694,-0.019999999999527063,4.1843446509926e-06,0.4,0.45,2.2364376513273055e-05,2.2980695439073218e-05,0.001860023489200925,15.380097403864584,-1.9268075014201687,3,5.11e-05,0
4779.891,4779.840240709214,4779.944566499782,4780.0380441365205,46.305536301043425,-0.1067544299949077,-0.08398970271191572,-0.022764727282991976,4779.45475780403,4780.046850000001,4780.638942195971,0.00024773489237684283,-0.0032604282947772756,0.015647683095106526,0.009126613890766515,0.0030833918279739927,-0.00028152569630407074,0.0003138156722037877,-0.002531374398229147,0.14399999999932334,3.0127117606637555e-05,0.5,0.45,1.8431544642338872e-05,2.221719024557145e-05,0.002111198067702229,14.604143569105961,-0.363447505032352,15,6.13e-05,0
4779.891,4779.840240709214,4779.944566499782,4780.0380441365205,46.305536301043425,-0.1067544299949077,-0.08398970271191572,-0.022764727282991976,4779.45475780403,4780.046850000001,4780.638942195971,0.00024773489237684283,-0.0032604282947772756,0.015647683095106526,0.009126613890766515,0.0030833918279739927,-0.00028152569630407074,0.0003138156722037877,-0.002531374398229147,0.14399999999932334,3.0127117606637555e-05,0.5,0.45,1.8431544642338872e-05,2.221719024557145e-05,0.002111198067702229,14.604143569105961,-0.363447505032352,8,5.73e-05,0
4779.891,4779.840240709214,4779.944566499782,4780.0380441365205,46.305536301043425,-0.1067544299949077,-0.08398970271191572,-0.022764727282991976,4779.45475780403,4780.046850000001,4780.638942195971,0.00024773489237684283,-0.0032604282947772756,0.015647683095106526,0.009126613890766515,0.0030833918279739927,-0.00028152569630407074,0.0003138156722037877,-0.002531374398229147,0.14399999999932334,3.0127117606637555e-05,0.5,0.45,1.8431544642338872e-05,2.221719024557145e-05,0.002111198067702229,14.604143569105961,-0.363447505032352,5,5.37e-05,0
4779.891,4779.840240709214,4779.944566499782,4780.0380441365205,46.305536301043425,-0.1067544299949077,-0.08398970271191572,-0.022764727282991976,4779.45475780403,4780.046850000001,4780.638942195971,0.00024773489237684283,-0.0032604282947772756,0.015647683095106526,0.009126613890766515,0.0030833918279739927,-0.00028152569630407074,0.0003138156722037877,-0.002531374398229147,0.14399999999932334,3.0127117606637555e-05,0.5,0.45,1.8431544642338872e-05,2.221719024557145e-05,0.002111198067702229,14.604143569105961,-0.363447505032352,3,5.11e-05,0
4779.891,4779.840240709214,4779.944566499782,4780.0380441365205,46.305536301043425,-0.1067544299949077,-0.08398970271191572,-0.022764727282991976,4779.45475780403,4780.046850000001,4780.638942195971,0.00024773489237684283,-0.0032604282947772756,0.015647683095106526,0.009126613890766515,0.0030833918279739927,-0.00028152569630407074,0.0003138156722037877,-0.002531374398229147,0.14399999999932334,3.0127117606637555e-05,0.5,0.45,1.8431544642338872e-05,2.221719024557145e-05,0.002111198067702229,14.604143569105961,-0.363447505032352,2,4.8599999999999995e-05,0
4779.929,4779.857992567372,4779.943083975993,4780.033767895873,47.8615851818452,-0.09441796711962525,-0.08607535559345764,-0.00834261152616761,4779.443456128835,4780.034900000001,4780.626343871166,0.00024746424808120583,-0.002215464995882653,0.0145890006141448,0.01015797245450166,0.003113101628056978,0.00017165624043514105,0.0016318500304812744,0.0007322338110293813,0.03800000000046566,7.949972081089385e-06,0.6,0.5,1.675792880094784e-05,2.2143998526830134e-05,0.002102032523755247,13.776038330848408,-0.09464752290078574,15,6.13e-05,0
4779.929,4779.857992567372,4779.943083975993,4780.033767895873,47.8615851818452,-0.09441796711962525,-0.08607535559345764,-0.00834261152616761,4779.443456128835,4780.034900000001,4780.626343871166,0.00024746424808120583,-0.002215464995882653,0.0145890006141448,0.01015797245450166,0.003113101628056978,0.00017165624043514105,0.0016318500304812744,0.0007322338110293813,0.03800000000046566,7.949972081089385e-06,0.6,0.5,1.675792880094784e-05,2.2143998526830134e-05,0.002102032523755247,13.776038330848408,-0.09464752290078574,8,5.73e-05,0
4779.929,4779.857992567372,4779.943083975993,4780.033767895873,47.8615851818452,-0.09441796711962525,-0.08607535559345764,-0.00834261152616761,4779.443456128835,4780.034900000001,4780.626343871166,0.00024746424808120583,-0.002215464995882653,0.0145890006141448,0.01015797245450166,0.003113101628056978,0.00017165624043514105,0.0016318500304812744,0.0007322338110293813,0.03800000000046566,7.949972081089385e-06,0.6,0.5,1.675792880094784e-05,2.2143998526830134e-05,0.002102032523755247,13.776038330848408,-0.09464752290078574,5,5.37e-05,0
4779.929,4779.857992567372,4779.943083975993,4780.033767895873,47.8615851818452,-0.09441796711962525,-0.08607535559345764,-0.00834261152616761,4779.443456128835,4780.034900000001,4780.626343871166,0.00024746424808120583,-0.002215464995882653,0.0145890006141448,0.01015797245450166,0.003113101628056978,0.00017165624043514105,0.0016318500304812744,0.0007322338110293813,0.03800000000046566,7.949972081089385e-06,0.6,0.5,1.675792880094784e-05,2.2143998526830134e-05,0.002102032523755247,13.776038330848408,-0.09464752290078574,3,5.11e-05,0
4779.929,4779.857992567372,4779.943083975993,4780.033767895873,47.8615851818452,-0.09441796711962525,-0.08607535559345764,-0.00834261152616761,4779.443456128835,4780.034900000001,4780.626343871166,0.00024746424808120583,-0.002215464995882653,0.0145890006141448,0.01015797245450166,0.003113101628056978,0.00017165624043514105,0.0016318500304812744,0.0007322338110293813,0.03800000000046566,7.949972081089385e-06,0.6,0.5,1.675792880094784e-05,2.2143998526830134e-05,0.002102032523755247,13.776038330848408,-0.09464752290078574,2,4.8599999999999995e-05,0
4779.009,4779.329165957491,4779.5323622962505,4779.788525734329,28.21661741244999,-0.21566804875874368,-0.17367619790860198,-0.041991850850141704,4779.063566902047,4779.5726,4780.081633097954,0.00021300360536578568,-0.01179184933816898,0.022444676248865973,-0.0011418037096528764,0.002603930739368934,0.0001912720876876277,-0.005963223856908506,-0.013180911780164006,-0.15999999999985448,3.347862358493714e-05,0.3,0.4,2.368484578662011e-05,2.0702585572052178e-05,0.002703913618005475,7.434645432928322,-4.205209116098178,5,5.37e-05,0
4779.009,4779.329165957491,4779.5323622962505,4779.788525734329,28.21661741244999,-0.21566804875874368,-0.17367619790860198,-0.041991850850141704,4779.063566902047,4779.5726,4780.081633097954,0.00021300360536578568,-0.01179184933816898,0.022444676248865973,-0.0011418037096528764,0.002603930739368934,0.0001912720876876277,-0.005963223856908506,-0.013180911780164006,-0.15999999999985448,3.347862358493714e-05,0.3,0.4,2.368484578662011e-05,2.0702585572052178e-05,0.002703913618005475,7.434645432928322,-4.205209116098178,3,5.11e-05,0
4779.009,4779.329165957491,4779.5323622962505,4779.788525734329,28.21661741244999,-0.21566804875874368,-0.17367619790860198,-0.041991850850141704,4779.063566902047,4779.5726,4780.081633097954,0.00021300360536578568,-0.01179184933816898,0.022444676248865973,-0.0011418037096528764,0.002603930739368934,0.0001912720876876277,-0.005963223856908506,-0.013180911780164006,-0.15999999999985448,3.347862358493714e-05,0.3,0.4,2.368484578662011e-05,2.0702585572052178e-05,0.002703913618005475,7.434645432928322,-4.205209116098178,2,4.8599999999999995e-05,0
4779.278,4779.175424776189,4779.37356331369,4779.6782133157285,43.16558938520457,-0.22936199351170217,-0.21353988772774327,-0.0158221057839589,4778.810909003102,4779.4192,4780.027490996898,0.0002545459903990747,-0.0029543338655045404,0.01568209668695152,0.009773254389013372,0.002836187389464767,0.0002634808758312816,0.0022807312317407735,-0.003117528523799429,0.2899999999999636,6.0682303449910435e-05,0.5,0.45,2.3539534265337726e-05,2.212603684309533e-05,0.003584742808093659,9.628205385757695,-0.7049938070246423,2,4.8599999999999995e-05,1
4779.278,4779.175424776189,4779.37356331369,4779.6782133157285,43.16558938520457,-0.22936199351170217,-0.21353988772774327,-0.0158221057839589,4778.810909003102,4779.4192,4780.027490996898,0.0002545459903990747,-0.0029543338655045404,0.01568209668695152,0.009773254389013372,0.002836187389464767,0.0002634808758312816,0.0022807312317407735,-0.003117528523799429,0.2899999999999636,6.0682303449910435e-05,0.5,0.45,2.3539534265337726e-05,2.212603684309533e-05,0.003584742808093659,9.628205385757695,-0.7049938070246423,3,5.11e-05,1
4779.278,4779.175424776189,4779.37356331369,4779.6782133157285,43.16558938520457,-0.22936199351170217,-0.21353988772774327,-0.0158221057839589,4778.810909003102,4779.4192,4780.027490996898,0.0002545459903990747,-0.0029543338655045404,0.01568209668695152,0.009773254389013372,0.002836187389464767,0.0002634808758312816,0.0022807312317407735,-0.003117528523799429,0.2899999999999636,6.0682303449910435e-05,0.5,0.45,2.3539534265337726e-05,2.212603684309533e-05,0.003584742808093659,9.628205385757695,-0.7049938070246423,5,5.37e-05,1
4779.009,4779.329165957491,4779.5323622962505,4779.788525734329,28.21661741244999,-0.21566804875874368,-0.17367619790860198,-0.041991850850141704,4779.063566902047,4779.5726,4780.081633097954,0.00021300360536578568,-0.01179184933816898,0.022444676248865973,-0.0011418037096528764,0.002603930739368934,0.0001912720876876277,-0.005963223856908506,-0.013180911780164006,-0.15999999999985448,3.347862358493714e-05,0.3,0.4,2.368484578662011e-05,2.0702585572052178e-05,0.002703913618005475,7.434645432928322,-4.205209116098178,8,5.73e-05,1
4779.278,4779.175424776189,4779.37356331369,4779.6782133157285,43.16558938520457,-0.22936199351170217,-0.21353988772774327,-0.0158221057839589,4778.810909003102,4779.4192,4780.027490996898,0.0002545459903990747,-0.0029543338655045404,0.01568209668695152,0.009773254389013372,0.002836187389464767,0.0002634808758312816,0.0022807312317407735,-0.003117528523799429,0.2899999999999636,6.0682303449910435e-05,0.5,0.45,2.3539534265337726e-05,2.212603684309533e-05,0.003584742808093659,9.628205385757695,-0.7049938070246423,8,5.73e-05,1
4779.009,4779.329165957491,4779.5323622962505,4779.788525734329,28.21661741244999,-0.21566804875874368,-0.17367619790860198,-0.041991850850141704,4779.063566902047,4779.5726,4780.081633097954,0.00021300360536578568,-0.01179184933816898,0.022444676248865973,-0.0011418037096528764,0.002603930739368934,0.0001912720876876277,-0.005963223856908506,-0.013180911780164006,-0.15999999999985448,3.347862358493714e-05,0.3,0.4,2.368484578662011e-05,2.0702585572052178e-05,0.002703913618005475,7.434645432928322,-4.205209116098178,15,6.13e-05,1
4779.915,4779.832108282103,4779.686177746044,4779.6495375412005,63.94509717807943,0.13309562402628217,0.08761909086438144,0.04547653316190073,4779.077201990966,4779.607999999999,4780.138798009032,0.00022210943200064875,0.006423120891937132,0.0046820499743652315,0.017527466681595317,0.001791376519634801,-0.0003446169114413634,0.0016109332575675595,0.006276656174186712,-0.027000000000043656,5.648604104457888e-06,0.7,0.6,1.0837451410472542e-05,1.5869911240373736e-05,0.0005078655521621795,19.97345064639999,2.6724648322621927,2,4.8599999999999995e-05,1
4779.278,4779.175424776189,4779.37356331369,4779.6782133157285,43.16558938520457,-0.22936199351170217,-0.21353988772774327,-0.0158221057839589,4778.810909003102,4779.4192,4780.027490996898,0.0002545459903990747,-0.0029543338655045404,0.01568209668695152,0.009773254389013372,0.002836187389464767,0.0002634808758312816,0.0022807312317407735,-0.003117528523799429,0.2899999999999636,6.0682303449910435e-05,0.5,0.45,2.3539534265337726e-05,2.212603684309533e-05,0.003584742808093659,9.628205385757695,-0.7049938070246423,15,6.13e-05,1
4779.915,4779.832108282103,4779.686177746044,4779.6495375412005,63.94509717807943,0.13309562402628217,0.08761909086438144,0.04547653316190073,4779.077201990966,4779.607999999999,4780.138798009032,0.00022210943200064875,0.006423120891937132,0.0046820499743652315,0.017527466681595317,0.001791376519634801,-0.0003446169114413634,0.0016109332575675595,0.006276656174186712,-0.027000000000043656,5.648604104457888e-06,0.7,0.6,1.0837451410472542e-05,1.5869911240373736e-05,0.0005078655521621795,19.97345064639999,2.6724648322621927,3,5.11e-05,1
4780.096,4779.904549300546,4779.748372259232,4779.678555031303,69.92816203263872,0.14968725872131472,0.10792840286677488,0.04175885585453984,4779.171167139818,4779.68825,4780.205332860182,0.00021636677253258075,0.008530891109883497,0.0022872523937344236,0.019347579215597255,0.001524327538849224,-0.0005163857501105957,0.004288800727891839,0.006590260097683043,0.14099999999962165,2.9498185652343523e-05,0.8,0.7,1.0063046268427022e-05,1.5890592746431452e-05,0.0012892140390248009,20.405595368569735,4.771238170689537,2,4.8599999999999995e-05,1
4780.096,4779.904549300546,4779.748372259232,4779.678555031303,69.92816203263872,0.14968725872131472,0.10792840286677488,0.04175885585453984,4779.171167139818,4779.68825,4780.205332860182,0.00021636677253258075,0.008530891109883497,0.0022872523937344236,0.019347579215597255,0.001524327538849224,-0.0005163857501105957,0.004288800727891839,0.006590260097683043,0.14099999999962165,2.9498185652343523e-05,0.8,0.7,1.0063046268427022e-05,1.5890592746431452e-05,0.0012892140390248009,20.405595368569735,4.771238170689537,3,5.11e-05,1
4780.072,4779.95827155235,4779.803547359599,4779.707263602522,67.01896806942256,0.15670109447182767,0.12485634664764747,0.0318447478241802,4779.293271715518,4779.76635,4780.239428284482,0.0001979503807677729,0.0063946640404345615,0.0035026310164680045,0.016291141315067755,0.001474649580963496,-0.0004491582077548945,0.002719698272501958,0.005502311912453095,0.04100000000016735,8.577350230520864e-06,0.8,0.7,9.351561539694409e-06,1.562884683746768e-05,0.0016451588877750747,19.177508872420326,3.8086301485846215,2,4.8599999999999995e-05,1
4779.915,4779.832108282103,4779.686177746044,4779.6495375412005,63.94509717807943,0.13309562402628217,0.08761909086438144,0.04547653316190073,4779.077201990966,4779.607999999999,4780.138798009032,0.00022210943200064875,0.006423120891937132,0.0046820499743652315,0.017527466681595317,0.001791376519634801,-0.0003446169114413634,0.0016109332575675595,0.006276656174186712,-0.027000000000043656,5.648604104457888e-06,0.7,0.6,1.0837451410472542e-05,1.5869911240373736e-05,0.0005078655521621795,19.97345064639999,2.6724648322621927,5,5.37e-05,1
4780.072,4779.95827155235,4779.803547359599,4779.707263602522,67.01896806942256,0.15670109447182767,0.12485634664764747,0.0318447478241802,4779.293271715518,4779.76635,4780.239428284482,0.0001979503807677729,0.0063946640404345615,0.0035026310164680045,0.016291141315067755,0.001474649580963496,-0.0004491582077548945,0.002719698272501958,0.005502311912453095,0.04100000000016735,8.577350230520864e-06,0.8,0.7,9.351561539694409e-06,1.562884683746768e-05,0.0016451588877750747,19.177508872420326,3.8086301485846215,3,5.11e-05,1
4780.096,4779.904549300546,4779.748372259232,4779.678555031303,69.92816203263872,0.14968725872131472,0.10792840286677488,0.04175885585453984,4779.171167139818,4779.68825,4780.205332860182,0.00021636677253258075,0.008530891109883497,0.0022872523937344236,0.019347579215597255,0.001524327538849224,-0.0005163857501105957,0.004288800727891839,0.006590260097683043,0.14099999999962165,2.9498185652343523e-05,0.8,0.7,1.0063046268427022e-05,1.5890592746431452e-05,0.0012892140390248009,20.405595368569735,4.771238170689537,5,5.37e-05,1
4780.072,4779.95827155235,4779.803547359599,4779.707263602522,67.01896806942256,0.15670109447182767,0.12485634664764747,0.0318447478241802,4779.293271715518,4779.76635,4780.239428284482,0.0001979503807677729,0.0063946640404345615,0.0035026310164680045,0.016291141315067755,0.001474649580963496,-0.0004491582077548945,0.002719698272501958,0.005502311912453095,0.04100000000016735,8.577350230520864e-06,0.8,0.7,9.351561539694409e-06,1.562884683746768e-05,0.0016451588877750747,19.177508872420326,3.8086301485846215,5,5.37e-05,1
4779.915,4779.832108282103,4779.686177746044,4779.6495375412005,63.94509717807943,0.13309562402628217,0.08761909086438144,0.04547653316190073,4779.077201990966,4779.607999999999,4780.138798009032,0.00022210943200064875,0.006423120891937132,0.0046820499743652315,0.017527466681595317,0.001791376519634801,-0.0003446169114413634,0.0016109332575675595,0.006276656174186712,-0.027000000000043656,5.648604104457888e-06,0.7,0.6,1.0837451410472542e-05,1.5869911240373736e-05,0.0005078655521621795,19.97345064639999,2.6724648322621927,8,5.73e-05,1
4779.979,4780.003014609821,4779.910573604858,4779.780786802519,55.16601042694436,0.12384060419299203,0.14277642661999887,-0.018935822427006838,4779.620726932315,4779.9392,4780.257673067685,0.00013325402452184457,0.0008326465742591156,0.005830006108486972,0.007495285391114304,0.002079234332071095,0.0006275897538720755,-0.0036191317765554842,0.0013389359434290427,0.15099999999983993,3.159109490957768e-05,0.6,0.65,2.1506112089242358e-05,1.617178174985745e-05,0.003078599797081486,15.675203910861018,0.6884944628752928,2,4.8599999999999995e-05,1
4780.096,4779.904549300546,4779.748372259232,4779.678555031303,69.92816203263872,0.14968725872131472,0.10792840286677488,0.04175885585453984,4779.171167139818,4779.68825,4780.205332860182,0.00021636677253258075,0.008530891109883497,0.0022872523937344236,0.019347579215597255,0.001524327538849224,-0.0005163857501105957,0.004288800727891839,0.006590260097683043,0.14099999999962165,2.9498185652343523e-05,0.8,0.7,1.0063046268427022e-05,1.5890592746431452e-05,0.0012892140390248009,20.405595368569735,4.771238170689537,8,5.73e-05,1
4779.979,4780.003014609821,4779.910573604858,4779.780786802519,55.16601042694436,0.12384060419299203,0.14277642661999887,-0.018935822427006838,4779.620726932315,4779.9392,4780.257673067685,0.00013325402452184457,0.0008326465742591156,0.005830006108486972,0.007495285391114304,0.002079234332071095,0.0006275897538720755,-0.0036191317765554842,0.0013389359434290427,0.15099999999983993,3.159109490957768e-05,0.6,0.65,2.1506112089242358e-05,1.617178174985745e-05,0.003078599797081486,15.675203910861018,0.6884944628752928,3,5.11e-05,1
4780.137,4780.029811687857,4779.932138023442,4779.794755947519,60.358662417971615,0.12678461304039956,0.139578063904079,-0.012793450863679445,4779.682554488265,4779.966600000001,4780.250645511736,0.00011884832489654314,0.0035648784658675824,0.0023774530256486267,0.00950695579927469,0.002240831290882736,0.0010569021856762018,-0.0022592984250890957,0.0038075672260440285,0.15799999999944703,3.3054538524091015e-05,0.6,0.7,2.3974730977016633e-05,1.755252024184806e-05,0.0034150665512894802,15.307752111186215,1.9126278151581173,2,4.8599999999999995e-05,1
4780.072,4779.95827155235,4779.803547359599,4779.707263602522,67.01896806942256,0.15670109447182767,0.12485634664764747,0.0318447478241802,4779.293271715518,4779.76635,4780.239428284482,0.0001979503807677729,0.0063946640404345615,0.0035026310164680045,0.016291141315067755,0.001474649580963496,-0.0004491582077548945,0.002719698272501958,0.005502311912453095,0.04100000000016735,8.577350230520864e-06,0.8,0.7,9.351561539694409e-06,1.562884683746768e-05,0.0016451588877750747,19.177508872420326,3.8086301485846215,8,5.73e-05,1
4780.137,4780.029811687857,4779.932138023442,4779.794755947519,60.358662417971615,0.12678461304039956,0.139578063904079,-0.012793450863679445,4779.682554488265,4779.966600000001,4780.250645511736,0.00011884832489654314,0.0035648784658675824,0.0023774530256486267,0.00950695579927469,0.002240831290882736,0.0010569021856762018,-0.0022592984250890957,0.0038075672260440285,0.15799999999944703,3.3054538524091015e-05,0.6,0.7,2.3974730977016633e-05,1.755252024184806e-05,0.0034150665512894802,15.307752111186215,1.9126278151581173,3,5.11e-05,1
4779.983,4780.020639480229,4779.9455007402785,4779.811039227218,53.67667653031685,0.10805332838663162,0.13001110550834505,-0.02195777712171343,4779.748372155895,4779.992,4780.235627844106,0.00010193650705085018,-0.0001882848339498173,0.005285120137572002,0.004908549760647458,0.0023605122992887665,0.0007750830701061528,-0.0004184097792347963,-0.001004177587959898,-0.047999999999774445,1.004177587959898e-05,0.5,0.65,2.2886794339183057e-05,1.6569022069273797e-05,0.003170184828847287,14.649713429115522,0.3323483153746184,2,4.8599999999999995e-05,1
4779.979,4780.003014609821,4779.910573604858,4779.780786802519,55.16601042694436,0.12384060419299203,0.14277642661999887,-0.018935822427006838,4779.620726932315,4779.9392,4780.257673067685,0.00013325402452184457,0.0008326465742591156,0.005830006108486972,0.007495285391114304,0.002079234332071095,0.0006275897538720755,-0.0036191317765554842,0.0013389359434290427,0.15099999999983993,3.159109490957768e-05,0.6,0.65,2.1506112089242358e-05,1.617178174985745e-05,0.003078599797081486,15.675203910861018,0.6884944628752928,5,5.37e-05,1
4779.983,4780.020639480229,4779.9455007402785,4779.811039227218,53.67667653031685,0.10805332838663162,0.13001110550834505,-0.02195777712171343,4779.748372155895,4779.992,4780.235627844106,0.00010193650705085018,-0.0001882848339498173,0.005285120137572002,0.004908549760647458,0.0023605122992887665,0.0007750830701061528,-0.0004184097792347963,-0.001004177587959898,-0.047999999999774445,1.004177587959898e-05,0.5,0.65,2.2886794339183057e-05,1.6569022069273797e-05,0.003170184828847287,14.649713429115522,0.3323483153746184,3,5.11e-05,1
4779.979,4780.003014609821,4779.910573604858,4779.780786802519,55.16601042694436,0.12384060419299203,0.14277642661999887,-0.018935822427006838,4779.620726932315,4779.9392,4780.257673067685,0.00013325402452184457,0.0008326465742591156,0.005830006108486972,0.007495285391114304,0.002079234332071095,0.0006275897538720755,-0.0036191317765554842,0.0013389359434290427,0.15099999999983993,3.159109490957768e-05,0.6,0.65,2.1506112089242358e-05,1.617178174985745e-05,0.003078599797081486,15.675203910861018,0.6884944628752928,8,5.73e-05,0
4780.137,4780.029811687857,4779.932138023442,4779.794755947519,60.358662417971615,0.12678461304039956,0.139578063904079,-0.012793450863679445,4779.682554488265,4779.966600000001,4780.250645511736,0.00011884832489654314,0.0035648784658675824,0.0023774530256486267,0.00950695579927469,0.002240831290882736,0.0010569021856762018,-0.0022592984250890957,0.0038075672260440285,0.15799999999944703,3.3054538524091015e-05,0.6,0.7,2.3974730977016633e-05,1.755252024184806e-05,0.0034150665512894802,15.307752111186215,1.9126278151581173,8,5.73e-05,0
4780.137,4780.029811687857,4779.932138023442,4779.794755947519,60.358662417971615,0.12678461304039956,0.139578063904079,-0.012793450863679445,4779.682554488265,4779.966600000001,4780.250645511736,0.00011884832489654314,0.0035648784658675824,0.0023774530256486267,0.00950695579927469,0.002240831290882736,0.0010569021856762018,-0.0022592984250890957,0.0038075672260440285,0.15799999999944703,3.3054538524091015e-05,0.6,0.7,2.3974730977016633e-05,1.755252024184806e-05,0.0034150665512894802,15.307752111186215,1.9126278151581173,5,5.37e-05,0
4779.983,4780.020639480229,4779.9455007402785,4779.811039227218,53.67667653031685,0.10805332838663162,0.13001110550834505,-0.02195777712171343,4779.748372155895,4779.992,4780.235627844106,0.00010193650705085018,-0.0001882848339498173,0.005285120137572002,0.004908549760647458,0.0023605122992887665,0.0007750830701061528,-0.0004184097792347963,-0.001004177587959898,-0.047999999999774445,1.004177587959898e-05,0.5,0.65,2.2886794339183057e-05,1.6569022069273797e-05,0.003170184828847287,14.649713429115522,0.3323483153746184,8,5.73e-05,0
4779.983,4780.020639480229,4779.9455007402785,4779.811039227218,53.67667653031685,0.10805332838663162,0.13001110550834505,-0.02195777712171343,4779.748372155895,4779.992,4780.235627844106,0.00010193650705085018,-0.0001882848339498173,0.005285120137572002,0.004908549760647458,0.0023605122992887665,0.0007750830701061528,-0.0004184097792347963,-0.001004177587959898,-0.047999999999774445,1.004177587959898e-05,0.5,0.65,2.2886794339183057e-05,1.6569022069273797e-05,0.003170184828847287,14.649713429115522,0.3323483153746184,5,5.37e-05,0
4779.984,4780.073447413877,4779.995189026841,4779.848342568418,51.40425632576134,0.10809596064791549,0.12246496926154957,-0.014369008613634077,4779.795926595171,4780.0381,4780.280273404828,0.00010132697679897715,-0.0011317901419944769,0.0061982091326632785,0.003934603229405857,0.0030554367122273937,0.0008146054213446579,-0.0032007450832316486,-0.005459971193932933,-0.2969999999995707,6.213023878709478e-05,0.4,0.6,3.085716280711859e-05,2.1369988736302804e-05,0.003964373469194094,13.263572927803951,-0.07661107627989622,8,5.73e-05,0
4779.984,4780.073447413877,4779.995189026841,4779.848342568418,51.40425632576134,0.10809596064791549,0.12246496926154957,-0.014369008613634077,4779.795926595171,4780.0381,4780.280273404828,0.00010132697679897715,-0.0011317901419944769,0.0061982091326632785,0.003934603229405857,0.0030554367122273937,0.0008146054213446579,-0.0032007450832316486,-0.005459971193932933,-0.2969999999995707,6.213023878709478e-05,0.4,0.6,3.085716280711859e-05,2.1369988736302804e-05,0.003964373469194094,13.263572927803951,-0.07661107627989622,5,5.37e-05,0
4779.984,4780.073447413877,4779.995189026841,4779.848342568418,51.40425632576134,0.10809596064791549,0.12246496926154957,-0.014369008613634077,4779.795926595171,4780.0381,4780.280273404828,0.00010132697679897715,-0.0011317901419944769,0.0061982091326632785,0.003934603229405857,0.0030554367122273937,0.0008146054213446579,-0.0032007450832316486,-0.005459971193932933,-0.2969999999995707,6.213023878709478e-05,0.4,0.6,3.085716280711859e-05,2.1369988736302804e-05,0.003964373469194094,13.263572927803951,-0.07661107627989622,3,5.11e-05,0
4779.984,4780.073447413877,4779.995189026841,4779.848342568418,51.40425632576134,0.10809596064791549,0.12246496926154957,-0.014369008613634077,4779.795926595171,4780.0381,4780.280273404828,0.00010132697679897715,-0.0011317901419944769,0.0061982091326632785,0.003934603229405857,0.0030554367122273937,0.0008146054213446579,-0.0032007450832316486,-0.005459971193932933,-0.2969999999995707,6.213023878709478e-05,0.4,0.6,3.085716280711859e-05,2.1369988736302804e-05,0.003964373469194094,13.263572927803951,-0.07661107627989622,2,4.8599999999999995e-05,0
4779.804,4780.019557931102,4779.976980548095,4779.846603644167,45.91269083467288,0.07992031488902285,0.11395603838704423,-0.03403572349802138,4779.777722143569,4780.0337500000005,4780.289777856432,0.00010712386975573186,-0.004806451418892638,0.01016313339274839,0.0005497684932494987,0.003192261140147951,0.0008507674275235648,-0.004748923176434161,-0.007217348245847077,-0.18000000000029104,3.765702981439745e-05,0.4,0.55,3.261460052182974e-05,2.293902357001776e-05,0.004173333132927647,12.490681615256479,-1.1336344951298325,8,5.73e-05,0
4779.804,4780.019557931102,4779.976980548095,4779.846603644167,45.91269083467288,0.07992031488902285,0.11395603838704423,-0.03403572349802138,4779.777722143569,4780.0337500000005,4780.289777856432,0.00010712386975573186,-0.004806451418892638,0.01016313339274839,0.0005497684932494987,0.003192261140147951,0.0008507674275235648,-0.004748923176434161,-0.007217348245847077,-0.18000000000029104,3.765702981439745e-05,0.4,0.55,3.261460052182974e-05,2.293902357001776e-05,0.004173333132927647,12.490681615256479,-1.1336344951298325,5,5.37e-05,0
4779.804,4780.019557931102,4779.976980548095,4779.846603644167,45.91269083467288,0.07992031488902285,0.11395603838704423,-0.03403572349802138,4779.777722143569,4780.0337500000005,4780.289777856432,0.00010712386975573186,-0.004806451418892638,0.01016313339274839,0.0005497684932494987,0.003192261140147951,0.0008507674275235648,-0.004748923176434161,-0.007217348245847077,-0.18000000000029104,3.765702981439745e-05,0.4,0.55,3.261460052182974e-05,2.293902357001776e-05,0.004173333132927647,12.490681615256479,-1.1336344951298325,3,5.11e-05,0
4779.804,4780.019557931102,4779.976980548095,4779.846603644167,45.91269083467288,0.07992031488902285,0.11395603838704423,-0.03403572349802138,4779.777722143569,4780.0337500000005,4780.289777856432,0.00010712386975573186,-0.004806451418892638,0.01016313339274839,0.0005497684932494987,0.003192261140147951,0.0008507674275235648,-0.004748923176434161,-0.007217348245847077,-0.18000000000029104,3.765702981439745e-05,0.4,0.55,3.261460052182974e-05,2.293902357001776e-05,0.004173333132927647,12.490681615256479,-1.1336344951298325,2,4.8599999999999995e-05,0
4779.519,4779.838557075906,4779.893469337556,4779.821224663454,38.91061216721988,-0.0023192292101157364,0.07787613117374324,-0.08019536038385898,4779.584028101153,4779.99215,4780.400271898847,0.00017076258120914692,-0.009898551820839391,0.01843850602637075,-0.0013605574358648875,0.003451275096382111,0.0008985540397707988,-0.01351417785787623,-0.006464667766292731,0.005000000000109139,1.0461314685628054e-06,0.5,0.5,3.207102438914644e-05,2.549144369893841e-05,0.00383939663553087,11.10657523411279,-2.269961374035228,5,5.37e-05,0
4779.519,4779.838557075906,4779.893469337556,4779.821224663454,38.91061216721988,-0.0023192292101157364,0.07787613117374324,-0.08019536038385898,4779.584028101153,4779.99215,4780.400271898847,0.00017076258120914692,-0.009898551820839391,0.01843850602637075,-0.0013605574358648875,0.003451275096382111,0.0008985540397707988,-0.01351417785787623,-0.006464667766292731,0.005000000000109139,1.0461314685628054e-06,0.5,0.5,3.207102438914644e-05,2.549144369893841e-05,0.00383939663553087,11.10657523411279,-2.269961374035228,3,5.11e-05,0
4779.519,4779.838557075906,4779.893469337556,4779.821224663454,38.91061216721988,-0.0023192292101157364,0.07787613117374324,-0.08019536038385898,4779.584028101153,4779.99215,4780.400271898847,0.00017076258120914692,-0.009898551820839391,0.01843850602637075,-0.0013605574358648875,0.003451275096382111,0.0008985540397707988,-0.01351417785787623,-0.006464667766292731,0.005000000000109139,1.0461314685628054e-06,0.5,0.5,3.207102438914644e-05,2.549144369893841e-05,0.00383939663553087,11.10657523411279,-2.269961374035228,2,4.8599999999999995e-05,0
4779.384,4779.747645660725,4779.844948448265,4779.804078598221,35.88946835157755,-0.041361122047419485,0.054028680529510695,-0.09538980257693018,4779.475493072784,4779.9656,4780.455706927217,0.00020506713572014082,-0.01216745158166902,0.02242353674065188,-0.0019143277205604917,0.003378560355705012,0.000768917883868965,-0.018764587270081456,-0.012447753431554798,-0.13500000000021828,2.8245520103609145e-05,0.4,0.5,3.1736466908549586e-05,2.6621289498895974e-05,0.002605310404870904,10.487755185400399,-2.854347643782721,5,5.37e-05,0
4779.384,4779.747645660725,4779.844948448265,4779.804078598221,35.88946835157755,-0.041361122047419485,0.054028680529510695,-0.09538980257693018,4779.475493072784,4779.9656,4780.455706927217,0.00020506713572014082,-0.01216745158166902,0.02242353674065188,-0.0019143277205604917,0.003378560355705012,0.000768917883868965,-0.018764587270081456,-0.012447753431554798,-0.13500000000021828,2.8245520103609145e-05,0.4,0.5,3.1736466908549586e-05,2.6621289498895974e-05,0.002605310404870904,10.487755185400399,-2.854347643782721,3,5.11e-05,0
4779.384,4779.747645660725,4779.844948448265,4779.804078598221,35.88946835157755,-0.041361122047419485,0.054028680529510695,-0.09538980257693018,4779.475493072784,4779.9656,4780.455706927217,0.00020506713572014082,-0.01216745158166902,0.02242353674065188,-0.0019143277205604917,0.003378560355705012,0.000768917883868965,-0.018764587270081456,-0.012447753431554798,-0.13500000000021828,2.8245520103609145e-05,0.4,0.5,3.1736466908549586e-05,2.6621289498895974e-05,0.002605310404870904,10.487755185400399,-2.854347643782721,2,4.8599999999999995e-05,0
4779.915,4779.832108282103,4779.686177746044,4779.6495375412005,63.94509717807943,0.13309562402628217,0.08761909086438144,0.04547653316190073,4779.077201990966,4779.607999999999,4780.138798009032,0.00022210943200064875,0.006423120891937132,0.0046820499743652315,0.017527466681595317,0.001791376519634801,-0.0003446169114413634,0.0016109332575675595,0.006276656174186712,-0.027000000000043656,5.648604104457888e-06,0.7,0.6,1.0837451410472542e-05,1.5869911240373736e-05,0.0005078655521621795,19.97345064639999,2.6724648322621927,15,6.13e-05,1
4780.096,4779.904549300546,4779.748372259232,4779.678555031303,69.92816203263872,0.14968725872131472,0.10792840286677488,0.04175885585453984,4779.171167139818,4779.68825,4780.205332860182,0.00021636677253258075,0.008530891109883497,0.0022872523937344236,0.019347579215597255,0.001524327538849224,-0.0005163857501105957,0.004288800727891839,0.006590260097683043,0.14099999999962165,2.9498185652343523e-05,0.8,0.7,1.0063046268427022e-05,1.5890592746431452e-05,0.0012892140390248009,20.405595368569735,4.771238170689537,15,6.13e-05,1
4779.644,4779.7031332228635,4779.804617664,4779.790074092399,44.883476752533525,-0.06027686366360285,0.013830638700945875,-0.07410750236454873,4779.39624169889,4779.9252,4780.45415830111,0.00022132492831056184,-0.005882937247625635,0.01695018083165541,0.005183614116668099,0.003672119390435058,0.0004798582502871071,-0.0033474175928471794,-0.00809618180299676,0.04500000000007276,9.415015778557745e-06,0.5,0.5,3.165349263969386e-05,2.7447957358495146e-05,0.003990050991396736,9.379562138981782,-0.9150953910278266,2,4.8599999999999995e-05,1
4780.072,4779.95827155235,4779.803547359599,4779.707263602522,67.01896806942256,0.15670109447182767,0.12485634664764747,0.0318447478241802,4779.293271715518,4779.76635,4780.239428284482,0.0001979503807677729,0.0063946640404345615,0.0035026310164680045,0.016291141315067755,0.001474649580963496,-0.0004491582077548945,0.002719698272501958,0.005502311912453095,0.04100000000016735,8.577350230520864e-06,0.8,0.7,9.351561539694409e-06,1.562884683746768e-05,0.0016451588877750747,19.177508872420326,3.8086301485846215,15,6.13e-05,1
4779.644,4779.7031332228635,4779.804617664,4779.790074092399,44.883476752533525,-0.06027686366360285,0.013830638700945875,-0.07410750236454873,4779.39624169889,4779.9252,4780.45415830111,0.00022132492831056184,-0.005882937247625635,0.01695018083165541,0.005183614116668099,0.003672119390435058,0.0004798582502871071,-0.0033474175928471794,-0.00809618180299676,0.04500000000007276,9.415015778557745e-06,0.5,0.5,3.165349263969386e-05,2.7447957358495146e-05,0.003990050991396736,9.379562138981782,-0.9150953910278266,3,5.11e-05,1
4779.644,4779.7031332228635,4779.804617664,4779.790074092399,44.883476752533525,-0.06027686366360285,0.013830638700945875,-0.07410750236454873,4779.39624169889,4779.9252,4780.45415830111,0.00022132492831056184,-0.005882937247625635,0.01695018083165541,0.005183614116668099,0.003672119390435058,0.0004798582502871071,-0.0033474175928471794,-0.00809618180299676,0.04500000000007276,9.415015778557745e-06,0.5,0.5,3.165349263969386e-05,2.7447957358495146e-05,0.003990050991396736,9.379562138981782,-0.9150953910278266,5,5.37e-05,1
4779.519,4779.838557075906,4779.893469337556,4779.821224663454,38.91061216721988,-0.0023192292101157364,0.07787613117374324,-0.08019536038385898,4779.584028101153,4779.99215,4780.400271898847,0.00017076258120914692,-0.009898551820839391,0.01843850602637075,-0.0013605574358648875,0.003451275096382111,0.0008985540397707988,-0.01351417785787623,-0.006464667766292731,0.005000000000109139,1.0461314685628054e-06,0.5,0.5,3.207102438914644e-05,2.549144369893841e-05,0.00383939663553087,11.10657523411279,-2.269961374035228,8,5.73e-05,1
4779.979,4780.003014609821,4779.910573604858,4779.780786802519,55.16601042694436,0.12384060419299203,0.14277642661999887,-0.018935822427006838,4779.620726932315,4779.9392,4780.257673067685,0.00013325402452184457,0.0008326465742591156,0.005830006108486972,0.007495285391114304,0.002079234332071095,0.0006275897538720755,-0.0036191317765554842,0.0013389359434290427,0.15099999999983993,3.159109490957768e-05,0.6,0.65,2.1506112089242358e-05,1.617178174985745e-05,0.003078599797081486,15.675203910861018,0.6884944628752928,15,6.13e-05,1
4779.384,4779.747645660725,4779.844948448265,4779.804078598221,35.88946835157755,-0.041361122047419485,0.054028680529510695,-0.09538980257693018,4779.475493072784,4779.9656,4780.455706927217,0.00020506713572014082,-0.01216745158166902,0.02242353674065188,-0.0019143277205604917,0.003378560355705012,0.000768917883868965,-0.018764587270081456,-0.012447753431554798,-0.13500000000021828,2.8245520103609145e-05,0.4,0.5,3.1736466908549586e-05,2.6621289498895974e-05,0.002605310404870904,10.487755185400399,-2.854347643782721,8,5.73e-05,1
4780.137,4780.029811687857,4779.932138023442,4779.794755947519,60.358662417971615,0.12678461304039956,0.139578063904079,-0.012793450863679445,4779.682554488265,4779.966600000001,4780.250645511736,0.00011884832489654314,0.0035648784658675824,0.0023774530256486267,0.00950695579927469,0.002240831290882736,0.0010569021856762018,-0.0022592984250890957,0.0038075672260440285,0.15799999999944703,3.3054538524091015e-05,0.6,0.7,2.3974730977016633e-05,1.755252024184806e-05,0.0034150665512894802,15.307752111186215,1.9126278151581173,15,6.13e-05,1
4779.644,4779.7031332228635,4779.804617664,4779.790074092399,44.883476752533525,-0.06027686366360285,0.013830638700945875,-0.07410750236454873,4779.39624169889,4779.9252,4780.45415830111,0.00022132492831056184,-0.005882937247625635,0.01695018083165541,0.005183614116668099,0.003672119390435058,0.0004798582502871071,-0.0033474175928471794,-0.00809618180299676,0.04500000000007276,9.415015778557745e-06,0.5,0.5,3.165349263969386e-05,2.7447957358495146e-05,0.003990050991396736,9.379562138981782,-0.9150953910278266,8,5.73e-05,1
4779.983,4780.020639480229,4779.9455007402785,4779.811039227218,53.67667653031685,0.10805332838663162,0.13001110550834505,-0.02195777712171343,4779.748372155895,4779.992,4780.235627844106,0.00010193650705085018,-0.0001882848339498173,0.005285120137572002,0.004908549760647458,0.0023605122992887665,0.0007750830701061528,-0.0004184097792347963,-0.001004177587959898,-0.047999999999774445,1.004177587959898e-05,0.5,0.65,2.2886794339183057e-05,1.6569022069273797e-05,0.003170184828847287,14.649713429115522,0.3323483153746184,15,6.13e-05,1
4779.984,4780.073447413877,4779.995189026841,4779.848342568418,51.40425632576134,0.10809596064791549,0.12246496926154957,-0.014369008613634077,4779.795926595171,4780.0381,4780.280273404828,0.00010132697679897715,-0.0011317901419944769,0.0061982091326632785,0.003934603229405857,0.0030554367122273937,0.0008146054213446579,-0.0032007450832316486,-0.005459971193932933,-0.2969999999995707,6.213023878709478e-05,0.4,0.6,3.085716280711859e-05,2.1369988736302804e-05,0.003964373469194094,13.263572927803951,-0.07661107627989622,15,6.13e-05,1
4779.804,4780.019557931102,4779.976980548095,4779.846603644167,45.91269083467288,0.07992031488902285,0.11395603838704423,-0.03403572349802138,4779.777722143569,4780.0337500000005,4780.289777856432,0.00010712386975573186,-0.004806451418892638,0.01016313339274839,0.0005497684932494987,0.003192261140147951,0.0008507674275235648,-0.004748923176434161,-0.007217348245847077,-0.18000000000029104,3.765702981439745e-05,0.4,0.55,3.261460052182974e-05,2.293902357001776e-05,0.004173333132927647,12.490681615256479,-1.1336344951298325,15,6.13e-05,1
4779.519,4779.838557075906,4779.893469337556,4779.821224663454,38.91061216721988,-0.0023192292101157364,0.07787613117374324,-0.08019536038385898,4779.584028101153,4779.99215,4780.400271898847,0.00017076258120914692,-0.009898551820839391,0.01843850602637075,-0.0013605574358648875,0.003451275096382111,0.0008985540397707988,-0.01351417785787623,-0.006464667766292731,0.005000000000109139,1.0461314685628054e-06,0.5,0.5,3.207102438914644e-05,2.549144369893841e-05,0.00383939663553087,11.10657523411279,-2.269961374035228,15,6.13e-05,1
4780.358,4780.193637952022,4780.054066064946,4779.91890494845,63.62190925962412,0.12791856174681016,0.07277272898309256,0.055145832763717595,4779.308464907168,4779.9141500000005,4780.519835092833,0.00025342927668798107,0.009285731627620478,0.003385417845962926,0.021955156765083902,0.0024783816848761423,-0.000237615515515393,0.006757272697810457,0.005585667720553467,0.02900000000045111,6.066528057013798e-06,0.8,0.75,1.704992353953605e-05,2.2322954319453635e-05,0.0020486091308942233,15.601752920348193,2.5655364724552396,2,4.8599999999999995e-05,1
4779.384,4779.747645660725,4779.844948448265,4779.804078598221,35.88946835157755,-0.041361122047419485,0.054028680529510695,-0.09538980257693018,4779.475493072784,4779.9656,4780.455706927217,0.00020506713572014082,-0.01216745158166902,0.02242353674065188,-0.0019143277205604917,0.003378560355705012,0.000768917883868965,-0.018764587270081456,-0.012447753431554798,-0.13500000000021828,2.8245520103609145e-05,0.4,0.5,3.1736466908549586e-05,2.6621289498895974e-05,0.002605310404870904,10.487755185400399,-2.854347643782721,15,6.13e-05,1
4780.358,4780.193637952022,4780.054066064946,4779.91890494845,63.62190925962412,0.12791856174681016,0.07277272898309256,0.055145832763717595,4779.308464907168,4779.9141500000005,4780.519835092833,0.00025342927668798107,0.009285731627620478,0.003385417845962926,0.021955156765083902,0.0024783816848761423,-0.000237615515515393,0.006757272697810457,0.005585667720553467,0.02900000000045111,6.066528057013798e-06,0.8,0.75,1.704992353953605e-05,2.2322954319453635e-05,0.0020486091308942233,15.601752920348193,2.5655364724552396,3,5.11e-05,1
4779.644,4779.7031332228635,4779.804617664,4779.790074092399,44.883476752533525,-0.06027686366360285,0.013830638700945875,-0.07410750236454873,4779.39624169889,4779.9252,4780.45415830111,0.00022132492831056184,-0.005882937247625635,0.01695018083165541,0.005183614116668099,0.003672119390435058,0.0004798582502871071,-0.0033474175928471794,-0.00809618180299676,0.04500000000007276,9.415015778557745e-06,0.5,0.5,3.165349263969386e-05,2.7447957358495146e-05,0.003990050991396736,9.379562138981782,-0.9150953910278266,15,6.13e-05,1
4780.358,4780.193637952022,4780.054066064946,4779.91890494845,63.62190925962412,0.12791856174681016,0.07277272898309256,0.055145832763717595,4779.308464907168,4779.9141500000005,4780.519835092833,0.00025342927668798107,0.009285731627620478,0.003385417845962926,0.021955156765083902,0.0024783816848761423,-0.000237615515515393,0.006757272697810457,0.005585667720553467,0.02900000000045111,6.066528057013798e-06,0.8,0.75,1.704992353953605e-05,2.2322954319453635e-05,0.0020486091308942233,15.601752920348193,2.5655364724552396,5,5.37e-05,1
4780.358,4780.193637952022,4780.054066064946,4779.91890494845,63.62190925962412,0.12791856174681016,0.07277272898309256,0.055145832763717595,4779.308464907168,4779.9141500000005,4780.519835092833,0.00025342927668798107,0.009285731627620478,0.003385417845962926,0.021955156765083902,0.0024783816848761423,-0.000237615515515393,0.006757272697810457,0.005585667720553467,0.02900000000045111,6.066528057013798e-06,0.8,0.75,1.704992353953605e-05,2.2322954319453635e-05,0.0020486091308942233,15.601752920348193,2.5655364724552396,8,5.73e-05,1
4780.358,4780.193637952022,4780.054066064946,4779.91890494845,63.62190925962412,0.12791856174681016,0.07277272898309256,0.055145832763717595,4779.308464907168,4779.9141500000005,4780.519835092833,0.00025342927668798107,0.009285731627620478,0.003385417845962926,0.021955156765083902,0.0024783816848761423,-0.000237615515515393,0.006757272697810457,0.005585667720553467,0.02900000000045111,6.066528057013798e-06,0.8,0.75,1.704992353953605e-05,2.2322954319453635e-05,0.0020486091308942233,15.601752920348193,2.5655364724552396,15,6.13e-05,1
4780.45,4780.3937837909925,4780.3139230231445,4780.180813477062,57.706545011882454,0.08545947545007948,0.06841893511238731,0.017040540337692173,4779.900703371093,4780.2579,4780.615096628906,0.00014944659320846357,0.004018611631816132,0.0034535792426698864,0.011490479534492186,0.0027513117780558175,-0.00013313972206351575,0.002907760603854115,0.002070977633228388,-0.0500000000001819,1.0459156991937668e-05,0.7,0.55,2.0563304740228717e-05,1.850321225521645e-05,0.0009330931518075412,20.438709608022734,1.0346380052346318,2,4.8599999999999995e-05,1
4780.45,4780.3937837909925,4780.3139230231445,4780.180813477062,57.706545011882454,0.08545947545007948,0.06841893511238731,0.017040540337692173,4779.900703371093,4780.2579,4780.615096628906,0.00014944659320846357,0.004018611631816132,0.0034535792426698864,0.011490479534492186,0.0027513117780558175,-0.00013313972206351575,0.002907760603854115,0.002070977633228388,-0.0500000000001819,1.0459156991937668e-05,0.7,0.55,2.0563304740228717e-05,1.850321225521645e-05,0.0009330931518075412,20.438709608022734,1.0346380052346318,3,5.11e-05,1
4780.45,4780.3937837909925,4780.3139230231445,4780.180813477062,57.706545011882454,0.08545947545007948,0.06841893511238731,0.017040540337692173,4779.900703371093,4780.2579,4780.615096628906,0.00014944659320846357,0.004018611631816132,0.0034535792426698864,0.011490479534492186,0.0027513117780558175,-0.00013313972206351575,0.002907760603854115,0.002070977633228388,-0.0500000000001819,1.0459156991937668e-05,0.7,0.55,2.0563304740228717e-05,1.850321225521645e-05,0.0009330931518075412,20.438709608022734,1.0346380052346318,5,5.37e-05,1
4780.624,4780.523401681416,4780.443796201948,4780.294830942263,59.756932366592345,0.0899191364133003,0.07819198569917599,0.011727150714124307,4780.231085899231,4780.4443,4780.657514100769,8.920262945798139e-05,0.0037590648216460597,0.0007010402986937561,0.008218887341242355,0.001991901097162807,0.0002195103885743808,0.002426520361442641,0.007049785922874641,0.10300000000006548,2.1545768756237038e-05,0.6,0.6,1.8638391608516434e-05,1.7352100811823813e-05,0.00217081542897577,16.23086033058287,1.892465420551059,2,4.8599999999999995e-05,1
4780.45,4780.3937837909925,4780.3139230231445,4780.180813477062,57.706545011882454,0.08545947545007948,0.06841893511238731,0.017040540337692173,4779.900703371093,4780.2579,4780.615096628906,0.00014944659320846357,0.004018611631816132,0.0034535792426698864,0.011490479534492186,0.0027513117780558175,-0.00013313972206351575,0.002907760603854115,0.002070977633228388,-0.0500000000001819,1.0459156991937668e-05,0.7,0.55,2.0563304740228717e-05,1.850321225521645e-05,0.0009330931518075412,20.438709608022734,1.0346380052346318,8,5.73e-05,1
4780.624,4780.523401681416,4780.443796201948,4780.294830942263,59.756932366592345,0.0899191364133003,0.07819198569917599,0.011727150714124307,4780.231085899231,4780.4443,4780.657514100769,8.920262945798139e-05,0.0037590648216460597,0.0007010402986937561,0.008218887341242355,0.001991901097162807,0.0002195103885743808,0.002426520361442641,0.007049785922874641,0.10300000000006548,2.1545768756237038e-05,0.6,0.6,1.8638391608516434e-05,1.7352100811823813e-05,0.00217081542897577,16.23086033058287,1.892465420551059,3,5.11e-05,1
4780.45,4780.3937837909925,4780.3139230231445,4780.180813477062,57.706545011882454,0.08545947545007948,0.06841893511238731,0.017040540337692173,4779.900703371093,4780.2579,4780.615096628906,0.00014944659320846357,0.004018611631816132,0.0034535792426698864,0.011490479534492186,0.0027513117780558175,-0.00013313972206351575,0.002907760603854115,0.002070977633228388,-0.0500000000001819,1.0459156991937668e-05,0.7,0.55,2.0563304740228717e-05,1.850321225521645e-05,0.0009330931518075412,20.438709608022734,1.0346380052346318,15,6.13e-05,0
4780.624,4780.523401681416,4780.443796201948,4780.294830942263,59.756932366592345,0.0899191364133003,0.07819198569917599,0.011727150714124307,4780.231085899231,4780.4443,4780.657514100769,8.920262945798139e-05,0.0037590648216460597,0.0007010402986937561,0.008218887341242355,0.001991901097162807,0.0002195103885743808,0.002426520361442641,0.007049785922874641,0.10300000000006548,2.1545768756237038e-05,0.6,0.6,1.8638391608516434e-05,1.7352100811823813e-05,0.00217081542897577,16.23086033058287,1.892465420551059,15,6.13e-05,0
4780.624,4780.523401681416,4780.443796201948,4780.294830942263,59.756932366592345,0.0899191364133003,0.07819198569917599,0.011727150714124307,4780.231085899231,4780.4443,4780.657514100769,8.920262945798139e-05,0.0037590648216460597,0.0007010402986937561,0.008218887341242355,0.001991901097162807,0.0002195103885743808,0.002426520361442641,0.007049785922874641,0.10300000000006548,2.1545768756237038e-05,0.6,0.6,1.8638391608516434e-05,1.7352100811823813e-05,0.00217081542897577,16.23086033058287,1.892465420551059,8,5.73e-05,0
4780.624,4780.523401681416,4780.443796201948,4780.294830942263,59.756932366592345,0.0899191364133003,0.07819198569917599,0.011727150714124307,4780.231085899231,4780.4443,4780.657514100769,8.920262945798139e-05,0.0037590648216460597,0.0007010402986937561,0.008218887341242355,0.001991901097162807,0.0002195103885743808,0.002426520361442641,0.007049785922874641,0.10300000000006548,2.1545768756237038e-05,0.6,0.6,1.8638391608516434e-05,1.7352100811823813e-05,0.00217081542897577,16.23086033058287,1.892465420551059,5,5.37e-05,0
4780.678,4780.569535645887,4780.500482553378,4780.362830650589,60.649945813336906,0.07629010667278635,0.061808165623382635,0.014481941049403715,4780.224376842012,4780.489449999999,4780.754523157986,0.0001108979156881059,0.003944156805968051,0.0016006758452719511,0.009488678342020723,0.0022472251354026373,-0.00011173321518744873,0.004978621214779544,0.0032841608686551282,-0.016999999999825377,3.555968326796055e-06,0.7,0.6,1.5584068547580544e-05,1.681840105983712e-05,0.001763824346824264,14.48494580431004,1.6524224710391948,15,6.13e-05,0
4780.678,4780.569535645887,4780.500482553378,4780.362830650589,60.649945813336906,0.07629010667278635,0.061808165623382635,0.014481941049403715,4780.224376842012,4780.489449999999,4780.754523157986,0.0001108979156881059,0.003944156805968051,0.0016006758452719511,0.009488678342020723,0.0022472251354026373,-0.00011173321518744873,0.004978621214779544,0.0032841608686551282,-0.016999999999825377,3.555968326796055e-06,0.7,0.6,1.5584068547580544e-05,1.681840105983712e-05,0.001763824346824264,14.48494580431004,1.6524224710391948,8,5.73e-05,0
4780.678,4780.569535645887,4780.500482553378,4780.362830650589,60.649945813336906,0.07629010667278635,0.061808165623382635,0.014481941049403715,4780.224376842012,4780.489449999999,4780.754523157986,0.0001108979156881059,0.003944156805968051,0.0016006758452719511,0.009488678342020723,0.0022472251354026373,-0.00011173321518744873,0.004978621214779544,0.0032841608686551282,-0.016999999999825377,3.555968326796055e-06,0.7,0.6,1.5584068547580544e-05,1.681840105983712e-05,0.001763824346824264,14.48494580431004,1.6524224710391948,5,5.37e-05,0
4780.678,4780.569535645887,4780.500482553378,4780.362830650589,60.649945813336906,0.07629010667278635,0.061808165623382635,0.014481941049403715,4780.224376842012,4780.489449999999,4780.754523157986,0.0001108979156881059,0.003944156805968051,0.0016006758452719511,0.009488678342020723,0.0022472251354026373,-0.00011173321518744873,0.004978621214779544,0.0032841608686551282,-0.016999999999825377,3.555968326796055e-06,0.7,0.6,1.5584068547580544e-05,1.681840105983712e-05,0.001763824346824264,14.48494580431004,1.6524224710391948,3,5.11e-05,0
4780.678,4780.569535645887,4780.500482553378,4780.362830650589,60.649945813336906,0.07629010667278635,0.061808165623382635,0.014481941049403715,4780.224376842012,4780.489449999999,4780.754523157986,0.0001108979156881059,0.003944156805968051,0.0016006758452719511,0.009488678342020723,0.0022472251354026373,-0.00011173321518744873,0.004978621214779544,0.0032841608686551282,-0.016999999999825377,3.555968326796055e-06,0.7,0.6,1.5584068547580544e-05,1.681840105983712e-05,0.001763824346824264,14.48494580431004,1.6524224710391948,2,4.8599999999999995e-05,0
4780.685,4780.670738112357,4780.595966009734,4780.437949437218,57.44490597683538,0.08930774454074708,0.08445504847685606,0.004852696063891021,4780.3181255205445,4780.5887999999995,4780.859474479455,0.00011323897150702878,0.002012304425782509,0.003649570709096029,0.0076740985749086865,0.00152753138769214,-0.0006175370249397925,-0.001568788226136153,0.00456022392791855,-0.016999999999825377,3.5559631200721142e-06,0.6,0.6,1.1923093999965939e-05,1.4527516797246953e-05,0.00156508436315823,12.181404979491974,1.2192244243663926,15,6.13e-05,0
4780.685,4780.670738112357,4780.595966009734,4780.437949437218,57.44490597683538,0.08930774454074708,0.08445504847685606,0.004852696063891021,4780.3181255205445,4780.5887999999995,4780.859474479455,0.00011323897150702878,0.002012304425782509,0.003649570709096029,0.0076740985749086865,0.00152753138769214,-0.0006175370249397925,-0.001568788226136153,0.00456022392791855,-0.016999999999825377,3.5559631200721142e-06,0.6,0.6,1.1923093999965939e-05,1.4527516797246953e-05,0.00156508436315823,12.181404979491974,1.2192244243663926,8,5.73e-05,0
4780.685,4780.670738112357,4780.595966009734,4780.437949437218,57.44490597683538,0.08930774454074708,0.08445504847685606,0.004852696063891021,4780.3181255205445,4780.5887999999995,4780.859474479455,0.00011323897150702878,0.002012304425782509,0.003649570709096029,0.0076740985749086865,0.00152753138769214,-0.0006175370249397925,-0.001568788226136153,0.00456022392791855,-0.016999999999825377,3.5559631200721142e-06,0.6,0.6,1.1923093999965939e-05,1.4527516797246953e-05,0.00156508436315823,12.181404979491974,1.2192244243663926,5,5.37e-05,0
4780.685,4780.670738112357,4780.595966009734,4780.437949437218,57.44490597683538,0.08930774454074708,0.08445504847685606,0.004852696063891021,4780.3181255205445,4780.5887999999995,4780.859474479455,0.00011323897150702878,0.002012304425782509,0.003649570709096029,0.0076740985749086865,0.00152753138769214,-0.0006175370249397925,-0.001568788226136153,0.00456022392791855,-0.016999999999825377,3.5559631200721142e-06,0.6,0.6,1.1923093999965939e-05,1.4527516797246953e-05,0.00156508436315823,12.181404979491974,1.2192244243663926,3,5.11e-05,0
4780.685,4780.670738112357,4780.595966009734,4780.437949437218,57.44490597683538,0.08930774454074708,0.08445504847685606,0.004852696063891021,4780.3181255205445,4780.5887999999995,4780.859474479455,0.00011323897150702878,0.002012304425782509,0.003649570709096029,0.0076740985749086865,0.00152753138769214,-0.0006175370249397925,-0.001568788226136153,0.00456022392791855,-0.016999999999825377,3.5559631200721142e-06,0.6,0.6,1.1923093999965939e-05,1.4527516797246953e-05,0.00156508436315823,12.181404979491974,1.2192244243663926,2,4.8599999999999995e-05,0
4781.202,4780.863332730822,4780.721183366779,4780.515885947754,74.67254109952066,0.14495668388917693,0.10493270227608795,0.04002398161308898,4780.238750467483,4780.66585,4781.092949532517,0.000178677843596568,0.011214964961416553,-0.0022808169887620295,0.020146597707371153,0.0019919830977826185,-0.0001463445634374578,0.010458715059002976,0.010960788407010646,0.2359999999998763,4.9362409186626266e-05,0.7,0.7,1.7612073485118174e-05,1.659807101634936e-05,0.002025064155365071,15.996389786071166,5.0489424228271,2,4.8599999999999995e-05,1
4781.202,4780.863332730822,4780.721183366779,4780.515885947754,74.67254109952066,0.14495668388917693,0.10493270227608795,0.04002398161308898,4780.238750467483,4780.66585,4781.092949532517,0.000178677843596568,0.011214964961416553,-0.0022808169887620295,0.020146597707371153,0.0019919830977826185,-0.0001463445634374578,0.010458715059002976,0.010960788407010646,0.2359999999998763,4.9362409186626266e-05,0.7,0.7,1.7612073485118174e-05,1.659807101634936e-05,0.002025064155365071,15.996389786071166,5.0489424228271,15,6.13e-05,0
4781.202,4780.863332730822,4780.721183366779,4780.515885947754,74.67254109952066,0.14495668388917693,0.10493270227608795,0.04002398161308898,4780.238750467483,4780.66585,4781.092949532517,0.000178677843596568,0.011214964961416553,-0.0022808169887620295,0.020146597707371153,0.0019919830977826185,-0.0001463445634374578,0.010458715059002976,0.010960788407010646,0.2359999999998763,4.9362409186626266e-05,0.7,0.7,1.7612073485118174e-05,1.659807101634936e-05,0.002025064155365071,15.996389786071166,5.0489424228271,8,5.73e-05,0
4781.202,4780.863332730822,4780.721183366779,4780.515885947754,74.67254109952066,0.14495668388917693,0.10493270227608795,0.04002398161308898,4780.238750467483,4780.66585,4781.092949532517,0.000178677843596568,0.011214964961416553,-0.0022808169887620295,0.020146597707371153,0.0019919830977826185,-0.0001463445634374578,0.010458715059002976,0.010960788407010646,0.2359999999998763,4.9362409186626266e-05,0.7,0.7,1.7612073485118174e-05,1.659807101634936e-05,0.002025064155365071,15.996389786071166,5.0489424228271,5,5.37e-05,0
4781.202,4780.863332730822,4780.721183366779,4780.515885947754,74.67254109952066,0.14495668388917693,0.10493270227608795,0.04002398161308898,4780.238750467483,4780.66585,4781.092949532517,0.000178677843596568,0.011214964961416553,-0.0022808169887620295,0.020146597707371153,0.0019919830977826185,-0.0001463445634374578,0.010458715059002976,0.010960788407010646,0.2359999999998763,4.9362409186626266e-05,0.7,0.7,1.7612073485118174e-05,1.659807101634936e-05,0.002025064155365071,15.996389786071166,5.0489424228271,3,5.11e-05,0
4781.405,4781.257605879389,4781.024728690301,4780.702656456565,69.10396216359807,0.24568383756650292,0.1960618628190862,0.049621974747416725,4780.291347389834,4780.95115,4781.610952610165,0.0002760131151582967,0.009492880930186349,0.0043073659346090885,0.02329132567028824,0.0026346317916075045,0.0006485995142716458,0.0032627457804412785,0.015060603239902548,-0.04899999999997817,1.0247928768136738e-05,0.8,0.7,2.5767909889495843e-05,1.884550194473089e-05,0.0035658948933263803,18.505775932327463,3.018927214361396,15,6.13e-05,0
4781.405,4781.257605879389,4781.024728690301,4780.702656456565,69.10396216359807,0.24568383756650292,0.1960618628190862,0.049621974747416725,4780.291347389834,4780.95115,4781.610952610165,0.0002760131151582967,0.009492880930186349,0.0043073659346090885,0.02329132567028824,0.0026346317916075045,0.0006485995142716458,0.0032627457804412785,0.015060603239902548,-0.04899999999997817,1.0247928768136738e-05,0.8,0.7,2.5767909889495843e-05,1.884550194473089e-05,0.0035658948933263803,18.505775932327463,3.018927214361396,8,5.73e-05,0
4781.405,4781.257605879389,4781.024728690301,4780.702656456565,69.10396216359807,0.24568383756650292,0.1960618628190862,0.049621974747416725,4780.291347389834,4780.95115,4781.610952610165,0.0002760131151582967,0.009492880930186349,0.0043073659346090885,0.02329132567028824,0.0026346317916075045,0.0006485995142716458,0.0032627457804412785,0.015060603239902548,-0.04899999999997817,1.0247928768136738e-05,0.8,0.7,2.5767909889495843e-05,1.884550194473089e-05,0.0035658948933263803,18.505775932327463,3.018927214361396,5,5.37e-05,0
4781.405,4781.257605879389,4781.024728690301,4780.702656456565,69.10396216359807,0.24568383756650292,0.1960618628190862,0.049621974747416725,4780.291347389834,4780.95115,4781.610952610165,0.0002760131151582967,0.009492880930186349,0.0043073659346090885,0.02329132567028824,0.0026346317916075045,0.0006485995142716458,0.0032627457804412785,0.015060603239902548,-0.04899999999997817,1.0247928768136738e-05,0.8,0.7,2.5767909889495843e-05,1.884550194473089e-05,0.0035658948933263803,18.505775932327463,3.018927214361396,3,5.11e-05,0
4781.405,4781.257605879389,4781.024728690301,4780.702656456565,69.10396216359807,0.24568383756650292,0.1960618628190862,0.049621974747416725,4780.291347389834,4780.95115,4781.610952610165,0.0002760131151582967,0.009492880930186349,0.0043073659346090885,0.02329132567028824,0.0026346317916075045,0.0006485995142716458,0.0032627457804412785,0.015060603239902548,-0.04899999999997817,1.0247928768136738e-05,0.8,0.7,2.5767909889495843e-05,1.884550194473089e-05,0.0035658948933263803,18.505775932327463,3.018927214361396,2,4.8599999999999995e-05,0
4781.604,4781.490859708518,4781.279656836149,4780.902314795179,66.13749093738767,0.24848921049397177,0.23377328898553126,0.014715921508440505,4780.573366530404,4781.24255,4781.911733469596,0.0002799203188701384,0.0075597503414741385,0.006435779073202319,0.021554136846047237,0.002956694848616453,0.0005585887467182073,0.00257242473620245,0.0024469375321967135,-0.14699999999993452,3.07418767727663e-05,0.6,0.7,2.4741314216869537e-05,2.1469218256109367e-05,0.0033663202225107957,15.425890575183118,2.2943205646157616,15,6.13e-05,0
4781.604,4781.490859708518,4781.279656836149,4780.902314795179,66.13749093738767,0.24848921049397177,0.23377328898553126,0.014715921508440505,4780.573366530404,4781.24255,4781.911733469596,0.0002799203188701384,0.0075597503414741385,0.006435779073202319,0.021554136846047237,0.002956694848616453,0.0005585887467182073,0.00257242473620245,0.0024469375321967135,-0.14699999999993452,3.07418767727663e-05,0.6,0.7,2.4741314216869537e-05,2.1469218256109367e-05,0.0033663202225107957,15.425890575183118,2.2943205646157616,8,5.73e-05,0
4781.604,4781.490859708518,4781.279656836149,4780.902314795179,66.13749093738767,0.24848921049397177,0.23377328898553126,0.014715921508440505,4780.573366530404,4781.24255,4781.911733469596,0.0002799203188701384,0.0075597503414741385,0.006435779073202319,0.021554136846047237,0.002956694848616453,0.0005585887467182073,0.00257242473620245,0.0024469375321967135,-0.14699999999993452,3.07418767727663e-05,0.6,0.7,2.4741314216869537e-05,2.1469218256109367e-05,0.0033663202225107957,15.425890575183118,2.2943205646157616,5,5.37e-05,0
4781.604,4781.490859708518,4781.279656836149,4780.902314795179,66.13749093738767,0.24848921049397177,0.23377328898553126,0.014715921508440505,4780.573366530404,4781.24255,4781.911733469596,0.0002799203188701384,0.0075597503414741385,0.006435779073202319,0.021554136846047237,0.002956694848616453,0.0005585887467182073,0.00257242473620245,0.0024469375321967135,-0.14699999999993452,3.07418767727663e-05,0.6,0.7,2.4741314216869537e-05,2.1469218256109367e-05,0.0033663202225107957,15.425890575183118,2.2943205646157616,3,5.11e-05,0
4781.604,4781.490859708518,4781.279656836149,4780.902314795179,66.13749093738767,0.24848921049397177,0.23377328898553126,0.014715921508440505,4780.573366530404,4781.24255,4781.911733469596,0.0002799203188701384,0.0075597503414741385,0.006435779073202319,0.021554136846047237,0.002956694848616453,0.0005585887467182073,0.00257242473620245,0.0024469375321967135,-0.14699999999993452,3.07418767727663e-05,0.6,0.7,2.4741314216869537e-05,2.1469218256109367e-05,0.0033663202225107957,15.425890575183118,2.2943205646157616,2,4.8599999999999995e-05,0
4781.217,4781.242810655544,4781.234736910663,4780.9748095967525,51.299795937343056,0.07248746306231624,0.14344225241226957,-0.07095478934995333,4781.006241975713,4781.36835,4781.730458024286,0.00015146627399518348,-0.003165411842827235,0.010739065478236866,0.0044080413895961216,0.0028916289626017113,-0.00017708310278749095,-0.0015476991465424028,-0.0035136262819368547,0.0749999999998181,1.5686628842992434e-05,0.5,0.6,3.003318049825676e-05,2.500326938150721e-05,0.0031559656854047067,16.752060628089666,-0.12829075071311427,2,4.8599999999999995e-05,1
4781.217,4781.242810655544,4781.234736910663,4780.9748095967525,51.299795937343056,0.07248746306231624,0.14344225241226957,-0.07095478934995333,4781.006241975713,4781.36835,4781.730458024286,0.00015146627399518348,-0.003165411842827235,0.010739065478236866,0.0044080413895961216,0.0028916289626017113,-0.00017708310278749095,-0.0015476991465424028,-0.0035136262819368547,0.0749999999998181,1.5686628842992434e-05,0.5,0.6,3.003318049825676e-05,2.500326938150721e-05,0.0031559656854047067,16.752060628089666,-0.12829075071311427,15,6.13e-05,0
4781.217,4781.242810655544,4781.234736910663,4780.9748095967525,51.299795937343056,0.07248746306231624,0.14344225241226957,-0.07095478934995333,4781.006241975713,4781.36835,4781.730458024286,0.00015146627399518348,-0.003165411842827235,0.010739065478236866,0.0044080413895961216,0.0028916289626017113,-0.00017708310278749095,-0.0015476991465424028,-0.0035136262819368547,0.0749999999998181,1.5686628842992434e-05,0.5,0.6,3.003318049825676e-05,2.500326938150721e-05,0.0031559656854047067,16.752060628089666,-0.12829075071311427,8,5.73e-05,0
4781.217,4781.242810655544,4781.234736910663,4780.9748095967525,51.299795937343056,0.07248746306231624,0.14344225241226957,-0.07095478934995333,4781.006241975713,4781.36835,4781.730458024286,0.00015146627399518348,-0.003165411842827235,0.010739065478236866,0.0044080413895961216,0.0028916289626017113,-0.00017708310278749095,-0.0015476991465424028,-0.0035136262819368547,0.0749999999998181,1.5686628842992434e-05,0.5,0.6,3.003318049825676e-05,2.500326938150721e-05,0.0031559656854047067,16.752060628089666,-0.12829075071311427,5,5.37e-05,0
4781.217,4781.242810655544,4781.234736910663,4780.9748095967525,51.299795937343056,0.07248746306231624,0.14344225241226957,-0.07095478934995333,4781.006241975713,4781.36835,4781.730458024286,0.00015146627399518348,-0.003165411842827235,0.010739065478236866,0.0044080413895961216,0.0028916289626017113,-0.00017708310278749095,-0.0015476991465424028,-0.0035136262819368547,0.0749999999998181,1.5686628842992434e-05,0.5,0.6,3.003318049825676e-05,2.500326938150721e-05,0.0031559656854047067,16.752060628089666,-0.12829075071311427,3,5.11e-05,0
4781.103,4781.148954611402,4781.203384652985,4781.05288792175,47.222828116684546,-0.01445188485286053,0.04032225628502184,-0.05477414113788237,4780.817380480514,4781.28275,4781.748119519487,0.0001946630407860977,-0.003759451373174701,0.013493110679414305,0.0059739252529451385,0.003097461602545708,-0.00034808158814093014,-0.003764679898687895,-0.0023843301820369867,0.08500000000003638,1.7778640448495864e-05,0.5,0.5,2.6227133627909625e-05,2.8130157063083195e-05,0.0021885587672088756,15.329248627547214,-0.6778352848610413,15,6.13e-05,0
4781.103,4781.148954611402,4781.203384652985,4781.05288792175,47.222828116684546,-0.01445188485286053,0.04032225628502184,-0.05477414113788237,4780.817380480514,4781.28275,4781.748119519487,0.0001946630407860977,-0.003759451373174701,0.013493110679414305,0.0059739252529451385,0.003097461602545708,-0.00034808158814093014,-0.003764679898687895,-0.0023843301820369867,0.08500000000003638,1.7778640448495864e-05,0.5,0.5,2.6227133627909625e-05,2.8130157063083195e-05,0.0021885587672088756,15.329248627547214,-0.6778352848610413,8,5.73e-05,0
4781.103,4781.148954611402,4781.203384652985,4781.05288792175,47.222828116684546,-0.01445188485286053,0.04032225628502184,-0.05477414113788237,4780.817380480514,4781.28275,4781.748119519487,0.0001946630407860977,-0.003759451373174701,0.013493110679414305,0.0059739252529451385,0.003097461602545708,-0.00034808158814093014,-0.003764679898687895,-0.0023843301820369867,0.08500000000003638,1.7778640448495864e-05,0.5,0.5,2.6227133627909625e-05,2.8130157063083195e-05,0.0021885587672088756,15.329248627547214,-0.6778352848610413,5,5.37e-05,0
4781.103,4781.148954611402,4781.203384652985,4781.05288792175,47.222828116684546,-0.01445188485286053,0.04032225628502184,-0.05477414113788237,4780.817380480514,4781.28275,4781.748119519487,0.0001946630407860977,-0.003759451373174701,0.013493110679414305,0.0059739252529451385,0.003097461602545708,-0.00034808158814093014,-0.003764679898687895,-0.0023843301820369867,0.08500000000003638,1.7778640448495864e-05,0.5,0.5,2.6227133627909625e-05,2.8130157063083195e-05,0.0021885587672088756,15.329248627547214,-0.6778352848610413,3,5.11e-05,0
4781.103,4781.148954611402,4781.203384652985,4781.05288792175,47.222828116684546,-0.01445188485286053,0.04032225628502184,-0.05477414113788237,4780.817380480514,4781.28275,4781.748119519487,0.0001946630407860977,-0.003759451373174701,0.013493110679414305,0.0059739252529451385,0.003097461602545708,-0.00034808158814093014,-0.003764679898687895,-0.0023843301820369867,0.08500000000003638,1.7778640448495864e-05,0.5,0.5,2.6227133627909625e-05,2.8130157063083195e-05,0.0021885587672088756,15.329248627547214,-0.6778352848610413,2,4.8599999999999995e-05,0
4780.967,4780.81906077101,4780.926371045189,4780.960663687225,50.02830092733984,-0.11354592158204468,-0.10201918829723683,-0.011526733284807855,4780.42264166043,4780.99305,4781.56345833957,0.0002386150047092619,-0.0005448658830490417,0.012475684094258444,0.011385946390551398,0.0024527345137065706,0.00014514703050313126,0.005626793409652109,-0.0019870062341831307,0.13799999999991996,2.8865286752610686e-05,0.4,0.4,2.1565495745712315e-05,2.4199594977147855e-05,0.0029806644897061607,15.60170395737662,0.3464759166855622,15,6.13e-05,0
4780.967,4780.81906077101,4780.926371045189,4780.960663687225,50.02830092733984,-0.11354592158204468,-0.10201918829723683,-0.011526733284807855,4780.42264166043,4780.99305,4781.56345833957,0.0002386150047092619,-0.0005448658830490417,0.012475684094258444,0.011385946390551398,0.0024527345137065706,0.00014514703050313126,0.005626793409652109,-0.0019870062341831307,0.13799999999991996,2.8865286752610686e-05,0.4,0.4,2.1565495745712315e-05,2.4199594977147855e-05,0.0029806644897061607,15.60170395737662,0.3464759166855622,8,5.73e-05,0
4780.967,4780.81906077101,4780.926371045189,4780.960663687225,50.02830092733984,-0.11354592158204468,-0.10201918829723683,-0.011526733284807855,4780.42264166043,4780.99305,4781.56345833957,0.0002386150047092619,-0.0005448658830490417,0.012475684094258444,0.011385946390551398,0.0024527345137065706,0.00014514703050313126,0.005626793409652109,-0.0019870062341831307,0.13799999999991996,2.8865286752610686e-05,0.4,0.4,2.1565495745712315e-05,2.4199594977147855e-05,0.0029806644897061607,15.60170395737662,0.3464759166855622,5,5.37e-05,0
4780.967,4780.81906077101,4780.926371045189,4780.960663687225,50.02830092733984,-0.11354592158204468,-0.10201918829723683,-0.011526733284807855,4780.42264166043,4780.99305,4781.56345833957,0.0002386150047092619,-0.0005448658830490417,0.012475684094258444,0.011385946390551398,0.0024527345137065706,0.00014514703050313126,0.005626793409652109,-0.0019870062341831307,0.13799999999991996,2.8865286752610686e-05,0.4,0.4,2.1565495745712315e-05,2.4199594977147855e-05,0.0029806644897061607,15.60170395737662,0.3464759166855622,3,5.11e-05,0
4780.967,4780.81906077101,4780.926371045189,4780.960663687225,50.02830092733984,-0.11354592158204468,-0.10201918829723683,-0.011526733284807855,4780.42264166043,4780.99305,4781.56345833957,0.0002386150047092619,-0.0005448658830490417,0.012475684094258444,0.011385946390551398,0.0024527345137065706,0.00014514703050313126,0.005626793409652109,-0.0019870062341831307,0.13799999999991996,2.8865286752610686e-05,0.4,0.4,2.1565495745712315e-05,2.4199594977147855e-05,0.0029806644897061607,15.60170395737662,0.3464759166855622,2,4.8599999999999995e-05,0
4780.391,4780.6320375134455,4780.784201844818,4780.891193209088,34.92012444987061,-0.156305941570281,-0.12322133931951776,-0.033084602250763234,4780.389510144349,4780.7926,4781.195689855651,0.00016862888201891888,-0.008400280740062728,0.016833138871931278,3.116597891294068e-05,0.0027634801881215266,0.00031074567441495603,-0.01204777192563844,-0.006421656419219879,-0.03099999999994907,6.484783142579609e-06,0.4,0.35,2.512172448803085e-05,2.1743085988229495e-05,0.0025254178356919465,20.578132684829086,-2.9761858717468628,2,4.8599999999999995e-05,1
4780.391,4780.6320375134455,4780.784201844818,4780.891193209088,34.92012444987061,-0.156305941570281,-0.12322133931951776,-0.033084602250763234,4780.389510144349,4780.7926,4781.195689855651,0.00016862888201891888,-0.008400280740062728,0.016833138871931278,3.116597891294068e-05,0.0027634801881215266,0.00031074567441495603,-0.01204777192563844,-0.006421656419219879,-0.03099999999994907,6.484783142579609e-06,0.4,0.35,2.512172448803085e-05,2.1743085988229495e-05,0.0025254178356919465,20.578132684829086,-2.9761858717468628,3,5.11e-05,1
4780.391,4780.6320375134455,4780.784201844818,4780.891193209088,34.92012444987061,-0.156305941570281,-0.12322133931951776,-0.033084602250763234,4780.389510144349,4780.7926,4781.195689855651,0.00016862888201891888,-0.008400280740062728,0.016833138871931278,3.116597891294068e-05,0.0027634801881215266,0.00031074567441495603,-0.01204777192563844,-0.006421656419219879,-0.03099999999994907,6.484783142579609e-06,0.4,0.35,2.512172448803085e-05,2.1743085988229495e-05,0.0025254178356919465,20.578132684829086,-2.9761858717468628,5,5.37e-05,1
4780.391,4780.6320375134455,4780.784201844818,4780.891193209088,34.92012444987061,-0.156305941570281,-0.12322133931951776,-0.033084602250763234,4780.389510144349,4780.7926,4781.195689855651,0.00016862888201891888,-0.008400280740062728,0.016833138871931278,3.116597891294068e-05,0.0027634801881215266,0.00031074567441495603,-0.01204777192563844,-0.006421656419219879,-0.03099999999994907,6.484783142579609e-06,0.4,0.35,2.512172448803085e-05,2.1743085988229495e-05,0.0025254178356919465,20.578132684829086,-2.9761858717468628,8,5.73e-05,0
4780.196,4780.205309883633,4780.344509990277,4780.575901454774,42.455350064436,-0.16319691582793894,-0.150389461913414,-0.012807453914524924,4779.953808650011,4780.3691,4780.784391349989,0.00017374865467575495,-0.0036210593027215555,0.012308937750444782,0.005066556894095933,0.002936425543751713,0.0005643258789996375,-0.0014852726845537845,-0.0055852330621442015,-0.02400000000034197,5.0206894244286815e-06,0.4,0.55,2.667229904877999e-05,2.240419252096948e-05,0.003920011841591623,29.558461539371127,-1.0579800535027446,5,5.37e-05,0
4780.196,4780.205309883633,4780.344509990277,4780.575901454774,42.455350064436,-0.16319691582793894,-0.150389461913414,-0.012807453914524924,4779.953808650011,4780.3691,4780.784391349989,0.00017374865467575495,-0.0036210593027215555,0.012308937750444782,0.005066556894095933,0.002936425543751713,0.0005643258789996375,-0.0014852726845537845,-0.0055852330621442015,-0.02400000000034197,5.0206894244286815e-06,0.4,0.55,2.667229904877999e-05,2.240419252096948e-05,0.003920011841591623,29.558461539371127,-1.0579800535027446,3,5.11e-05,0
4780.196,4780.205309883633,4780.344509990277,4780.575901454774,42.455350064436,-0.16319691582793894,-0.150389461913414,-0.012807453914524924,4779.953808650011,4780.3691,4780.784391349989,0.00017374865467575495,-0.0036210593027215555,0.012308937750444782,0.005066556894095933,0.002936425543751713,0.0005643258789996375,-0.0014852726845537845,-0.0055852330621442015,-0.02400000000034197,5.0206894244286815e-06,0.4,0.55,2.667229904877999e-05,2.240419252096948e-05,0.003920011841591623,29.558461539371127,-1.0579800535027446,2,4.8599999999999995e-05,0
4780.278,4780.2304277283365,4780.311857499927,4780.526906058575,46.56999791371915,-0.11939104897373909,-0.14045315871852992,0.021062109744790836,4779.916351377267,4780.32,4780.723648622732,0.0001688793313972128,-0.0008786022692928838,0.009322650748174555,0.0075654307706141885,0.0029899416766661453,-1.5048493587853894e-06,0.0012133332775388084,-0.0015898404176817316,0.005000000000109139,1.045965366541779e-06,0.5,0.55,2.5187510953872394e-05,2.2728629100571275e-05,0.0023067331503182895,30.52897813390946,-0.23688411534514217,5,5.37e-05,0
4780.278,4780.2304277283365,4780.311857499927,4780.526906058575,46.56999791371915,-0.11939104897373909,-0.14045315871852992,0.021062109744790836,4779.916351377267,4780.32,4780.723648622732,0.0001688793313972128,-0.0008786022692928838,0.009322650748174555,0.0075654307706141885,0.0029899416766661453,-1.5048493587853894e-06,0.0012133332775388084,-0.0015898404176817316,0.005000000000109139,1.045965366541779e-06,0.5,0.55,2.5187510953872394e-05,2.2728629100571275e-05,0.0023067331503182895,30.52897813390946,-0.23688411534514217,3,5.11e-05,0
4780.278,4780.2304277283365,4780.311857499927,4780.526906058575,46.56999791371915,-0.11939104897373909,-0.14045315871852992,0.021062109744790836,4779.916351377267,4780.32,4780.723648622732,0.0001688793313972128,-0.0008786022692928838,0.009322650748174555,0.0075654307706141885,0.0029899416766661453,-1.5048493587853894e-06,0.0012133332775388084,-0.0015898404176817316,0.005000000000109139,1.045965366541779e-06,0.5,0.55,2.5187510953872394e-05,2.2728629100571275e-05,0.0023067331503182895,30.52897813390946,-0.23688411534514217,2,4.8599999999999995e-05,0
4780.391,4780.6320375134455,4780.784201844818,4780.891193209088,34.92012444987061,-0.156305941570281,-0.12322133931951776,-0.033084602250763234,4780.389510144349,4780.7926,4781.195689855651,0.00016862888201891888,-0.008400280740062728,0.016833138871931278,3.116597891294068e-05,0.0027634801881215266,0.00031074567441495603,-0.01204777192563844,-0.006421656419219879,-0.03099999999994907,6.484783142579609e-06,0.4,0.35,2.512172448803085e-05,2.1743085988229495e-05,0.0025254178356919465,20.578132684829086,-2.9761858717468628,15,6.13e-05,0
4780.196,4780.205309883633,4780.344509990277,4780.575901454774,42.455350064436,-0.16319691582793894,-0.150389461913414,-0.012807453914524924,4779.953808650011,4780.3691,4780.784391349989,0.00017374865467575495,-0.0036210593027215555,0.012308937750444782,0.005066556894095933,0.002936425543751713,0.0005643258789996375,-0.0014852726845537845,-0.0055852330621442015,-0.02400000000034197,5.0206894244286815e-06,0.4,0.55,2.667229904877999e-05,2.240419252096948e-05,0.003920011841591623,29.558461539371127,-1.0579800535027446,15,6.13e-05,0
4780.196,4780.205309883633,4780.344509990277,4780.575901454774,42.455350064436,-0.16319691582793894,-0.150389461913414,-0.012807453914524924,4779.953808650011,4780.3691,4780.784391349989,0.00017374865467575495,-0.0036210593027215555,0.012308937750444782,0.005066556894095933,0.002936425543751713,0.0005643258789996375,-0.0014852726845537845,-0.0055852330621442015,-0.02400000000034197,5.0206894244286815e-06,0.4,0.55,2.667229904877999e-05,2.240419252096948e-05,0.003920011841591623,29.558461539371127,-1.0579800535027446,8,5.73e-05,0
4780.278,4780.2304277283365,4780.311857499927,4780.526906058575,46.56999791371915,-0.11939104897373909,-0.14045315871852992,0.021062109744790836,4779.916351377267,4780.32,4780.723648622732,0.0001688793313972128,-0.0008786022692928838,0.009322650748174555,0.0075654307706141885,0.0029899416766661453,-1.5048493587853894e-06,0.0012133332775388084,-0.0015898404176817316,0.005000000000109139,1.045965366541779e-06,0.5,0.55,2.5187510953872394e-05,2.2728629100571275e-05,0.0023067331503182895,30.52897813390946,-0.23688411534514217,15,6.13e-05,0
4780.278,4780.2304277283365,4780.311857499927,4780.526906058575,46.56999791371915,-0.11939104897373909,-0.14045315871852992,0.021062109744790836,4779.916351377267,4780.32,4780.723648622732,0.0001688793313972128,-0.0008786022692928838,0.009322650748174555,0.0075654307706141885,0.0029899416766661453,-1.5048493587853894e-06,0.0012133332775388084,-0.0015898404176817316,0.005000000000109139,1.045965366541779e-06,0.5,0.55,2.5187510953872394e-05,2.2728629100571275e-05,0.0023067331503182895,30.52897813390946,-0.23688411534514217,8,5.73e-05,0
4780.541,4780.465992638023,4780.412804681793,4780.533156515509,53.1683536922081,0.0030344447504830896,-0.06869471309721067,0.07172915784769376,4779.886628453325,4780.3279999999995,4780.769371546674,0.00018466161597045975,0.0044557611946428695,0.004777106747411441,0.013688232078232682,0.0036818005405129155,0.0006918588638467702,0.005501772072658007,0.00671517210504291,-0.29500000000007276,6.170468930544182e-05,0.7,0.6,2.629454229596817e-05,2.6399734568360866e-05,0.0047244781840403765,25.275844569473847,0.7283607032130612,15,6.13e-05,0
4780.541,4780.465992638023,4780.412804681793,4780.533156515509,53.1683536922081,0.0030344447504830896,-0.06869471309721067,0.07172915784769376,4779.886628453325,4780.3279999999995,4780.769371546674,0.00018466161597045975,0.0044557611946428695,0.004777106747411441,0.013688232078232682,0.0036818005405129155,0.0006918588638467702,0.005501772072658007,0.00671517210504291,-0.29500000000007276,6.170468930544182e-05,0.7,0.6,2.629454229596817e-05,2.6399734568360866e-05,0.0047244781840403765,25.275844569473847,0.7283607032130612,8,5.73e-05,0
4780.541,4780.465992638023,4780.412804681793,4780.533156515509,53.1683536922081,0.0030344447504830896,-0.06869471309721067,0.07172915784769376,4779.886628453325,4780.3279999999995,4780.769371546674,0.00018466161597045975,0.0044557611946428695,0.004777106747411441,0.013688232078232682,0.0036818005405129155,0.0006918588638467702,0.005501772072658007,0.00671517210504291,-0.29500000000007276,6.170468930544182e-05,0.7,0.6,2.629454229596817e-05,2.6399734568360866e-05,0.0047244781840403765,25.275844569473847,0.7283607032130612,5,5.37e-05,0
4780.541,4780.465992638023,4780.412804681793,4780.533156515509,53.1683536922081,0.0030344447504830896,-0.06869471309721067,0.07172915784769376,4779.886628453325,4780.3279999999995,4780.769371546674,0.00018466161597045975,0.0044557611946428695,0.004777106747411441,0.013688232078232682,0.0036818005405129155,0.0006918588638467702,0.005501772072658007,0.00671517210504291,-0.29500000000007276,6.170468930544182e-05,0.7,0.6,2.629454229596817e-05,2.6399734568360866e-05,0.0047244781840403765,25.275844569473847,0.7283607032130612,3,5.11e-05,0
4780.541,4780.465992638023,4780.412804681793,4780.533156515509,53.1683536922081,0.0030344447504830896,-0.06869471309721067,0.07172915784769376,4779.886628453325,4780.3279999999995,4780.769371546674,0.00018466161597045975,0.0044557611946428695,0.004777106747411441,0.013688232078232682,0.0036818005405129155,0.0006918588638467702,0.005501772072658007,0.00671517210504291,-0.29500000000007276,6.170468930544182e-05,0.7,0.6,2.629454229596817e-05,2.6399734568360866e-05,0.0047244781840403765,25.275844569473847,0.7283607032130612,2,4.8599999999999995e-05,0
4780.596,4780.366161419251,4780.32259227618,4780.402979684359,58.98703299911546,0.013976170926071063,-0.03220340155289391,0.046179572478964974,4779.860285876047,4780.30965,4780.759014123953,0.0001880062827952049,0.005990197727032221,0.003409912152247787,0.01538958999992209,0.0031980131636747716,7.794330916707217e-05,0.0052088268905903234,0.011276016164663005,0.06299999999919237,1.3178446838235658e-05,0.7,0.45,2.043836396050658e-05,2.638947324479224e-05,0.0034355566546887682,16.262859816797718,1.7884356856057413,15,6.13e-05,0
4780.596,4780.366161419251,4780.32259227618,4780.402979684359,58.98703299911546,0.013976170926071063,-0.03220340155289391,0.046179572478964974,4779.860285876047,4780.30965,4780.759014123953,0.0001880062827952049,0.005990197727032221,0.003409912152247787,0.01538958999992209,0.0031980131636747716,7.794330916707217e-05,0.0052088268905903234,0.011276016164663005,0.06299999999919237,1.3178446838235658e-05,0.7,0.45,2.043836396050658e-05,2.638947324479224e-05,0.0034355566546887682,16.262859816797718,1.7884356856057413,8,5.73e-05,0
4780.596,4780.366161419251,4780.32259227618,4780.402979684359,58.98703299911546,0.013976170926071063,-0.03220340155289391,0.046179572478964974,4779.860285876047,4780.30965,4780.759014123953,0.0001880062827952049,0.005990197727032221,0.003409912152247787,0.01538958999992209,0.0031980131636747716,7.794330916707217e-05,0.0052088268905903234,0.011276016164663005,0.06299999999919237,1.3178446838235658e-05,0.7,0.45,2.043836396050658e-05,2.638947324479224e-05,0.0034355566546887682,16.262859816797718,1.7884356856057413,5,5.37e-05,0
4780.596,4780.366161419251,4780.32259227618,4780.402979684359,58.98703299911546,0.013976170926071063,-0.03220340155289391,0.046179572478964974,4779.860285876047,4780.30965,4780.759014123953,0.0001880062827952049,0.005990197727032221,0.003409912152247787,0.01538958999992209,0.0031980131636747716,7.794330916707217e-05,0.0052088268905903234,0.011276016164663005,0.06299999999919237,1.3178446838235658e-05,0.7,0.45,2.043836396050658e-05,2.638947324479224e-05,0.0034355566546887682,16.262859816797718,1.7884356856057413,3,5.11e-05,0
4780.596,4780.366161419251,4780.32259227618,4780.402979684359,58.98703299911546,0.013976170926071063,-0.03220340155289391,0.046179572478964974,4779.860285876047,4780.30965,4780.759014123953,0.0001880062827952049,0.005990197727032221,0.003409912152247787,0.01538958999992209,0.0031980131636747716,7.794330916707217e-05,0.0052088268905903234,0.011276016164663005,0.06299999999919237,1.3178446838235658e-05,0.7,0.45,2.043836396050658e-05,2.638947324479224e-05,0.0034355566546887682,16.262859816797718,1.7884356856057413,2,4.8599999999999995e-05,0
4780.536,4780.453715995578,4780.396102092345,4780.4157105549275,55.728362040039485,0.04635188600695983,0.020662475642998925,0.025689410363960906,4780.010357947836,4780.3432,4780.676042052164,0.00013925445861873224,0.004033183224162785,0.002929421557834992,0.01099546268794285,0.002639594428839825,0.0002146508074987179,0.002614837929204583,0.00681978406806838,-0.06400000000030559,1.3387440907064452e-05,0.5,0.55,2.2173974443018273e-05,1.9611906451288964e-05,0.0026814513299513966,13.656572337057506,1.1086900053694926,15,6.13e-05,0
4780.536,4780.453715995578,4780.396102092345,4780.4157105549275,55.728362040039485,0.04635188600695983,0.020662475642998925,0.025689410363960906,4780.010357947836,4780.3432,4780.676042052164,0.00013925445861873224,0.004033183224162785,0.002929421557834992,0.01099546268794285,0.002639594428839825,0.0002146508074987179,0.002614837929204583,0.00681978406806838,-0.06400000000030559,1.3387440907064452e-05,0.5,0.55,2.2173974443018273e-05,1.9611906451288964e-05,0.0026814513299513966,13.656572337057506,1.1086900053694926,8,5.73e-05,0
4780.536,4780.453715995578,4780.396102092345,4780.4157105549275,55.728362040039485,0.04635188600695983,0.020662475642998925,0.025689410363960906,4780.010357947836,4780.3432,4780.676042052164,0.00013925445861873224,0.004033183224162785,0.002929421557834992,0.01099546268794285,0.002639594428839825,0.0002146508074987179,0.002614837929204583,0.00681978406806838,-0.06400000000030559,1.3387440907064452e-05,0.5,0.55,2.2173974443018273e-05,1.9611906451288964e-05,0.0026814513299513966,13.656572337057506,1.1086900053694926,5,5.37e-05,0
4780.536,4780.453715995578,4780.396102092345,4780.4157105549275,55.728362040039485,0.04635188600695983,0.020662475642998925,0.025689410363960906,4780.010357947836,4780.3432,4780.676042052164,0.00013925445861873224,0.004033183224162785,0.002929421557834992,0.01099546268794285,0.002639594428839825,0.0002146508074987179,0.002614837929204583,0.00681978406806838,-0.06400000000030559,1.3387440907064452e-05,0.5,0.55,2.2173974443018273e-05,1.9611906451288964e-05,0.0026814513299513966,13.656572337057506,1.1086900053694926,3,5.11e-05,0
4780.536,4780.453715995578,4780.396102092345,4780.4157105549275,55.728362040039485,0.04635188600695983,0.020662475642998925,0.025689410363960906,4780.010357947836,4780.3432,4780.676042052164,0.00013925445861873224,0.004033183224162785,0.002929421557834992,0.01099546268794285,0.002639594428839825,0.0002146508074987179,0.002614837929204583,0.00681978406806838,-0.06400000000030559,1.3387440907064452e-05,0.5,0.55,2.2173974443018273e-05,1.9611906451288964e-05,0.0026814513299513966,13.656572337057506,1.1086900053694926,2,4.8599999999999995e-05,0
4779.997,4780.008383767256,4780.120219905357,4780.264910644769,43.372965021117274,-0.11270996298753744,-0.08436960162145489,-0.028340361366082548,4779.699106821627,4780.1989,4780.698693178374,0.0002091097834333601,-0.0042236736216148514,0.014679782819397509,0.006232078772720355,0.0028545583980936567,-0.00024147909531089563,0.003054488518583476,-0.002029248797197347,0.03800000000046566,7.949858984224178e-06,0.7,0.5,1.8597784927176785e-05,2.0971463063923502e-05,0.00019703433655258467,7.589262721535758,-0.90303195665883,2,4.8599999999999995e-05,1
4779.997,4780.008383767256,4780.120219905357,4780.264910644769,43.372965021117274,-0.11270996298753744,-0.08436960162145489,-0.028340361366082548,4779.699106821627,4780.1989,4780.698693178374,0.0002091097834333601,-0.0042236736216148514,0.014679782819397509,0.006232078772720355,0.0028545583980936567,-0.00024147909531089563,0.003054488518583476,-0.002029248797197347,0.03800000000046566,7.949858984224178e-06,0.7,0.5,1.8597784927176785e-05,2.0971463063923502e-05,0.00019703433655258467,7.589262721535758,-0.90303195665883,3,5.11e-05,1
4779.997,4780.008383767256,4780.120219905357,4780.264910644769,43.372965021117274,-0.11270996298753744,-0.08436960162145489,-0.028340361366082548,4779.699106821627,4780.1989,4780.698693178374,0.0002091097834333601,-0.0042236736216148514,0.014679782819397509,0.006232078772720355,0.0028545583980936567,-0.00024147909531089563,0.003054488518583476,-0.002029248797197347,0.03800000000046566,7.949858984224178e-06,0.7,0.5,1.8597784927176785e-05,2.0971463063923502e-05,0.00019703433655258467,7.589262721535758,-0.90303195665883,5,5.37e-05,1
4779.997,4780.008383767256,4780.120219905357,4780.264910644769,43.372965021117274,-0.11270996298753744,-0.08436960162145489,-0.028340361366082548,4779.699106821627,4780.1989,4780.698693178374,0.0002091097834333601,-0.0042236736216148514,0.014679782819397509,0.006232078772720355,0.0028545583980936567,-0.00024147909531089563,0.003054488518583476,-0.002029248797197347,0.03800000000046566,7.949858984224178e-06,0.7,0.5,1.8597784927176785e-05,2.0971463063923502e-05,0.00019703433655258467,7.589262721535758,-0.90303195665883,15,6.13e-05,0
4779.997,4780.008383767256,4780.120219905357,4780.264910644769,43.372965021117274,-0.11270996298753744,-0.08436960162145489,-0.028340361366082548,4779.699106821627,4780.1989,4780.698693178374,0.0002091097834333601,-0.0042236736216148514,0.014679782819397509,0.006232078772720355,0.0028545583980936567,-0.00024147909531089563,0.003054488518583476,-0.002029248797197347,0.03800000000046566,7.949858984224178e-06,0.7,0.5,1.8597784927176785e-05,2.0971463063923502e-05,0.00019703433655258467,7.589262721535758,-0.90303195665883,8,5.73e-05,0
4780.173,4780.111494160448,4780.088548513094,4780.174419238428,53.39532163816475,-0.003886954841618717,-0.04058222023167238,0.03669526539005366,4779.725932104941,4780.00235,4780.278767895058,0.00011565596617680744,0.0035700819268430547,0.0022126373890297853,0.009352546342116767,0.0023836965185158846,9.042531751984363e-05,0.002907929106776841,0.0030962181160276714,0.023999999999432475,5.0207639969990225e-06,0.6,0.65,1.0836632722888151e-05,1.4278411950618963e-05,0.001198886869751478,16.65542654765795,0.7411743761720159,15,6.13e-05,0
4780.173,4780.111494160448,4780.088548513094,4780.174419238428,53.39532163816475,-0.003886954841618717,-0.04058222023167238,0.03669526539005366,4779.725932104941,4780.00235,4780.278767895058,0.00011565596617680744,0.0035700819268430547,0.0022126373890297853,0.009352546342116767,0.0023836965185158846,9.042531751984363e-05,0.002907929106776841,0.0030962181160276714,0.023999999999432475,5.0207639969990225e-06,0.6,0.65,1.0836632722888151e-05,1.4278411950618963e-05,0.001198886869751478,16.65542654765795,0.7411743761720159,8,5.73e-05,0
4780.173,4780.111494160448,4780.088548513094,4780.174419238428,53.39532163816475,-0.003886954841618717,-0.04058222023167238,0.03669526539005366,4779.725932104941,4780.00235,4780.278767895058,0.00011565596617680744,0.0035700819268430547,0.0022126373890297853,0.009352546342116767,0.0023836965185158846,9.042531751984363e-05,0.002907929106776841,0.0030962181160276714,0.023999999999432475,5.0207639969990225e-06,0.6,0.65,1.0836632722888151e-05,1.4278411950618963e-05,0.001198886869751478,16.65542654765795,0.7411743761720159,5,5.37e-05,0
4780.173,4780.111494160448,4780.088548513094,4780.174419238428,53.39532163816475,-0.003886954841618717,-0.04058222023167238,0.03669526539005366,4779.725932104941,4780.00235,4780.278767895058,0.00011565596617680744,0.0035700819268430547,0.0022126373890297853,0.009352546342116767,0.0023836965185158846,9.042531751984363e-05,0.002907929106776841,0.0030962181160276714,0.023999999999432475,5.0207639969990225e-06,0.6,0.65,1.0836632722888151e-05,1.4278411950618963e-05,0.001198886869751478,16.65542654765795,0.7411743761720159,3,5.11e-05,0
4780.173,4780.111494160448,4780.088548513094,4780.174419238428,53.39532163816475,-0.003886954841618717,-0.04058222023167238,0.03669526539005366,4779.725932104941,4780.00235,4780.278767895058,0.00011565596617680744,0.0035700819268430547,0.0022126373890297853,0.009352546342116767,0.0023836965185158846,9.042531751984363e-05,0.002907929106776841,0.0030962181160276714,0.023999999999432475,5.0207639969990225e-06,0.6,0.65,1.0836632722888151e-05,1.4278411950618963e-05,0.001198886869751478,16.65542654765795,0.7411743761720159,2,4.8599999999999995e-05,0
4780.127,4780.065909010151,4780.069318891189,4780.15615213592,51.55186612589587,-0.017477609286288498,-0.029107969707315898,0.0116303604210274,4779.747827536175,4780.02145,4780.295072463826,0.00011448587278855483,0.002208149086866989,0.00351606691256133,0.007932267570000815,0.002749135241400896,0.0003829450474185452,-0.001297019845869496,0.0015271794000737415,0.28100000000085856,5.878850490170784e-05,0.5,0.6,1.9267723791838164e-05,1.9508531731249333e-05,0.0039077182841667215,18.96035790876277,0.4389381213361704,15,6.13e-05,0
4780.127,4780.065909010151,4780.069318891189,4780.15615213592,51.55186612589587,-0.017477609286288498,-0.029107969707315898,0.0116303604210274,4779.747827536175,4780.02145,4780.295072463826,0.00011448587278855483,0.002208149086866989,0.00351606691256133,0.007932267570000815,0.002749135241400896,0.0003829450474185452,-0.001297019845869496,0.0015271794000737415,0.28100000000085856,5.878850490170784e-05,0.5,0.6,1.9267723791838164e-05,1.9508531731249333e-05,0.0039077182841667215,18.96035790876277,0.4389381213361704,8,5.73e-05,0
4780.127,4780.065909010151,4780.069318891189,4780.15615213592,51.55186612589587,-0.017477609286288498,-0.029107969707315898,0.0116303604210274,4779.747827536175,4780.02145,4780.295072463826,0.00011448587278855483,0.002208149086866989,0.00351606691256133,0.007932267570000815,0.002749135241400896,0.0003829450474185452,-0.001297019845869496,0.0015271794000737415,0.28100000000085856,5.878850490170784e-05,0.5,0.6,1.9267723791838164e-05,1.9508531731249333e-05,0.0039077182841667215,18.96035790876277,0.4389381213361704,5,5.37e-05,0
4780.127,4780.065909010151,4780.069318891189,4780.15615213592,51.55186612589587,-0.017477609286288498,-0.029107969707315898,0.0116303604210274,4779.747827536175,4780.02145,4780.295072463826,0.00011448587278855483,0.002208149086866989,0.00351606691256133,0.007932267570000815,0.002749135241400896,0.0003829450474185452,-0.001297019845869496,0.0015271794000737415,0.28100000000085856,5.878850490170784e-05,0.5,0.6,1.9267723791838164e-05,1.9508531731249333e-05,0.0039077182841667215,18.96035790876277,0.4389381213361704,3,5.11e-05,0
4780.127,4780.065909010151,4780.069318891189,4780.15615213592,51.55186612589587,-0.017477609286288498,-0.029107969707315898,0.0116303604210274,4779.747827536175,4780.02145,4780.295072463826,0.00011448587278855483,0.002208149086866989,0.00351606691256133,0.007932267570000815,0.002749135241400896,0.0003829450474185452,-0.001297019845869496,0.0015271794000737415,0.28100000000085856,5.878850490170784e-05,0.5,0.6,1.9267723791838164e-05,1.9508531731249333e-05,0.0039077182841667215,18.96035790876277,0.4389381213361704,2,4.8599999999999995e-05,0
4780.416,4780.215835842817,4780.128246423611,4780.121336031118,60.70379026239239,0.06802874634468026,0.02139071783000044,0.04663802851467982,4779.640190719901,4780.0657,4780.4912092801,0.0001780349086413203,0.0073283511563462635,0.0015732789803114054,0.016228907277098175,0.0025009830053283107,4.683438752278116e-06,0.006213234440410886,0.008598317365771102,-0.05099999999947613,1.0668413776171448e-05,0.6,0.5,2.2698012466360052e-05,2.2625171788093202e-05,0.0034378834449524712,13.777490500747653,2.4069686896481794,2,4.8599999999999995e-05,1
4780.416,4780.215835842817,4780.128246423611,4780.121336031118,60.70379026239239,0.06802874634468026,0.02139071783000044,0.04663802851467982,4779.640190719901,4780.0657,4780.4912092801,0.0001780349086413203,0.0073283511563462635,0.0015732789803114054,0.016228907277098175,0.0025009830053283107,4.683438752278116e-06,0.006213234440410886,0.008598317365771102,-0.05099999999947613,1.0668413776171448e-05,0.6,0.5,2.2698012466360052e-05,2.2625171788093202e-05,0.0034378834449524712,13.777490500747653,2.4069686896481794,3,5.11e-05,1
4780.226,4780.197254939403,4780.134002174429,4780.124146793815,53.312027451776395,0.056262282454554224,0.03383356834881758,0.022428714105736644,4779.641363016402,4780.05765,4780.473936983598,0.00017417655353934225,0.0035219240504331265,0.005186720954161272,0.012230320984784031,0.003279102222594888,0.001021137277166774,0.0046025046830378,0.0023430403542690215,0.1389999999992142,2.907896864612347e-05,0.5,0.5,3.0207835736673073e-05,2.5145854865210593e-05,0.005085616593469448,12.833910931439233,0.5869249013729607,2,4.8599999999999995e-05,1
4780.226,4780.197254939403,4780.134002174429,4780.124146793815,53.312027451776395,0.056262282454554224,0.03383356834881758,0.022428714105736644,4779.641363016402,4780.05765,4780.473936983598,0.00017417655353934225,0.0035219240504331265,0.005186720954161272,0.012230320984784031,0.003279102222594888,0.001021137277166774,0.0046025046830378,0.0023430403542690215,0.1389999999992142,2.907896864612347e-05,0.5,0.5,3.0207835736673073e-05,2.5145854865210593e-05,0.005085616593469448,12.833910931439233,0.5869249013729607,3,5.11e-05,1
4780.02,4780.1648031612185,4780.130210396755,4780.123523434045,46.99098368512701,0.03839840029741026,0.03819180462050512,0.00020659567690513997,4779.675502501193,4780.07895,4780.482397498808,0.00016880369677053513,-0.001233243229165505,0.009673547366060173,0.007207030489576788,0.0034044928881162865,0.0009733275548132439,-0.009350550898046261,-0.005690028977312078,-0.1959999999999127,4.100233127535269e-05,0.3,0.5,3.079353667875262e-05,2.316885571088112e-05,0.003752605329870673,11.206957037544583,-0.6772209858289274,2,4.8599999999999995e-05,1
4780.416,4780.215835842817,4780.128246423611,4780.121336031118,60.70379026239239,0.06802874634468026,0.02139071783000044,0.04663802851467982,4779.640190719901,4780.0657,4780.4912092801,0.0001780349086413203,0.0073283511563462635,0.0015732789803114054,0.016228907277098175,0.0025009830053283107,4.683438752278116e-06,0.006213234440410886,0.008598317365771102,-0.05099999999947613,1.0668413776171448e-05,0.6,0.5,2.2698012466360052e-05,2.2625171788093202e-05,0.0034378834449524712,13.777490500747653,2.4069686896481794,5,5.37e-05,1
4780.02,4780.1648031612185,4780.130210396755,4780.123523434045,46.99098368512701,0.03839840029741026,0.03819180462050512,0.00020659567690513997,4779.675502501193,4780.07895,4780.482397498808,0.00016880369677053513,-0.001233243229165505,0.009673547366060173,0.007207030489576788,0.0034044928881162865,0.0009733275548132439,-0.009350550898046261,-0.005690028977312078,-0.1959999999999127,4.100233127535269e-05,0.3,0.5,3.079353667875262e-05,2.316885571088112e-05,0.003752605329870673,11.206957037544583,-0.6772209858289274,3,5.11e-05,1
4779.998,4780.11371402318,4780.111052048138,4780.115981455263,46.384876532135706,0.013966253623038938,0.03161663979200649,-0.017650386168967552,4779.774685417515,4780.1079,4780.441114582485,0.00013941718030473652,-0.00229911128157546,0.009270183428645317,0.00467185514481006,0.0033905537804359586,0.00012797841502516002,-0.001861890798238175,-0.0017572920297359573,-0.056000000000494765,1.1715348822494143e-05,0.4,0.5,2.8283300565257186e-05,2.2520234659173523e-05,0.0025737488522332365,9.804124343319096,-0.6975411146257366,2,4.8599999999999995e-05,1
4780.226,4780.197254939403,4780.134002174429,4780.124146793815,53.312027451776395,0.056262282454554224,0.03383356834881758,0.022428714105736644,4779.641363016402,4780.05765,4780.473936983598,0.00017417655353934225,0.0035219240504331265,0.005186720954161272,0.012230320984784031,0.003279102222594888,0.001021137277166774,0.0046025046830378,0.0023430403542690215,0.1389999999992142,2.907896864612347e-05,0.5,0.5,3.0207835736673073e-05,2.5145854865210593e-05,0.005085616593469448,12.833910931439233,0.5869249013729607,5,5.37e-05,1
4779.998,4780.11371402318,4780.111052048138,4780.115981455263,46.384876532135706,0.013966253623038938,0.03161663979200649,-0.017650386168967552,4779.774685417515,4780.1079,4780.441114582485,0.00013941718030473652,-0.00229911128157546,0.009270183428645317,0.00467185514481006,0.0033905537804359586,0.00012797841502516002,-0.001861890798238175,-0.0017572920297359573,-0.056000000000494765,1.1715348822494143e-05,0.4,0.5,2.8283300565257186e-05,2.2520234659173523e-05,0.0025737488522332365,9.804124343319096,-0.6975411146257366,3,5.11e-05,1
4779.949,4780.064976974836,4780.087341926028,4780.105628402187,44.85146612467947,-0.0079587034015276,0.019387658587666525,-0.027346361989194126,4779.843087244221,4780.1246,4780.406112755779,0.00011778469363696047,-0.0036735444092918837,0.009563130396981959,0.002215771669912443,0.0032934177380579063,9.598051568810145e-05,-0.005585521658446613,-0.004560510124451689,-0.06600000000071304,1.3807488052020034e-05,0.4,0.5,2.5061570561868418e-05,2.1965766062431725e-05,0.0019028643382021093,8.594539010032832,-0.8787617910846975,2,4.8599999999999995e-05,1
4780.02,4780.1648031612185,4780.130210396755,4780.123523434045,46.99098368512701,0.03839840029741026,0.03819180462050512,0.00020659567690513997,4779.675502501193,4780.07895,4780.482397498808,0.00016880369677053513,-0.001233243229165505,0.009673547366060173,0.007207030489576788,0.0034044928881162865,0.0009733275548132439,-0.009350550898046261,-0.005690028977312078,-0.1959999999999127,4.100233127535269e-05,0.3,0.5,3.079353667875262e-05,2.316885571088112e-05,0.003752605329870673,11.206957037544583,-0.6772209858289274,5,5.37e-05,1
4779.949,4780.064976974836,4780.087341926028,4780.105628402187,44.85146612467947,-0.0079587034015276,0.019387658587666525,-0.027346361989194126,4779.843087244221,4780.1246,4780.406112755779,0.00011778469363696047,-0.0036735444092918837,0.009563130396981959,0.002215771669912443,0.0032934177380579063,9.598051568810145e-05,-0.005585521658446613,-0.004560510124451689,-0.06600000000071304,1.3807488052020034e-05,0.4,0.5,2.5061570561868418e-05,2.1965766062431725e-05,0.0019028643382021093,8.594539010032832,-0.8787617910846975,3,5.11e-05,1
4780.416,4780.215835842817,4780.128246423611,4780.121336031118,60.70379026239239,0.06802874634468026,0.02139071783000044,0.04663802851467982,4779.640190719901,4780.0657,4780.4912092801,0.0001780349086413203,0.0073283511563462635,0.0015732789803114054,0.016228907277098175,0.0025009830053283107,4.683438752278116e-06,0.006213234440410886,0.008598317365771102,-0.05099999999947613,1.0668413776171448e-05,0.6,0.5,2.2698012466360052e-05,2.2625171788093202e-05,0.0034378834449524712,13.777490500747653,2.4069686896481794,8,5.73e-05,1
4779.998,4780.11371402318,4780.111052048138,4780.115981455263,46.384876532135706,0.013966253623038938,0.03161663979200649,-0.017650386168967552,4779.774685417515,4780.1079,4780.441114582485,0.00013941718030473652,-0.00229911128157546,0.009270183428645317,0.00467185514481006,0.0033905537804359586,0.00012797841502516002,-0.001861890798238175,-0.0017572920297359573,-0.056000000000494765,1.1715348822494143e-05,0.4,0.5,2.8283300565257186e-05,2.2520234659173523e-05,0.0025737488522332365,9.804124343319096,-0.6975411146257366,5,5.37e-05,1
4780.215,4780.092652211117,4780.094511637039,4780.106323434341,54.67741993236675,0.0021096938817208866,0.0075940805720558025,-0.005484386690334916,4779.861539785768,4780.1371,4780.412660214231,0.00011529385390704309,0.0016296603710430609,0.004134964938424136,0.007394232565517352,0.0033207819708665136,-6.977180956944506e-05,0.004539750853460589,0.002677775530024462,0.15900000000056025,3.326320863195065e-05,0.5,0.5,1.6485072006999778e-05,2.257241478773042e-05,0.0018826381228497927,9.176141354571111,0.7590462827372856,2,4.8599999999999995e-05,1
4780.226,4780.197254939403,4780.134002174429,4780.124146793815,53.312027451776395,0.056262282454554224,0.03383356834881758,0.022428714105736644,4779.641363016402,4780.05765,4780.473936983598,0.00017417655353934225,0.0035219240504331265,0.005186720954161272,0.012230320984784031,0.003279102222594888,0.001021137277166774,0.0046025046830378,0.0023430403542690215,0.1389999999992142,2.907896864612347e-05,0.5,0.5,3.0207835736673073e-05,2.5145854865210593e-05,0.005085616593469448,12.833910931439233,0.5869249013729607,8,5.73e-05,1
4779.949,4780.064976974836,4780.087341926028,4780.105628402187,44.85146612467947,-0.0079587034015276,0.019387658587666525,-0.027346361989194126,4779.843087244221,4780.1246,4780.406112755779,0.00011778469363696047,-0.0036735444092918837,0.009563130396981959,0.002215771669912443,0.0032934177380579063,9.598051568810145e-05,-0.005585521658446613,-0.004560510124451689,-0.06600000000071304,1.3807488052020034e-05,0.4,0.5,2.5061570561868418e-05,2.1965766062431725e-05,0.0019028643382021093,8.594539010032832,-0.8787617910846975,5,5.37e-05,1
4780.215,4780.092652211117,4780.094511637039,4780.106323434341,54.67741993236675,0.0021096938817208866,0.0075940805720558025,-0.005484386690334916,4779.861539785768,4780.1371,4780.412660214231,0.00011529385390704309,0.0016296603710430609,0.004134964938424136,0.007394232565517352,0.0033207819708665136,-6.977180956944506e-05,0.004539750853460589,0.002677775530024462,0.15900000000056025,3.326320863195065e-05,0.5,0.5,1.6485072006999778e-05,2.257241478773042e-05,0.0018826381228497927,9.176141354571111,0.7590462827372856,3,5.11e-05,1
4780.02,4780.1648031612185,4780.130210396755,4780.123523434045,46.99098368512701,0.03839840029741026,0.03819180462050512,0.00020659567690513997,4779.675502501193,4780.07895,4780.482397498808,0.00016880369677053513,-0.001233243229165505,0.009673547366060173,0.007207030489576788,0.0034044928881162865,0.0009733275548132439,-0.009350550898046261,-0.005690028977312078,-0.1959999999999127,4.100233127535269e-05,0.3,0.5,3.079353667875262e-05,2.316885571088112e-05,0.003752605329870673,11.206957037544583,-0.6772209858289274,8,5.73e-05,1
4780.513,4780.286502345673,4780.1981501177515,4780.150111543266,63.90229687948344,0.07531845855100983,0.032851013596055065,0.04246744495495476,4779.824538189316,4780.18125,4780.537961810684,0.0001492461444569362,0.006940113410977539,0.0005221575735414823,0.01440142115886313,0.002004979627492816,-0.0012314362471135113,0.00956055744953943,0.00960240198122353,0.07200000000011642,1.5061371952951319e-05,0.7,0.55,1.4790349919246992e-05,2.133807745481331e-05,0.001143235328121762,17.35380570317659,3.2850930210594576,2,4.8599999999999995e-05,1
4779.998,4780.11371402318,4780.111052048138,4780.115981455263,46.384876532135706,0.013966253623038938,0.03161663979200649,-0.017650386168967552,4779.774685417515,4780.1079,4780.441114582485,0.00013941718030473652,-0.00229911128157546,0.009270183428645317,0.00467185514481006,0.0033905537804359586,0.00012797841502516002,-0.001861890798238175,-0.0017572920297359573,-0.056000000000494765,1.1715348822494143e-05,0.4,0.5,2.8283300565257186e-05,2.2520234659173523e-05,0.0025737488522332365,9.804124343319096,-0.6975411146257366,8,5.73e-05,1
4780.215,4780.092652211117,4780.094511637039,4780.106323434341,54.67741993236675,0.0021096938817208866,0.0075940805720558025,-0.005484386690334916,4779.861539785768,4780.1371,4780.412660214231,0.00011529385390704309,0.0016296603710430609,0.004134964938424136,0.007394232565517352,0.0033207819708665136,-6.977180956944506e-05,0.004539750853460589,0.002677775530024462,0.15900000000056025,3.326320863195065e-05,0.5,0.5,1.6485072006999778e-05,2.257241478773042e-05,0.0018826381228497927,9.176141354571111,0.7590462827372856,5,5.37e-05,1
4780.513,4780.286502345673,4780.1981501177515,4780.150111543266,63.90229687948344,0.07531845855100983,0.032851013596055065,0.04246744495495476,4779.824538189316,4780.18125,4780.537961810684,0.0001492461444569362,0.006940113410977539,0.0005221575735414823,0.01440142115886313,0.002004979627492816,-0.0012314362471135113,0.00956055744953943,0.00960240198122353,0.07200000000011642,1.5061371952951319e-05,0.7,0.55,1.4790349919246992e-05,2.133807745481331e-05,0.001143235328121762,17.35380570317659,3.2850930210594576,3,5.11e-05,1
4780.441,4780.3174018765385,4780.2212786779655,4780.161518933726,60.3504943300595,0.08489402855957451,0.04325961658875896,0.04163441197081555,4779.827693479424,4780.1992,4780.570706520576,0.00015543558125195978,0.005058366605303491,0.002713275209887371,0.012829496704924531,0.001967029835762722,-0.0013537521351037916,0.004727820819772077,0.009267786304523185,-0.07200000000011642,1.5061145111405772e-05,0.7,0.55,1.5124929548138155e-05,2.170411505669767e-05,0.0016000848738306544,17.21141108737059,2.3367554020958505,2,4.8599999999999995e-05,1
4779.949,4780.064976974836,4780.087341926028,4780.105628402187,44.85146612467947,-0.0079587034015276,0.019387658587666525,-0.027346361989194126,4779.843087244221,4780.1246,4780.406112755779,0.00011778469363696047,-0.0036735444092918837,0.009563130396981959,0.002215771669912443,0.0032934177380579063,9.598051568810145e-05,-0.005585521658446613,-0.004560510124451689,-0.06600000000071304,1.3807488052020034e-05,0.4,0.5,2.5061570561868418e-05,2.1965766062431725e-05,0.0019028643382021093,8.594539010032832,-0.8787617910846975,8,5.73e-05,1
4780.441,4780.3174018765385,4780.2212786779655,4780.161518933726,60.3504943300595,0.08489402855957451,0.04325961658875896,0.04163441197081555,4779.827693479424,4780.1992,4780.570706520576,0.00015543558125195978,0.005058366605303491,0.002713275209887371,0.012829496704924531,0.001967029835762722,-0.0013537521351037916,0.004727820819772077,0.009267786304523185,-0.07200000000011642,1.5061145111405772e-05,0.7,0.55,1.5124929548138155e-05,2.170411505669767e-05,0.0016000848738306544,17.21141108737059,2.3367554020958505,3,5.11e-05,1
4780.513,4780.286502345673,4780.1981501177515,4780.150111543266,63.90229687948344,0.07531845855100983,0.032851013596055065,0.04246744495495476,4779.824538189316,4780.18125,4780.537961810684,0.0001492461444569362,0.006940113410977539,0.0005221575735414823,0.01440142115886313,0.002004979627492816,-0.0012314362471135113,0.00956055744953943,0.00960240198122353,0.07200000000011642,1.5061371952951319e-05,0.7,0.55,1.4790349919246992e-05,2.133807745481331e-05,0.001143235328121762,17.35380570317659,3.2850930210594576,5,5.37e-05,1
4780.421,4780.354598208631,4780.272664325005,4780.193159594617,58.44691496377363,0.08496549866049463,0.06720263098720147,0.01776286767329316,4779.86097611048,4780.221299999999,4780.581623889519,0.00015075615412171397,0.0041776308557311,0.0033600364804338284,0.011714949154486187,0.0015895973671703437,-0.0004153822603224723,-0.001924479653114819,0.007635893805435501,0.04100000000016735,8.576724026099214e-06,0.7,0.55,1.5668475948349413e-05,1.7854736661720992e-05,0.0013190080362776558,13.644929354611271,1.9521168410026732,2,4.8599999999999995e-05,1
4780.215,4780.092652211117,4780.094511637039,4780.106323434341,54.67741993236675,0.0021096938817208866,0.0075940805720558025,-0.005484386690334916,4779.861539785768,4780.1371,4780.412660214231,0.00011529385390704309,0.0016296603710430609,0.004134964938424136,0.007394232565517352,0.0033207819708665136,-6.977180956944506e-05,0.004539750853460589,0.002677775530024462,0.15900000000056025,3.326320863195065e-05,0.5,0.5,1.6485072006999778e-05,2.257241478773042e-05,0.0018826381228497927,9.176141354571111,0.7590462827372856,8,5.73e-05,1
4780.441,4780.3174018765385,4780.2212786779655,4780.161518933726,60.3504943300595,0.08489402855957451,0.04325961658875896,0.04163441197081555,4779.827693479424,4780.1992,4780.570706520576,0.00015543558125195978,0.005058366605303491,0.002713275209887371,0.012829496704924531,0.001967029835762722,-0.0013537521351037916,0.004727820819772077,0.009267786304523185,-0.07200000000011642,1.5061145111405772e-05,0.7,0.55,1.5124929548138155e-05,2.170411505669767e-05,0.0016000848738306544,17.21141108737059,2.3367554020958505,5,5.37e-05,0
4780.421,4780.354598208631,4780.272664325005,4780.193159594617,58.44691496377363,0.08496549866049463,0.06720263098720147,0.01776286767329316,4779.86097611048,4780.221299999999,4780.581623889519,0.00015075615412171397,0.0041776308557311,0.0033600364804338284,0.011714949154486187,0.0015895973671703437,-0.0004153822603224723,-0.001924479653114819,0.007635893805435501,0.04100000000016735,8.576724026099214e-06,0.7,0.55,1.5668475948349413e-05,1.7854736661720992e-05,0.0013190080362776558,13.644929354611271,1.9521168410026732,5,5.37e-05,0
4780.421,4780.354598208631,4780.272664325005,4780.193159594617,58.44691496377363,0.08496549866049463,0.06720263098720147,0.01776286767329316,4779.86097611048,4780.221299999999,4780.581623889519,0.00015075615412171397,0.0041776308557311,0.0033600364804338284,0.011714949154486187,0.0015895973671703437,-0.0004153822603224723,-0.001924479653114819,0.007635893805435501,0.04100000000016735,8.576724026099214e-06,0.7,0.55,1.5668475948349413e-05,1.7854736661720992e-05,0.0013190080362776558,13.644929354611271,1.9521168410026732,3,5.11e-05,0
4780.295,4780.342678566904,4780.274791532148,4780.197153336005,52.318119171111555,0.07601511902430502,0.06896512859462219,0.007049990429682837,4779.87571649936,4780.2317,4780.58768350064,0.00014893985186530709,0.001324203594562146,0.0061227079215848265,0.008771080040870316,0.0018147220775882559,-0.0001523077581744661,-0.0030541115348947656,0.0016735648919574686,-0.12600000000020373,2.6357511189956107e-05,0.6,0.55,1.497790620414996e-05,1.573148910557487e-05,0.0016211986328123272,12.906636357805162,0.23295412361944556,5,5.37e-05,0
4780.295,4780.342678566904,4780.274791532148,4780.197153336005,52.318119171111555,0.07601511902430502,0.06896512859462219,0.007049990429682837,4779.87571649936,4780.2317,4780.58768350064,0.00014893985186530709,0.001324203594562146,0.0061227079215848265,0.008771080040870316,0.0018147220775882559,-0.0001523077581744661,-0.0030541115348947656,0.0016735648919574686,-0.12600000000020373,2.6357511189956107e-05,0.6,0.55,1.497790620414996e-05,1.573148910557487e-05,0.0016211986328123272,12.906636357805162,0.23295412361944556,3,5.11e-05,0
4780.295,4780.342678566904,4780.274791532148,4780.197153336005,52.318119171111555,0.07601511902430502,0.06896512859462219,0.007049990429682837,4779.87571649936,4780.2317,4780.58768350064,0.00014893985186530709,0.001324203594562146,0.0061227079215848265,0.008771080040870316,0.0018147220775882559,-0.0001523077581744661,-0.0030541115348947656,0.0016735648919574686,-0.12600000000020373,2.6357511189956107e-05,0.6,0.55,1.497790620414996e-05,1.573148910557487e-05,0.0016211986328123272,12.906636357805162,0.23295412361944556,2,4.8599999999999995e-05,0
4780.242,4780.241986832803,4780.240044496441,4780.194666970416,50.85800256539078,0.02035873299701052,0.042652405943083505,-0.022293672946072984,4779.932468880273,4780.2513500000005,4780.570231119728,0.00013341604714063758,-0.00019559640938687783,0.006866412196874468,0.006475218612940108,0.0016964696147301235,-0.00011825246285813236,-0.0011087181858049355,-0.00416279585919721,0.03600000000005821,7.531056192888741e-06,0.5,0.6,1.2823392245497888e-05,1.3974160896818022e-05,0.001629130645081452,9.934785485280816,0.024113642587235196,5,5.37e-05,0
4780.242,4780.241986832803,4780.240044496441,4780.194666970416,50.85800256539078,0.02035873299701052,0.042652405943083505,-0.022293672946072984,4779.932468880273,4780.2513500000005,4780.570231119728,0.00013341604714063758,-0.00019559640938687783,0.006866412196874468,0.006475218612940108,0.0016964696147301235,-0.00011825246285813236,-0.0011087181858049355,-0.00416279585919721,0.03600000000005821,7.531056192888741e-06,0.5,0.6,1.2823392245497888e-05,1.3974160896818022e-05,0.001629130645081452,9.934785485280816,0.024113642587235196,3,5.11e-05,0
4780.242,4780.241986832803,4780.240044496441,4780.194666970416,50.85800256539078,0.02035873299701052,0.042652405943083505,-0.022293672946072984,4779.932468880273,4780.2513500000005,4780.570231119728,0.00013341604714063758,-0.00019559640938687783,0.006866412196874468,0.006475218612940108,0.0016964696147301235,-0.00011825246285813236,-0.0011087181858049355,-0.00416279585919721,0.03600000000005821,7.531056192888741e-06,0.5,0.6,1.2823392245497888e-05,1.3974160896818022e-05,0.001629130645081452,9.934785485280816,0.024113642587235196,2,4.8599999999999995e-05,0
4780.416,4780.215835842817,4780.128246423611,4780.121336031118,60.70379026239239,0.06802874634468026,0.02139071783000044,0.04663802851467982,4779.640190719901,4780.0657,4780.4912092801,0.0001780349086413203,0.0073283511563462635,0.0015732789803114054,0.016228907277098175,0.0025009830053283107,4.683438752278116e-06,0.006213234440410886,0.008598317365771102,-0.05099999999947613,1.0668413776171448e-05,0.6,0.5,2.2698012466360052e-05,2.2625171788093202e-05,0.0034378834449524712,13.777490500747653,2.4069686896481794,15,6.13e-05,1
4780.226,4780.197254939403,4780.134002174429,4780.124146793815,53.312027451776395,0.056262282454554224,0.03383356834881758,0.022428714105736644,4779.641363016402,4780.05765,4780.473936983598,0.00017417655353934225,0.0035219240504331265,0.005186720954161272,0.012230320984784031,0.003279102222594888,0.001021137277166774,0.0046025046830378,0.0023430403542690215,0.1389999999992142,2.907896864612347e-05,0.5,0.5,3.0207835736673073e-05,2.5145854865210593e-05,0.005085616593469448,12.833910931439233,0.5869249013729607,15,6.13e-05,1
4780.513,4780.286502345673,4780.1981501177515,4780.150111543266,63.90229687948344,0.07531845855100983,0.032851013596055065,0.04246744495495476,4779.824538189316,4780.18125,4780.537961810684,0.0001492461444569362,0.006940113410977539,0.0005221575735414823,0.01440142115886313,0.002004979627492816,-0.0012314362471135113,0.00956055744953943,0.00960240198122353,0.07200000000011642,1.5061371952951319e-05,0.7,0.55,1.4790349919246992e-05,2.133807745481331e-05,0.001143235328121762,17.35380570317659,3.2850930210594576,8,5.73e-05,1
4780.511,4780.417060325374,4780.341256317509,4780.2489384349155,60.23121056524014,0.07748898556019412,0.056029017252552875,0.02145996830764125,4780.092697392139,4780.35965,4780.626602607862,0.00011168724841096003,0.003166079773936949,0.002418206084277326,0.008750165157275721,0.00178416206324122,8.769244851109643e-05,0.005627330164470479,0.004518549587428922,0.011000000000422006,2.30101453824183e-06,0.7,0.65,1.4224964162201648e-05,1.4601435183175804e-05,0.001885907999877181,16.868471752609185,1.990216938391268,2,4.8599999999999995e-05,1
4780.02,4780.1648031612185,4780.130210396755,4780.123523434045,46.99098368512701,0.03839840029741026,0.03819180462050512,0.00020659567690513997,4779.675502501193,4780.07895,4780.482397498808,0.00016880369677053513,-0.001233243229165505,0.009673547366060173,0.007207030489576788,0.0034044928881162865,0.0009733275548132439,-0.009350550898046261,-0.005690028977312078,-0.1959999999999127,4.100233127535269e-05,0.3,0.5,3.079353667875262e-05,2.316885571088112e-05,0.003752605329870673,11.206957037544583,-0.6772209858289274,15,6.13e-05,1
4780.441,4780.3174018765385,4780.2212786779655,4780.161518933726,60.3504943300595,0.08489402855957451,0.04325961658875896,0.04163441197081555,4779.827693479424,4780.1992,4780.570706520576,0.00015543558125195978,0.005058366605303491,0.002713275209887371,0.012829496704924531,0.001967029835762722,-0.0013537521351037916,0.004727820819772077,0.009267786304523185,-0.07200000000011642,1.5061145111405772e-05,0.7,0.55,1.5124929548138155e-05,2.170411505669767e-05,0.0016000848738306544,17.21141108737059,2.3367554020958505,8,5.73e-05,1
4780.511,4780.417060325374,4780.341256317509,4780.2489384349155,60.23121056524014,0.07748898556019412,0.056029017252552875,0.02145996830764125,4780.092697392139,4780.35965,4780.626602607862,0.00011168724841096003,0.003166079773936949,0.002418206084277326,0.008750165157275721,0.00178416206324122,8.769244851109643e-05,0.005627330164470479,0.004518549587428922,0.011000000000422006,2.30101453824183e-06,0.7,0.65,1.4224964162201648e-05,1.4601435183175804e-05,0.001885907999877181,16.868471752609185,1.990216938391268,3,5.11e-05,1
4780.394,4780.38987860824,4780.34065653202,4780.255646744418,53.484943850675776,0.05963546274779219,0.05780174550846656,0.0018337172393256274,4780.0961291254625,4780.3612,4780.626270874538,0.0001108999355687773,0.0006861406205027348,0.0048588228195790865,0.006231094644870139,0.002309794768898706,0.0004593915990668616,-0.0025729434703358756,0.0054182570157434995,0.1180000000003929,2.4684767155891407e-05,0.8,0.6,1.8262149501335755e-05,1.647357860364851e-05,0.002853920763560741,16.576458202708007,0.4831133147057454,2,4.8599999999999995e-05,1
4779.998,4780.11371402318,4780.111052048138,4780.115981455263,46.384876532135706,0.013966253623038938,0.03161663979200649,-0.017650386168967552,4779.774685417515,4780.1079,4780.441114582485,0.00013941718030473652,-0.00229911128157546,0.009270183428645317,0.00467185514481006,0.0033905537804359586,0.00012797841502516002,-0.001861890798238175,-0.0017572920297359573,-0.056000000000494765,1.1715348822494143e-05,0.4,0.5,2.8283300565257186e-05,2.2520234659173523e-05,0.0025737488522332365,9.804124343319096,-0.6975411146257366,15,6.13e-05,1
4780.394,4780.38987860824,4780.34065653202,4780.255646744418,53.484943850675776,0.05963546274779219,0.05780174550846656,0.0018337172393256274,4780.0961291254625,4780.3612,4780.626270874538,0.0001108999355687773,0.0006861406205027348,0.0048588228195790865,0.006231094644870139,0.002309794768898706,0.0004593915990668616,-0.0025729434703358756,0.0054182570157434995,0.1180000000003929,2.4684767155891407e-05,0.8,0.6,1.8262149501335755e-05,1.647357860364851e-05,0.002853920763560741,16.576458202708007,0.4831133147057454,3,5.11e-05,1
4780.347,4780.279987077936,4780.291364729251,4780.2452494481495,52.41725316560792,0.006583010987924354,0.030310921679451555,-0.0237279106915272,4780.013272739785,4780.30895,4780.604627260214,0.00012370633919579128,0.0007959736577300522,0.005389300404647955,0.006981235048727645,0.0027841537932312547,0.0005527382441008104,0.0014852698881906434,-0.00025102717182701184,0.16699999999946158,3.4935922914813844e-05,0.6,0.6,2.6274251608582323e-05,2.0092755746897727e-05,0.003719306066999827,16.10756878617182,0.41802534712068695,2,4.8599999999999995e-05,1
4779.949,4780.064976974836,4780.087341926028,4780.105628402187,44.85146612467947,-0.0079587034015276,0.019387658587666525,-0.027346361989194126,4779.843087244221,4780.1246,4780.406112755779,0.00011778469363696047,-0.0036735444092918837,0.009563130396981959,0.002215771669912443,0.0032934177380579063,9.598051568810145e-05,-0.005585521658446613,-0.004560510124451689,-0.06600000000071304,1.3807488052020034e-05,0.4,0.5,2.5061570561868418e-05,2.1965766062431725e-05,0.0019028643382021093,8.594539010032832,-0.8787617910846975,15,6.13e-05,1
4780.421,4780.354598208631,4780.272664325005,4780.193159594617,58.44691496377363,0.08496549866049463,0.06720263098720147,0.01776286767329316,4779.86097611048,4780.221299999999,4780.581623889519,0.00015075615412171397,0.0041776308557311,0.0033600364804338284,0.011714949154486187,0.0015895973671703437,-0.0004153822603224723,-0.001924479653114819,0.007635893805435501,0.04100000000016735,8.576724026099214e-06,0.7,0.55,1.5668475948349413e-05,1.7854736661720992e-05,0.0013190080362776558,13.644929354611271,1.9521168410026732,8,5.73e-05,1
4780.511,4780.417060325374,4780.341256317509,4780.2489384349155,60.23121056524014,0.07748898556019412,0.056029017252552875,0.02145996830764125,4780.092697392139,4780.35965,4780.626602607862,0.00011168724841096003,0.003166079773936949,0.002418206084277326,0.008750165157275721,0.00178416206324122,8.769244851109643e-05,0.005627330164470479,0.004518549587428922,0.011000000000422006,2.30101453824183e-06,0.7,0.65,1.4224964162201648e-05,1.4601435183175804e-05,0.001885907999877181,16.868471752609185,1.990216938391268,5,5.37e-05,1
4780.347,4780.279987077936,4780.291364729251,4780.2452494481495,52.41725316560792,0.006583010987924354,0.030310921679451555,-0.0237279106915272,4780.013272739785,4780.30895,4780.604627260214,0.00012370633919579128,0.0007959736577300522,0.005389300404647955,0.006981235048727645,0.0027841537932312547,0.0005527382441008104,0.0014852698881906434,-0.00025102717182701184,0.16699999999946158,3.4935922914813844e-05,0.6,0.6,2.6274251608582323e-05,2.0092755746897727e-05,0.003719306066999827,16.10756878617182,0.41802534712068695,3,5.11e-05,1
4780.234,4780.270789662349,4780.285901421703,4780.24480829332,48.40728188172135,0.001677514512266498,0.024584240246014546,-0.022906725733748048,4780.007114821073,4780.3046,4780.602085178928,0.00012446285490998738,-0.00147689333437064,0.007700149802869184,0.004746319509205188,0.0028691230796220103,0.0005593283107233043,-0.003347004451925706,-0.005919861805725457,-0.11299999999937427,2.3638451350782574e-05,0.5,0.6,2.533290564820101e-05,2.0699409758151434e-05,0.0036410338055418135,16.01050456477811,-0.378421849098127,2,4.8599999999999995e-05,1
4780.295,4780.342678566904,4780.274791532148,4780.197153336005,52.318119171111555,0.07601511902430502,0.06896512859462219,0.007049990429682837,4779.87571649936,4780.2317,4780.58768350064,0.00014893985186530709,0.001324203594562146,0.0061227079215848265,0.008771080040870316,0.0018147220775882559,-0.0001523077581744661,-0.0030541115348947656,0.0016735648919574686,-0.12600000000020373,2.6357511189956107e-05,0.6,0.55,1.497790620414996e-05,1.573148910557487e-05,0.0016211986328123272,12.906636357805162,0.23295412361944556,8,5.73e-05,1
4780.394,4780.38987860824,4780.34065653202,4780.255646744418,53.484943850675776,0.05963546274779219,0.05780174550846656,0.0018337172393256274,4780.0961291254625,4780.3612,4780.626270874538,0.0001108999355687773,0.0006861406205027348,0.0048588228195790865,0.006231094644870139,0.002309794768898706,0.0004593915990668616,-0.0025729434703358756,0.0054182570157434995,0.1180000000003929,2.4684767155891407e-05,0.8,0.6,1.8262149501335755e-05,1.647357860364851e-05,0.002853920763560741,16.576458202708007,0.4831133147057454,5,5.37e-05,1
4780.234,4780.270789662349,4780.285901421703,4780.24480829332,48.40728188172135,0.001677514512266498,0.024584240246014546,-0.022906725733748048,4780.007114821073,4780.3046,4780.602085178928,0.00012446285490998738,-0.00147689333437064,0.007700149802869184,0.004746319509205188,0.0028691230796220103,0.0005593283107233043,-0.003347004451925706,-0.005919861805725457,-0.11299999999937427,2.3638451350782574e-05,0.5,0.6,2.533290564820101e-05,2.0699409758151434e-05,0.0036410338055418135,16.01050456477811,-0.378421849098127,3,5.11e-05,1
4780.186,4780.246825383903,4780.271311594636,4780.2418311081365,46.66683843450736,-0.009446372946513293,0.013405704013621556,-0.02285207696013485,4779.990085677646,4780.2852,4780.580314322355,0.00012347142900783124,-0.0020751899907680113,0.008248932622183694,0.004098466510590353,0.0028655256952818185,0.0002061015001934628,0.002489504854219504,-0.006568350590951955,-0.04100000000016735,8.576998540066327e-06,0.4,0.5,2.3680442747175955e-05,2.0155528287274514e-05,0.0023926369249620944,15.718433899714233,-0.6228037320173095,2,4.8599999999999995e-05,1
4780.215,4780.092652211117,4780.094511637039,4780.106323434341,54.67741993236675,0.0021096938817208866,0.0075940805720558025,-0.005484386690334916,4779.861539785768,4780.1371,4780.412660214231,0.00011529385390704309,0.0016296603710430609,0.004134964938424136,0.007394232565517352,0.0033207819708665136,-6.977180956944506e-05,0.004539750853460589,0.002677775530024462,0.15900000000056025,3.326320863195065e-05,0.5,0.5,1.6485072006999778e-05,2.257241478773042e-05,0.0018826381228497927,9.176141354571111,0.7590462827372856,15,6.13e-05,1
4780.242,4780.241986832803,4780.240044496441,4780.194666970416,50.85800256539078,0.02035873299701052,0.042652405943083505,-0.022293672946072984,4779.932468880273,4780.2513500000005,4780.570231119728,0.00013341604714063758,-0.00019559640938687783,0.006866412196874468,0.006475218612940108,0.0016964696147301235,-0.00011825246285813236,-0.0011087181858049355,-0.00416279585919721,0.03600000000005821,7.531056192888741e-06,0.5,0.6,1.2823392245497888e-05,1.3974160896818022e-05,0.001629130645081452,9.934785485280816,0.024113642587235196,8,5.73e-05,1
4780.347,4780.279987077936,4780.291364729251,4780.2452494481495,52.41725316560792,0.006583010987924354,0.030310921679451555,-0.0237279106915272,4780.013272739785,4780.30895,4780.604627260214,0.00012370633919579128,0.0007959736577300522,0.005389300404647955,0.006981235048727645,0.0027841537932312547,0.0005527382441008104,0.0014852698881906434,-0.00025102717182701184,0.16699999999946158,3.4935922914813844e-05,0.6,0.6,2.6274251608582323e-05,2.0092755746897727e-05,0.003719306066999827,16.10756878617182,0.41802534712068695,5,5.37e-05,1
4780.186,4780.246825383903,4780.271311594636,4780.2418311081365,46.66683843450736,-0.009446372946513293,0.013405704013621556,-0.02285207696013485,4779.990085677646,4780.2852,4780.580314322355,0.00012347142900783124,-0.0020751899907680113,0.008248932622183694,0.004098466510590353,0.0028655256952818185,0.0002061015001934628,0.002489504854219504,-0.006568350590951955,-0.04100000000016735,8.576998540066327e-06,0.4,0.5,2.3680442747175955e-05,2.0155528287274514e-05,0.0023926369249620944,15.718433899714233,-0.6228037320173095,3,5.11e-05,1
4780.257,4780.240088245699,4780.2631144799625,4780.240548439306,49.77817083329926,-0.012420956718415255,0.003837579258979703,-0.016258535977394958,4779.993328172958,4780.28535,4780.577371827042,0.00012217757127905993,-0.0005930608305736515,0.006701979141339809,0.005515850445727811,0.0026265106674055517,-0.000157643125825703,-0.0018827085146777556,-0.0003974665897965579,0.06499999999959982,1.3597780172736051e-05,0.5,0.6,2.0019844964092038e-05,1.8074117604793827e-05,0.0013693709155968709,15.520624284790262,-0.04869995450660774,2,4.8599999999999995e-05,1
4780.511,4780.417060325374,4780.341256317509,4780.2489384349155,60.23121056524014,0.07748898556019412,0.056029017252552875,0.02145996830764125,4780.092697392139,4780.35965,4780.626602607862,0.00011168724841096003,0.003166079773936949,0.002418206084277326,0.008750165157275721,0.00178416206324122,8.769244851109643e-05,0.005627330164470479,0.004518549587428922,0.011000000000422006,2.30101453824183e-06,0.7,0.65,1.4224964162201648e-05,1.4601435183175804e-05,0.001885907999877181,16.868471752609185,1.990216938391268,8,5.73e-05,1
4780.234,4780.270789662349,4780.285901421703,4780.24480829332,48.40728188172135,0.001677514512266498,0.024584240246014546,-0.022906725733748048,4780.007114821073,4780.3046,4780.602085178928,0.00012446285490998738,-0.00147689333437064,0.007700149802869184,0.004746319509205188,0.0028691230796220103,0.0005593283107233043,-0.003347004451925706,-0.005919861805725457,-0.11299999999937427,2.3638451350782574e-05,0.5,0.6,2.533290564820101e-05,2.0699409758151434e-05,0.0036410338055418135,16.01050456477811,-0.378421849098127,5,5.37e-05,1
4780.257,4780.240088245699,4780.2631144799625,4780.240548439306,49.77817083329926,-0.012420956718415255,0.003837579258979703,-0.016258535977394958,4779.993328172958,4780.28535,4780.577371827042,0.00012217757127905993,-0.0005930608305736515,0.006701979141339809,0.005515850445727811,0.0026265106674055517,-0.000157643125825703,-0.0018827085146777556,-0.0003974665897965579,0.06499999999959982,1.3597780172736051e-05,0.5,0.6,2.0019844964092038e-05,1.8074117604793827e-05,0.0013693709155968709,15.520624284790262,-0.04869995450660774,3,5.11e-05,1
4780.513,4780.286502345673,4780.1981501177515,4780.150111543266,63.90229687948344,0.07531845855100983,0.032851013596055065,0.04246744495495476,4779.824538189316,4780.18125,4780.537961810684,0.0001492461444569362,0.006940113410977539,0.0005221575735414823,0.01440142115886313,0.002004979627492816,-0.0012314362471135113,0.00956055744953943,0.00960240198122353,0.07200000000011642,1.5061371952951319e-05,0.7,0.55,1.4790349919246992e-05,2.133807745481331e-05,0.001143235328121762,17.35380570317659,3.2850930210594576,15,6.13e-05,0
4780.441,4780.3174018765385,4780.2212786779655,4780.161518933726,60.3504943300595,0.08489402855957451,0.04325961658875896,0.04163441197081555,4779.827693479424,4780.1992,4780.570706520576,0.00015543558125195978,0.005058366605303491,0.002713275209887371,0.012829496704924531,0.001967029835762722,-0.0013537521351037916,0.004727820819772077,0.009267786304523185,-0.07200000000011642,1.5061145111405772e-05,0.7,0.55,1.5124929548138155e-05,2.170411505669767e-05,0.0016000848738306544,17.21141108737059,2.3367554020958505,15,6.13e-05,0
4780.421,4780.354598208631,4780.272664325005,4780.193159594617,58.44691496377363,0.08496549866049463,0.06720263098720147,0.01776286767329316,4779.86097611048,4780.221299999999,4780.581623889519,0.00015075615412171397,0.0041776308557311,0.0033600364804338284,0.011714949154486187,0.0015895973671703437,-0.0004153822603224723,-0.001924479653114819,0.007635893805435501,0.04100000000016735,8.576724026099214e-06,0.7,0.55,1.5668475948349413e-05,1.7854736661720992e-05,0.0013190080362776558,13.644929354611271,1.9521168410026732,15,6.13e-05,0
4780.295,4780.342678566904,4780.274791532148,4780.197153336005,52.318119171111555,0.07601511902430502,0.06896512859462219,0.007049990429682837,4779.87571649936,4780.2317,4780.58768350064,0.00014893985186530709,0.001324203594562146,0.0061227079215848265,0.008771080040870316,0.0018147220775882559,-0.0001523077581744661,-0.0030541115348947656,0.0016735648919574686,-0.12600000000020373,2.6357511189956107e-05,0.6,0.55,1.497790620414996e-05,1.573148910557487e-05,0.0016211986328123272,12.906636357805162,0.23295412361944556,15,6.13e-05,0
4780.242,4780.241986832803,4780.240044496441,4780.194666970416,50.85800256539078,0.02035873299701052,0.042652405943083505,-0.022293672946072984,4779.932468880273,4780.2513500000005,4780.570231119728,0.00013341604714063758,-0.00019559640938687783,0.006866412196874468,0.006475218612940108,0.0016964696147301235,-0.00011825246285813236,-0.0011087181858049355,-0.00416279585919721,0.03600000000005821,7.531056192888741e-06,0.5,0.6,1.2823392245497888e-05,1.3974160896818022e-05,0.001629130645081452,9.934785485280816,0.024113642587235196,15,6.13e-05,0
4780.511,4780.417060325374,4780.341256317509,4780.2489384349155,60.23121056524014,0.07748898556019412,0.056029017252552875,0.02145996830764125,4780.092697392139,4780.35965,4780.626602607862,0.00011168724841096003,0.003166079773936949,0.002418206084277326,0.008750165157275721,0.00178416206324122,8.769244851109643e-05,0.005627330164470479,0.004518549587428922,0.011000000000422006,2.30101453824183e-06,0.7,0.65,1.4224964162201648e-05,1.4601435183175804e-05,0.001885907999877181,16.868471752609185,1.990216938391268,15,6.13e-05,0
4780.394,4780.38987860824,4780.34065653202,4780.255646744418,53.484943850675776,0.05963546274779219,0.05780174550846656,0.0018337172393256274,4780.0961291254625,4780.3612,4780.626270874538,0.0001108999355687773,0.0006861406205027348,0.0048588228195790865,0.006231094644870139,0.002309794768898706,0.0004593915990668616,-0.0025729434703358756,0.0054182570157434995,0.1180000000003929,2.4684767155891407e-05,0.8,0.6,1.8262149501335755e-05,1.647357860364851e-05,0.002853920763560741,16.576458202708007,0.4831133147057454,15,6.13e-05,0
4780.394,4780.38987860824,4780.34065653202,4780.255646744418,53.484943850675776,0.05963546274779219,0.05780174550846656,0.0018337172393256274,4780.0961291254625,4780.3612,4780.626270874538,0.0001108999355687773,0.0006861406205027348,0.0048588228195790865,0.006231094644870139,0.002309794768898706,0.0004593915990668616,-0.0025729434703358756,0.0054182570157434995,0.1180000000003929,2.4684767155891407e-05,0.8,0.6,1.8262149501335755e-05,1.647357860364851e-05,0.002853920763560741,16.576458202708007,0.4831133147057454,8,5.73e-05,0
4780.347,4780.279987077936,4780.291364729251,4780.2452494481495,52.41725316560792,0.006583010987924354,0.030310921679451555,-0.0237279106915272,4780.013272739785,4780.30895,4780.604627260214,0.00012370633919579128,0.0007959736577300522,0.005389300404647955,0.006981235048727645,0.0027841537932312547,0.0005527382441008104,0.0014852698881906434,-0.00025102717182701184,0.16699999999946158,3.4935922914813844e-05,0.6,0.6,2.6274251608582323e-05,2.0092755746897727e-05,0.003719306066999827,16.10756878617182,0.41802534712068695,15,6.13e-05,0
4780.347,4780.279987077936,4780.291364729251,4780.2452494481495,52.41725316560792,0.006583010987924354,0.030310921679451555,-0.0237279106915272,4780.013272739785,4780.30895,4780.604627260214,0.00012370633919579128,0.0007959736577300522,0.005389300404647955,0.006981235048727645,0.0027841537932312547,0.0005527382441008104,0.0014852698881906434,-0.00025102717182701184,0.16699999999946158,3.4935922914813844e-05,0.6,0.6,2.6274251608582323e-05,2.0092755746897727e-05,0.003719306066999827,16.10756878617182,0.41802534712068695,8,5.73e-05,0
4780.234,4780.270789662349,4780.285901421703,4780.24480829332,48.40728188172135,0.001677514512266498,0.024584240246014546,-0.022906725733748048,4780.007114821073,4780.3046,4780.602085178928,0.00012446285490998738,-0.00147689333437064,0.007700149802869184,0.004746319509205188,0.0028691230796220103,0.0005593283107233043,-0.003347004451925706,-0.005919861805725457,-0.11299999999937427,2.3638451350782574e-05,0.5,0.6,2.533290564820101e-05,2.0699409758151434e-05,0.0036410338055418135,16.01050456477811,-0.378421849098127,15,6.13e-05,0
4780.234,4780.270789662349,4780.285901421703,4780.24480829332,48.40728188172135,0.001677514512266498,0.024584240246014546,-0.022906725733748048,4780.007114821073,4780.3046,4780.602085178928,0.00012446285490998738,-0.00147689333437064,0.007700149802869184,0.004746319509205188,0.0028691230796220103,0.0005593283107233043,-0.003347004451925706,-0.005919861805725457,-0.11299999999937427,2.3638451350782574e-05,0.5,0.6,2.533290564820101e-05,2.0699409758151434e-05,0.0036410338055418135,16.01050456477811,-0.378421849098127,8,5.73e-05,0
4780.186,4780.246825383903,4780.271311594636,4780.2418311081365,46.66683843450736,-0.009446372946513293,0.013405704013621556,-0.02285207696013485,4779.990085677646,4780.2852,4780.580314322355,0.00012347142900783124,-0.0020751899907680113,0.008248932622183694,0.004098466510590353,0.0028655256952818185,0.0002061015001934628,0.002489504854219504,-0.006568350590951955,-0.04100000000016735,8.576998540066327e-06,0.4,0.5,2.3680442747175955e-05,2.0155528287274514e-05,0.0023926369249620944,15.718433899714233,-0.6228037320173095,15,6.13e-05,0
4780.186,4780.246825383903,4780.271311594636,4780.2418311081365,46.66683843450736,-0.009446372946513293,0.013405704013621556,-0.02285207696013485,4779.990085677646,4780.2852,4780.580314322355,0.00012347142900783124,-0.0020751899907680113,0.008248932622183694,0.004098466510590353,0.0028655256952818185,0.0002061015001934628,0.002489504854219504,-0.006568350590951955,-0.04100000000016735,8.576998540066327e-06,0.4,0.5,2.3680442747175955e-05,2.0155528287274514e-05,0.0023926369249620944,15.718433899714233,-0.6228037320173095,8,5.73e-05,0
4780.186,4780.246825383903,4780.271311594636,4780.2418311081365,46.66683843450736,-0.009446372946513293,0.013405704013621556,-0.02285207696013485,4779.990085677646,4780.2852,4780.580314322355,0.00012347142900783124,-0.0020751899907680113,0.008248932622183694,0.004098466510590353,0.0028655256952818185,0.0002061015001934628,0.002489504854219504,-0.006568350590951955,-0.04100000000016735,8.576998540066327e-06,0.4,0.5,2.3680442747175955e-05,2.0155528287274514e-05,0.0023926369249620944,15.718433899714233,-0.6228037320173095,5,5.37e-05,0
4780.257,4780.240088245699,4780.2631144799625,4780.240548439306,49.77817083329926,-0.012420956718415255,0.003837579258979703,-0.016258535977394958,4779.993328172958,4780.28535,4780.577371827042,0.00012217757127905993,-0.0005930608305736515,0.006701979141339809,0.005515850445727811,0.0026265106674055517,-0.000157643125825703,-0.0018827085146777556,-0.0003974665897965579,0.06499999999959982,1.3597780172736051e-05,0.5,0.6,2.0019844964092038e-05,1.8074117604793827e-05,0.0013693709155968709,15.520624284790262,-0.04869995450660774,15,6.13e-05,0
4780.257,4780.240088245699,4780.2631144799625,4780.240548439306,49.77817083329926,-0.012420956718415255,0.003837579258979703,-0.016258535977394958,4779.993328172958,4780.28535,4780.577371827042,0.00012217757127905993,-0.0005930608305736515,0.006701979141339809,0.005515850445727811,0.0026265106674055517,-0.000157643125825703,-0.0018827085146777556,-0.0003974665897965579,0.06499999999959982,1.3597780172736051e-05,0.5,0.6,2.0019844964092038e-05,1.8074117604793827e-05,0.0013693709155968709,15.520624284790262,-0.04869995450660774,8,5.73e-05,0
4780.257,4780.240088245699,4780.2631144799625,4780.240548439306,49.77817083329926,-0.012420956718415255,0.003837579258979703,-0.016258535977394958,4779.993328172958,4780.28535,4780.577371827042,0.00012217757127905993,-0.0005930608305736515,0.006701979141339809,0.005515850445727811,0.0026265106674055517,-0.000157643125825703,-0.0018827085146777556,-0.0003974665897965579,0.06499999999959982,1.3597780172736051e-05,0.5,0.6,2.0019844964092038e-05,1.8074117604793827e-05,0.0013693709155968709,15.520624284790262,-0.04869995450660774,5,5.37e-05,0
4779.574,4779.943038461665,4780.079206164346,4780.160924180592,32.872918487232,-0.11876114610731747,-0.061361183887835014,-0.05739996221948246,4779.697468696386,4780.14905,4780.600631303614,0.0001889402606030237,-0.012029959609740076,0.021479556621877224,-0.00258325734440404,0.0031430000016849343,0.00043419113160015265,-0.011317719343573174,-0.01366043913814119,-0.34100000000034925,7.134018073551296e-05,0.4,0.4,2.6673600935223085e-05,2.55012198758231e-05,0.004259560140142986,15.019499704115328,-3.3627080753458904,2,4.8599999999999995e-05,1
4779.574,4779.943038461665,4780.079206164346,4780.160924180592,32.872918487232,-0.11876114610731747,-0.061361183887835014,-0.05739996221948246,4779.697468696386,4780.14905,4780.600631303614,0.0001889402606030237,-0.012029959609740076,0.021479556621877224,-0.00258325734440404,0.0031430000016849343,0.00043419113160015265,-0.011317719343573174,-0.01366043913814119,-0.34100000000034925,7.134018073551296e-05,0.4,0.4,2.6673600935223085e-05,2.55012198758231e-05,0.004259560140142986,15.019499704115328,-3.3627080753458904,8,5.73e-05,0
4779.574,4779.943038461665,4780.079206164346,4780.160924180592,32.872918487232,-0.11876114610731747,-0.061361183887835014,-0.05739996221948246,4779.697468696386,4780.14905,4780.600631303614,0.0001889402606030237,-0.012029959609740076,0.021479556621877224,-0.00258325734440404,0.0031430000016849343,0.00043419113160015265,-0.011317719343573174,-0.01366043913814119,-0.34100000000034925,7.134018073551296e-05,0.4,0.4,2.6673600935223085e-05,2.55012198758231e-05,0.004259560140142986,15.019499704115328,-3.3627080753458904,5,5.37e-05,0
4779.574,4779.943038461665,4780.079206164346,4780.160924180592,32.872918487232,-0.11876114610731747,-0.061361183887835014,-0.05739996221948246,4779.697468696386,4780.14905,4780.600631303614,0.0001889402606030237,-0.012029959609740076,0.021479556621877224,-0.00258325734440404,0.0031430000016849343,0.00043419113160015265,-0.011317719343573174,-0.01366043913814119,-0.34100000000034925,7.134018073551296e-05,0.4,0.4,2.6673600935223085e-05,2.55012198758231e-05,0.004259560140142986,15.019499704115328,-3.3627080753458904,3,5.11e-05,0
4779.565,4779.867430769333,4780.030234148694,4780.137554604883,32.68752966499059,-0.14423608491870255,-0.07793616409400853,-0.06629992082469402,4779.61178272193,4780.1023000000005,4780.592817278071,0.00020523296251250136,-0.011240345211876923,0.021504410507478814,-0.0009788071075497022,0.003020967069596448,0.0002236786356010225,-0.008117234625548697,-0.012991126286721055,-0.009000000000014552,1.883013004966294e-06,0.4,0.4,2.6004202381713083e-05,2.484232256444452e-05,0.004288547160870559,14.966855626750439,-3.221773092888772,8,5.73e-05,0
4779.565,4779.867430769333,4780.030234148694,4780.137554604883,32.68752966499059,-0.14423608491870255,-0.07793616409400853,-0.06629992082469402,4779.61178272193,4780.1023000000005,4780.592817278071,0.00020523296251250136,-0.011240345211876923,0.021504410507478814,-0.0009788071075497022,0.003020967069596448,0.0002236786356010225,-0.008117234625548697,-0.012991126286721055,-0.009000000000014552,1.883013004966294e-06,0.4,0.4,2.6004202381713083e-05,2.484232256444452e-05,0.004288547160870559,14.966855626750439,-3.221773092888772,5,5.37e-05,0
4779.565,4779.867430769333,4780.030234148694,4780.137554604883,32.68752966499059,-0.14423608491870255,-0.07793616409400853,-0.06629992082469402,4779.61178272193,4780.1023000000005,4780.592817278071,0.00020523296251250136,-0.011240345211876923,0.021504410507478814,-0.0009788071075497022,0.003020967069596448,0.0002236786356010225,-0.008117234625548697,-0.012991126286721055,-0.009000000000014552,1.883013004966294e-06,0.4,0.4,2.6004202381713083e-05,2.484232256444452e-05,0.004288547160870559,14.966855626750439,-3.221773092888772,3,5.11e-05,0
4779.565,4779.867430769333,4780.030234148694,4780.137554604883,32.68752966499059,-0.14423608491870255,-0.07793616409400853,-0.06629992082469402,4779.61178272193,4780.1023000000005,4780.592817278071,0.00020523296251250136,-0.011240345211876923,0.021504410507478814,-0.0009788071075497022,0.003020967069596448,0.0002236786356010225,-0.008117234625548697,-0.012991126286721055,-0.009000000000014552,1.883013004966294e-06,0.4,0.4,2.6004202381713083e-05,2.484232256444452e-05,0.004288547160870559,14.966855626750439,-3.221773092888772,2,4.8599999999999995e-05,0
4779.623,4779.766475692373,4779.949379881357,4780.094936795973,35.903330282852906,-0.17183830763678998,-0.11054858644034295,-0.06128972119644703,4779.486548672324,4780.0212,4780.5558513276765,0.00022370249223008842,-0.008330506986047316,0.019517257484049932,0.0028548554493897566,0.0028298586310702574,-4.715740616619739e-05,-0.008368160571625705,-0.013262885238174427,0.08099999999922147,1.6947230508490563e-05,0.3,0.4,2.6694844627617174e-05,2.3357344795854608e-05,0.0033590484023016108,14.872579753510255,-2.412877882052818,8,5.73e-05,0
4779.623,4779.766475692373,4779.949379881357,4780.094936795973,35.903330282852906,-0.17183830763678998,-0.11054858644034295,-0.06128972119644703,4779.486548672324,4780.0212,4780.5558513276765,0.00022370249223008842,-0.008330506986047316,0.019517257484049932,0.0028548554493897566,0.0028298586310702574,-4.715740616619739e-05,-0.008368160571625705,-0.013262885238174427,0.08099999999922147,1.6947230508490563e-05,0.3,0.4,2.6694844627617174e-05,2.3357344795854608e-05,0.0033590484023016108,14.872579753510255,-2.412877882052818,5,5.37e-05,0
4779.623,4779.766475692373,4779.949379881357,4780.094936795973,35.903330282852906,-0.17183830763678998,-0.11054858644034295,-0.06128972119644703,4779.486548672324,4780.0212,4780.5558513276765,0.00022370249223008842,-0.008330506986047316,0.019517257484049932,0.0028548554493897566,0.0028298586310702574,-4.715740616619739e-05,-0.008368160571625705,-0.013262885238174427,0.08099999999922147,1.6947230508490563e-05,0.3,0.4,2.6694844627617174e-05,2.3357344795854608e-05,0.0033590484023016108,14.872579753510255,-2.412877882052818,3,5.11e-05,0
4779.623,4779.766475692373,4779.949379881357,4780.094936795973,35.903330282852906,-0.17183830763678998,-0.11054858644034295,-0.06128972119644703,4779.486548672324,4780.0212,4780.5558513276765,0.00022370249223008842,-0.008330506986047316,0.019517257484049932,0.0028548554493897566,0.0028298586310702574,-4.715740616619739e-05,-0.008368160571625705,-0.013262885238174427,0.08099999999922147,1.6947230508490563e-05,0.3,0.4,2.6694844627617174e-05,2.3357344795854608e-05,0.0033590484023016108,14.872579753510255,-2.412877882052818,2,4.8599999999999995e-05,0
4779.574,4779.943038461665,4780.079206164346,4780.160924180592,32.872918487232,-0.11876114610731747,-0.061361183887835014,-0.05739996221948246,4779.697468696386,4780.14905,4780.600631303614,0.0001889402606030237,-0.012029959609740076,0.021479556621877224,-0.00258325734440404,0.0031430000016849343,0.00043419113160015265,-0.011317719343573174,-0.01366043913814119,-0.34100000000034925,7.134018073551296e-05,0.4,0.4,2.6673600935223085e-05,2.55012198758231e-05,0.004259560140142986,15.019499704115328,-3.3627080753458904,15,6.13e-05,0
4779.565,4779.867430769333,4780.030234148694,4780.137554604883,32.68752966499059,-0.14423608491870255,-0.07793616409400853,-0.06629992082469402,4779.61178272193,4780.1023000000005,4780.592817278071,0.00020523296251250136,-0.011240345211876923,0.021504410507478814,-0.0009788071075497022,0.003020967069596448,0.0002236786356010225,-0.008117234625548697,-0.012991126286721055,-0.009000000000014552,1.883013004966294e-06,0.4,0.4,2.6004202381713083e-05,2.484232256444452e-05,0.004288547160870559,14.966855626750439,-3.221773092888772,15,6.13e-05,0
4779.623,4779.766475692373,4779.949379881357,4780.094936795973,35.903330282852906,-0.17183830763678998,-0.11054858644034295,-0.06128972119644703,4779.486548672324,4780.0212,4780.5558513276765,0.00022370249223008842,-0.008330506986047316,0.019517257484049932,0.0028548554493897566,0.0028298586310702574,-4.715740616619739e-05,-0.008368160571625705,-0.013262885238174427,0.08099999999922147,1.6947230508490563e-05,0.3,0.4,2.6694844627617174e-05,2.3357344795854608e-05,0.0033590484023016108,14.872579753510255,-2.412877882052818,15,6.13e-05,0
4779.333,4779.635544443119,4779.851093281565,4780.042264224196,29.427842140423337,-0.20808172498891508,-0.1421799728138546,-0.06590175217506047,4779.317507919508,4779.93605,4780.5545920804925,0.0002588076802794303,-0.01261627757552575,0.025559886295700315,0.0003241473337731454,0.0029194923296510067,-0.0002235076720339276,-0.005042290379853043,-0.016359439051161218,-0.1570000000001528,3.28486930614158e-05,0.2,0.35,2.8913179767986463e-05,2.241650431928921e-05,0.002036395221672061,14.79129086280826,-3.7126691963106793,15,6.13e-05,0
4779.333,4779.635544443119,4779.851093281565,4780.042264224196,29.427842140423337,-0.20808172498891508,-0.1421799728138546,-0.06590175217506047,4779.317507919508,4779.93605,4780.5545920804925,0.0002588076802794303,-0.01261627757552575,0.025559886295700315,0.0003241473337731454,0.0029194923296510067,-0.0002235076720339276,-0.005042290379853043,-0.016359439051161218,-0.1570000000001528,3.28486930614158e-05,0.2,0.35,2.8913179767986463e-05,2.241650431928921e-05,0.002036395221672061,14.79129086280826,-3.7126691963106793,8,5.73e-05,0
4779.333,4779.635544443119,4779.851093281565,4780.042264224196,29.427842140423337,-0.20808172498891508,-0.1421799728138546,-0.06590175217506047,4779.317507919508,4779.93605,4780.5545920804925,0.0002588076802794303,-0.01261627757552575,0.025559886295700315,0.0003241473337731454,0.0029194923296510067,-0.0002235076720339276,-0.005042290379853043,-0.016359439051161218,-0.1570000000001528,3.28486930614158e-05,0.2,0.35,2.8913179767986463e-05,2.241650431928921e-05,0.002036395221672061,14.79129086280826,-3.7126691963106793,5,5.37e-05,0
4779.333,4779.635544443119,4779.851093281565,4780.042264224196,29.427842140423337,-0.20808172498891508,-0.1421799728138546,-0.06590175217506047,4779.317507919508,4779.93605,4780.5545920804925,0.0002588076802794303,-0.01261627757552575,0.025559886295700315,0.0003241473337731454,0.0029194923296510067,-0.0002235076720339276,-0.005042290379853043,-0.016359439051161218,-0.1570000000001528,3.28486930614158e-05,0.2,0.35,2.8913179767986463e-05,2.241650431928921e-05,0.002036395221672061,14.79129086280826,-3.7126691963106793,3,5.11e-05,0
4779.333,4779.635544443119,4779.851093281565,4780.042264224196,29.427842140423337,-0.20808172498891508,-0.1421799728138546,-0.06590175217506047,4779.317507919508,4779.93605,4780.5545920804925,0.0002588076802794303,-0.01261627757552575,0.025559886295700315,0.0003241473337731454,0.0029194923296510067,-0.0002235076720339276,-0.005042290379853043,-0.016359439051161218,-0.1570000000001528,3.28486930614158e-05,0.2,0.35,2.8913179767986463e-05,2.241650431928921e-05,0.002036395221672061,14.79129086280826,-3.7126691963106793,2,4.8599999999999995e-05,0
4779.266,4779.561635554495,4779.795370111893,4780.011822489914,28.12309167275731,-0.22809841230446182,-0.15936366071197605,-0.06873475159248577,4779.212809034888,4779.896,4780.579190965112,0.0002858601798498805,-0.013180203083918755,0.027476833578879502,0.0011129525979879135,0.0028915482796164444,-0.00012941878998000336,-0.00625579942944432,-0.014372526257078189,-0.06700000000000728,1.4018692566564184e-05,0.2,0.35,2.6926009221217573e-05,2.2437541405045947e-05,0.0019858989570977455,14.754947416965306,-3.8301842423636443,15,6.13e-05,0
4779.266,4779.561635554495,4779.795370111893,4780.011822489914,28.12309167275731,-0.22809841230446182,-0.15936366071197605,-0.06873475159248577,4779.212809034888,4779.896,4780.579190965112,0.0002858601798498805,-0.013180203083918755,0.027476833578879502,0.0011129525979879135,0.0028915482796164444,-0.00012941878998000336,-0.00625579942944432,-0.014372526257078189,-0.06700000000000728,1.4018692566564184e-05,0.2,0.35,2.6926009221217573e-05,2.2437541405045947e-05,0.0019858989570977455,14.754947416965306,-3.8301842423636443,8,5.73e-05,0
4779.266,4779.561635554495,4779.795370111893,4780.011822489914,28.12309167275731,-0.22809841230446182,-0.15936366071197605,-0.06873475159248577,4779.212809034888,4779.896,4780.579190965112,0.0002858601798498805,-0.013180203083918755,0.027476833578879502,0.0011129525979879135,0.0028915482796164444,-0.00012941878998000336,-0.00625579942944432,-0.014372526257078189,-0.06700000000000728,1.4018692566564184e-05,0.2,0.35,2.6926009221217573e-05,2.2437541405045947e-05,0.0019858989570977455,14.754947416965306,-3.8301842423636443,5,5.37e-05,0
4779.266,4779.561635554495,4779.795370111893,4780.011822489914,28.12309167275731,-0.22809841230446182,-0.15936366071197605,-0.06873475159248577,4779.212809034888,4779.896,4780.579190965112,0.0002858601798498805,-0.013180203083918755,0.027476833578879502,0.0011129525979879135,0.0028915482796164444,-0.00012941878998000336,-0.00625579942944432,-0.014372526257078189,-0.06700000000000728,1.4018692566564184e-05,0.2,0.35,2.6926009221217573e-05,2.2437541405045947e-05,0.0019858989570977455,14.754947416965306,-3.8301842423636443,3,5.11e-05,0
4779.266,4779.561635554495,4779.795370111893,4780.011822489914,28.12309167275731,-0.22809841230446182,-0.15936366071197605,-0.06873475159248577,4779.212809034888,4779.896,4780.579190965112,0.0002858601798498805,-0.013180203083918755,0.027476833578879502,0.0011129525979879135,0.0028915482796164444,-0.00012941878998000336,-0.00625579942944432,-0.014372526257078189,-0.06700000000000728,1.4018692566564184e-05,0.2,0.35,2.6926009221217573e-05,2.2437541405045947e-05,0.0019858989570977455,14.754947416965306,-3.8301842423636443,2,4.8599999999999995e-05,0
4778.508,4778.723771446805,4779.086928852637,4779.581105577079,18.69821204740495,-0.4021794128811962,-0.3526920422310646,-0.04948737065013159,4778.160872010938,4779.1702000000005,4780.179527989063,0.0004223862916882569,-0.013855961857158098,0.03498012327410939,0.007264359274104933,0.0015546673036175237,-0.001131790942445578,-0.004771136133074894,-0.01586017601865608,-0.05200000000058935,1.0881939329077106e-05,0.1,0.15,1.7577239289057188e-05,2.225162425513738e-05,0.0014207999088752161,14.507658890781963,-7.791889757144841,3,5.11e-05,0
4778.508,4778.723771446805,4779.086928852637,4779.581105577079,18.69821204740495,-0.4021794128811962,-0.3526920422310646,-0.04948737065013159,4778.160872010938,4779.1702000000005,4780.179527989063,0.0004223862916882569,-0.013855961857158098,0.03498012327410939,0.007264359274104933,0.0015546673036175237,-0.001131790942445578,-0.004771136133074894,-0.01586017601865608,-0.05200000000058935,1.0881939329077106e-05,0.1,0.15,1.7577239289057188e-05,2.225162425513738e-05,0.0014207999088752161,14.507658890781963,-7.791889757144841,2,4.8599999999999995e-05,0
4778.524,4778.386777289185,4778.541974601843,4779.075120989318,43.835863595058676,-0.25961917056793027,-0.3386853770272945,0.07906620645936424,4777.959785202649,4778.43305,4778.90631479735,0.00019808367822609396,0.0019033436076017194,0.008000688023118928,0.011807302785363622,0.003223480093025157,0.0005069510823210834,0.0077017158920833495,6.278093160894116e-05,0.0,0.0,0.5,0.4,2.220482083598041e-05,2.0833183588925273e-05,0.002628665980138983,42.64662452378043,-0.11669140834261332,3,5.11e-05,0
4778.524,4778.386777289185,4778.541974601843,4779.075120989318,43.835863595058676,-0.25961917056793027,-0.3386853770272945,0.07906620645936424,4777.959785202649,4778.43305,4778.90631479735,0.00019808367822609396,0.0019033436076017194,0.008000688023118928,0.011807302785363622,0.003223480093025157,0.0005069510823210834,0.0077017158920833495,6.278093160894116e-05,0.0,0.0,0.5,0.4,2.220482083598041e-05,2.0833183588925273e-05,0.002628665980138983,42.64662452378043,-0.11669140834261332,2,4.8599999999999995e-05,0
4778.508,4778.723771446805,4779.086928852637,4779.581105577079,18.69821204740495,-0.4021794128811962,-0.3526920422310646,-0.04948737065013159,4778.160872010938,4779.1702000000005,4780.179527989063,0.0004223862916882569,-0.013855961857158098,0.03498012327410939,0.007264359274104933,0.0015546673036175237,-0.001131790942445578,-0.004771136133074894,-0.01586017601865608,-0.05200000000058935,1.0881939329077106e-05,0.1,0.15,1.7577239289057188e-05,2.225162425513738e-05,0.0014207999088752161,14.507658890781963,-7.791889757144841,15,6.13e-05,0
4778.508,4778.723771446805,4779.086928852637,4779.581105577079,18.69821204740495,-0.4021794128811962,-0.3526920422310646,-0.04948737065013159,4778.160872010938,4779.1702000000005,4780.179527989063,0.0004223862916882569,-0.013855961857158098,0.03498012327410939,0.007264359274104933,0.0015546673036175237,-0.001131790942445578,-0.004771136133074894,-0.01586017601865608,-0.05200000000058935,1.0881939329077106e-05,0.1,0.15,1.7577239289057188e-05,2.225162425513738e-05,0.0014207999088752161,14.507658890781963,-7.791889757144841,8,5.73e-05,0
4778.508,4778.723771446805,4779.086928852637,4779.581105577079,18.69821204740495,-0.4021794128811962,-0.3526920422310646,-0.04948737065013159,4778.160872010938,4779.1702000000005,4780.179527989063,0.0004223862916882569,-0.013855961857158098,0.03498012327410939,0.007264359274104933,0.0015546673036175237,-0.001131790942445578,-0.004771136133074894,-0.01586017601865608,-0.05200000000058935,1.0881939329077106e-05,0.1,0.15,1.7577239289057188e-05,2.225162425513738e-05,0.0014207999088752161,14.507658890781963,-7.791889757144841,5,5.37e-05,0
4778.524,4778.386777289185,4778.541974601843,4779.075120989318,43.835863595058676,-0.25961917056793027,-0.3386853770272945,0.07906620645936424,4777.959785202649,4778.43305,4778.90631479735,0.00019808367822609396,0.0019033436076017194,0.008000688023118928,0.011807302785363622,0.003223480093025157,0.0005069510823210834,0.0077017158920833495,6.278093160894116e-05,0.0,0.0,0.5,0.4,2.220482083598041e-05,2.0833183588925273e-05,0.002628665980138983,42.64662452378043,-0.11669140834261332,15,6.13e-05,0
4778.524,4778.386777289185,4778.541974601843,4779.075120989318,43.835863595058676,-0.25961917056793027,-0.3386853770272945,0.07906620645936424,4777.959785202649,4778.43305,4778.90631479735,0.00019808367822609396,0.0019033436076017194,0.008000688023118928,0.011807302785363622,0.003223480093025157,0.0005069510823210834,0.0077017158920833495,6.278093160894116e-05,0.0,0.0,0.5,0.4,2.220482083598041e-05,2.0833183588925273e-05,0.002628665980138983,42.64662452378043,-0.11669140834261332,8,5.73e-05,0
4778.524,4778.386777289185,4778.541974601843,4779.075120989318,43.835863595058676,-0.25961917056793027,-0.3386853770272945,0.07906620645936424,4777.959785202649,4778.43305,4778.90631479735,0.00019808367822609396,0.0019033436076017194,0.008000688023118928,0.011807302785363622,0.003223480093025157,0.0005069510823210834,0.0077017158920833495,6.278093160894116e-05,0.0,0.0,0.5,0.4,2.220482083598041e-05,2.0833183588925273e-05,0.002628665980138983,42.64662452378043,-0.11669140834261332,5,5.37e-05,0
4778.779,4778.650066097697,4778.62397183871,4778.99776829751,53.49687958513905,-0.07143006229398452,-0.18346184365921125,0.11203178136522673,4777.930950699927,4778.454599999999,4778.978249300071,0.00021917098472467052,0.006788805736510147,0.004169460443153632,0.017746150221079456,0.0023056513931992914,-0.0009049029184145111,0.005587513435156843,0.01293384630614014,-0.05199999999967986,1.0881322231259816e-05,0.6,0.5,1.594664555911729e-05,2.0916964202050136e-05,0.0020698078721928686,32.24550468968537,1.4070647873217987,15,6.13e-05,0
4778.779,4778.650066097697,4778.62397183871,4778.99776829751,53.49687958513905,-0.07143006229398452,-0.18346184365921125,0.11203178136522673,4777.930950699927,4778.454599999999,4778.978249300071,0.00021917098472467052,0.006788805736510147,0.004169460443153632,0.017746150221079456,0.0023056513931992914,-0.0009049029184145111,0.005587513435156843,0.01293384630614014,-0.05199999999967986,1.0881322231259816e-05,0.6,0.5,1.594664555911729e-05,2.0916964202050136e-05,0.0020698078721928686,32.24550468968537,1.4070647873217987,8,5.73e-05,0
4778.779,4778.650066097697,4778.62397183871,4778.99776829751,53.49687958513905,-0.07143006229398452,-0.18346184365921125,0.11203178136522673,4777.930950699927,4778.454599999999,4778.978249300071,0.00021917098472467052,0.006788805736510147,0.004169460443153632,0.017746150221079456,0.0023056513931992914,-0.0009049029184145111,0.005587513435156843,0.01293384630614014,-0.05199999999967986,1.0881322231259816e-05,0.6,0.5,1.594664555911729e-05,2.0916964202050136e-05,0.0020698078721928686,32.24550468968537,1.4070647873217987,5,5.37e-05,0
4778.779,4778.650066097697,4778.62397183871,4778.99776829751,53.49687958513905,-0.07143006229398452,-0.18346184365921125,0.11203178136522673,4777.930950699927,4778.454599999999,4778.978249300071,0.00021917098472467052,0.006788805736510147,0.004169460443153632,0.017746150221079456,0.0023056513931992914,-0.0009049029184145111,0.005587513435156843,0.01293384630614014,-0.05199999999967986,1.0881322231259816e-05,0.6,0.5,1.594664555911729e-05,2.0916964202050136e-05,0.0020698078721928686,32.24550468968537,1.4070647873217987,3,5.11e-05,0
4778.779,4778.650066097697,4778.62397183871,4778.99776829751,53.49687958513905,-0.07143006229398452,-0.18346184365921125,0.11203178136522673,4777.930950699927,4778.454599999999,4778.978249300071,0.00021917098472467052,0.006788805736510147,0.004169460443153632,0.017746150221079456,0.0023056513931992914,-0.0009049029184145111,0.005587513435156843,0.01293384630614014,-0.05199999999967986,1.0881322231259816e-05,0.6,0.5,1.594664555911729e-05,2.0916964202050136e-05,0.0020698078721928686,32.24550468968537,1.4070647873217987,2,4.8599999999999995e-05,0
4779.09,4778.843738159116,4778.742997882524,4778.971687092215,65.17703995689743,0.03722382094474597,-0.05025445969866689,0.08747828064341286,4777.944202246171,4778.5792,4779.2141977538295,0.0002657684333574878,0.010689369760786166,0.0025987741145138783,0.023975228627821536,0.001544850412544882,-0.0005856238473268081,0.006759065675310261,0.011593508974305777,0.11999999999989086,2.5110013245566165e-05,0.6,0.6,1.5903740734313222e-05,1.5569865684716965e-05,0.0014523685440902608,24.758650958037016,4.700369690152955,2,4.8599999999999995e-05,1
4779.09,4778.843738159116,4778.742997882524,4778.971687092215,65.17703995689743,0.03722382094474597,-0.05025445969866689,0.08747828064341286,4777.944202246171,4778.5792,4779.2141977538295,0.0002657684333574878,0.010689369760786166,0.0025987741145138783,0.023975228627821536,0.001544850412544882,-0.0005856238473268081,0.006759065675310261,0.011593508974305777,0.11999999999989086,2.5110013245566165e-05,0.6,0.6,1.5903740734313222e-05,1.5569865684716965e-05,0.0014523685440902608,24.758650958037016,4.700369690152955,3,5.11e-05,1
4779.265,4778.970592421834,4778.824336135127,4778.988400887508,70.34317627140697,0.08867613178881584,-0.004904316462218193,0.09358044825103404,4778.088932806395,4778.6965,4779.304067193605,0.00025428155715897166,0.011896549613483779,0.0008174309983805266,0.024607700004192625,0.001631440363786072,-0.0003771451938569888,0.009521198792161734,0.008914299058848663,0.15500000000065484,3.2432816989169666e-05,0.6,0.7,1.3224749405338353e-05,1.572645259161898e-05,0.0013527718928877442,23.551079620547206,5.652169398482292,2,4.8599999999999995e-05,1
4779.265,4778.970592421834,4778.824336135127,4778.988400887508,70.34317627140697,0.08867613178881584,-0.004904316462218193,0.09358044825103404,4778.088932806395,4778.6965,4779.304067193605,0.00025428155715897166,0.011896549613483779,0.0008174309983805266,0.024607700004192625,0.001631440363786072,-0.0003771451938569888,0.009521198792161734,0.008914299058848663,0.15500000000065484,3.2432816989169666e-05,0.6,0.7,1.3224749405338353e-05,1.572645259161898e-05,0.0013527718928877442,23.551079620547206,5.652169398482292,3,5.11e-05,1
4779.19,4779.241017351571,4779.094547621312,4779.080356877966,57.265624547889274,0.1510658976421837,0.13286468611696362,0.018201211525220085,4778.55130821234,4779.070250000001,4779.589191787662,0.000217172696995144,0.0025057175085243916,0.008352708045964864,0.013364017493755409,0.0018943201389706702,0.00023522130173114428,-0.002803743793056146,0.0020924485623741162,-0.06900000000041473,1.4437384540211262e-05,0.6,0.6,1.552530830950527e-05,1.5714524521909246e-05,0.0016906067030187516,20.5162323374289,1.0543571722478484,2,4.8599999999999995e-05,1
4779.09,4778.843738159116,4778.742997882524,4778.971687092215,65.17703995689743,0.03722382094474597,-0.05025445969866689,0.08747828064341286,4777.944202246171,4778.5792,4779.2141977538295,0.0002657684333574878,0.010689369760786166,0.0025987741145138783,0.023975228627821536,0.001544850412544882,-0.0005856238473268081,0.006759065675310261,0.011593508974305777,0.11999999999989086,2.5110013245566165e-05,0.6,0.6,1.5903740734313222e-05,1.5569865684716965e-05,0.0014523685440902608,24.758650958037016,4.700369690152955,5,5.37e-05,1
4779.19,4779.241017351571,4779.094547621312,4779.080356877966,57.265624547889274,0.1510658976421837,0.13286468611696362,0.018201211525220085,4778.55130821234,4779.070250000001,4779.589191787662,0.000217172696995144,0.0025057175085243916,0.008352708045964864,0.013364017493755409,0.0018943201389706702,0.00023522130173114428,-0.002803743793056146,0.0020924485623741162,-0.06900000000041473,1.4437384540211262e-05,0.6,0.6,1.552530830950527e-05,1.5714524521909246e-05,0.0016906067030187516,20.5162323374289,1.0543571722478484,3,5.11e-05,1
4779.265,4778.970592421834,4778.824336135127,4778.988400887508,70.34317627140697,0.08867613178881584,-0.004904316462218193,0.09358044825103404,4778.088932806395,4778.6965,4779.304067193605,0.00025428155715897166,0.011896549613483779,0.0008174309983805266,0.024607700004192625,0.001631440363786072,-0.0003771451938569888,0.009521198792161734,0.008914299058848663,0.15500000000065484,3.2432816989169666e-05,0.6,0.7,1.3224749405338353e-05,1.572645259161898e-05,0.0013527718928877442,23.551079620547206,5.652169398482292,5,5.37e-05,0
4779.19,4779.241017351571,4779.094547621312,4779.080356877966,57.265624547889274,0.1510658976421837,0.13286468611696362,0.018201211525220085,4778.55130821234,4779.070250000001,4779.589191787662,0.000217172696995144,0.0025057175085243916,0.008352708045964864,0.013364017493755409,0.0018943201389706702,0.00023522130173114428,-0.002803743793056146,0.0020924485623741162,-0.06900000000041473,1.4437384540211262e-05,0.6,0.6,1.552530830950527e-05,1.5714524521909246e-05,0.0016906067030187516,20.5162323374289,1.0543571722478484,5,5.37e-05,0
4778.993,4779.122928884006,4779.07036369016,4779.071552286344,47.88067815296148,0.08190405670666223,0.11708234213904682,-0.03517828543238459,4778.62945206253,4779.1006,4779.57174793747,0.00019717012756335377,-0.002251469659361545,0.0121102486961043,0.007607207992786026,0.0020473837851634614,0.00020288953008783836,-0.0056075615037509685,-0.008243735022905874,0.032000000000152795,6.696016142448968e-06,0.4,0.55,1.4772107421878733e-05,1.519107296100164e-05,0.0014193560455003473,20.903890038381633,-0.790668601367319,5,5.37e-05,0
4778.993,4779.122928884006,4779.07036369016,4779.071552286344,47.88067815296148,0.08190405670666223,0.11708234213904682,-0.03517828543238459,4778.62945206253,4779.1006,4779.57174793747,0.00019717012756335377,-0.002251469659361545,0.0121102486961043,0.007607207992786026,0.0020473837851634614,0.00020288953008783836,-0.0056075615037509685,-0.008243735022905874,0.032000000000152795,6.696016142448968e-06,0.4,0.55,1.4772107421878733e-05,1.519107296100164e-05,0.0014193560455003473,20.903890038381633,-0.790668601367319,3,5.11e-05,0
4778.993,4779.122928884006,4779.07036369016,4779.071552286344,47.88067815296148,0.08190405670666223,0.11708234213904682,-0.03517828543238459,4778.62945206253,4779.1006,4779.57174793747,0.00019717012756335377,-0.002251469659361545,0.0121102486961043,0.007607207992786026,0.0020473837851634614,0.00020288953008783836,-0.0056075615037509685,-0.008243735022905874,0.032000000000152795,6.696016142448968e-06,0.4,0.55,1.4772107421878733e-05,1.519107296100164e-05,0.0014193560455003473,20.903890038381633,-0.790668601367319,2,4.8599999999999995e-05,0
4779.09,4778.843738159116,4778.742997882524,4778.971687092215,65.17703995689743,0.03722382094474597,-0.05025445969866689,0.08747828064341286,4777.944202246171,4778.5792,4779.2141977538295,0.0002657684333574878,0.010689369760786166,0.0025987741145138783,0.023975228627821536,0.001544850412544882,-0.0005856238473268081,0.006759065675310261,0.011593508974305777,0.11999999999989086,2.5110013245566165e-05,0.6,0.6,1.5903740734313222e-05,1.5569865684716965e-05,0.0014523685440902608,24.758650958037016,4.700369690152955,8,5.73e-05,1
4779.265,4778.970592421834,4778.824336135127,4778.988400887508,70.34317627140697,0.08867613178881584,-0.004904316462218193,0.09358044825103404,4778.088932806395,4778.6965,4779.304067193605,0.00025428155715897166,0.011896549613483779,0.0008174309983805266,0.024607700004192625,0.001631440363786072,-0.0003771451938569888,0.009521198792161734,0.008914299058848663,0.15500000000065484,3.2432816989169666e-05,0.6,0.7,1.3224749405338353e-05,1.572645259161898e-05,0.0013527718928877442,23.551079620547206,5.652169398482292,8,5.73e-05,1
4779.19,4779.241017351571,4779.094547621312,4779.080356877966,57.265624547889274,0.1510658976421837,0.13286468611696362,0.018201211525220085,4778.55130821234,4779.070250000001,4779.589191787662,0.000217172696995144,0.0025057175085243916,0.008352708045964864,0.013364017493755409,0.0018943201389706702,0.00023522130173114428,-0.002803743793056146,0.0020924485623741162,-0.06900000000041473,1.4437384540211262e-05,0.6,0.6,1.552530830950527e-05,1.5714524521909246e-05,0.0016906067030187516,20.5162323374289,1.0543571722478484,8,5.73e-05,1
4778.993,4779.122928884006,4779.07036369016,4779.071552286344,47.88067815296148,0.08190405670666223,0.11708234213904682,-0.03517828543238459,4778.62945206253,4779.1006,4779.57174793747,0.00019717012756335377,-0.002251469659361545,0.0121102486961043,0.007607207992786026,0.0020473837851634614,0.00020288953008783836,-0.0056075615037509685,-0.008243735022905874,0.032000000000152795,6.696016142448968e-06,0.4,0.55,1.4772107421878733e-05,1.519107296100164e-05,0.0014193560455003473,20.903890038381633,-0.790668601367319,8,5.73e-05,1
4779.09,4778.843738159116,4778.742997882524,4778.971687092215,65.17703995689743,0.03722382094474597,-0.05025445969866689,0.08747828064341286,4777.944202246171,4778.5792,4779.2141977538295,0.0002657684333574878,0.010689369760786166,0.0025987741145138783,0.023975228627821536,0.001544850412544882,-0.0005856238473268081,0.006759065675310261,0.011593508974305777,0.11999999999989086,2.5110013245566165e-05,0.6,0.6,1.5903740734313222e-05,1.5569865684716965e-05,0.0014523685440902608,24.758650958037016,4.700369690152955,15,6.13e-05,1
4779.619,4779.447944587435,4779.296655608231,4779.175874823508,65.95930221902498,0.1503058108364712,0.10521583102594143,0.045089979810529784,4778.735489355795,4779.219599999999,4779.703710644204,0.00020258983044199111,0.008357012931572377,0.0017723304766400555,0.01848495966320248,0.0027365021857154075,0.00021214148997468442,0.007951056643129562,0.012240967526078173,0.027000000000043656,5.6490177404722175e-06,0.7,0.5,1.860113991675183e-05,2.023374563194791e-05,0.002898213988974997,16.85435398336479,2.4646788075988604,2,4.8599999999999995e-05,1
4779.265,4778.970592421834,4778.824336135127,4778.988400887508,70.34317627140697,0.08867613178881584,-0.004904316462218193,0.09358044825103404,4778.088932806395,4778.6965,4779.304067193605,0.00025428155715897166,0.011896549613483779,0.0008174309983805266,0.024607700004192625,0.001631440363786072,-0.0003771451938569888,0.009521198792161734,0.008914299058848663,0.15500000000065484,3.2432816989169666e-05,0.6,0.7,1.3224749405338353e-05,1.572645259161898e-05,0.0013527718928877442,23.551079620547206,5.652169398482292,15,6.13e-05,1
4779.619,4779.447944587435,4779.296655608231,4779.175874823508,65.95930221902498,0.1503058108364712,0.10521583102594143,0.045089979810529784,4778.735489355795,4779.219599999999,4779.703710644204,0.00020258983044199111,0.008357012931572377,0.0017723304766400555,0.01848495966320248,0.0027365021857154075,0.00021214148997468442,0.007951056643129562,0.012240967526078173,0.027000000000043656,5.6490177404722175e-06,0.7,0.5,1.860113991675183e-05,2.023374563194791e-05,0.002898213988974997,16.85435398336479,2.4646788075988604,3,5.11e-05,1
4779.19,4779.241017351571,4779.094547621312,4779.080356877966,57.265624547889274,0.1510658976421837,0.13286468611696362,0.018201211525220085,4778.55130821234,4779.070250000001,4779.589191787662,0.000217172696995144,0.0025057175085243916,0.008352708045964864,0.013364017493755409,0.0018943201389706702,0.00023522130173114428,-0.002803743793056146,0.0020924485623741162,-0.06900000000041473,1.4437384540211262e-05,0.6,0.6,1.552530830950527e-05,1.5714524521909246e-05,0.0016906067030187516,20.5162323374289,1.0543571722478484,15,6.13e-05,1
4779.619,4779.447944587435,4779.296655608231,4779.175874823508,65.95930221902498,0.1503058108364712,0.10521583102594143,0.045089979810529784,4778.735489355795,4779.219599999999,4779.703710644204,0.00020258983044199111,0.008357012931572377,0.0017723304766400555,0.01848495966320248,0.0027365021857154075,0.00021214148997468442,0.007951056643129562,0.012240967526078173,0.027000000000043656,5.6490177404722175e-06,0.7,0.5,1.860113991675183e-05,2.023374563194791e-05,0.002898213988974997,16.85435398336479,2.4646788075988604,5,5.37e-05,1
4778.993,4779.122928884006,4779.07036369016,4779.071552286344,47.88067815296148,0.08190405670666223,0.11708234213904682,-0.03517828543238459,4778.62945206253,4779.1006,4779.57174793747,0.00019717012756335377,-0.002251469659361545,0.0121102486961043,0.007607207992786026,0.0020473837851634614,0.00020288953008783836,-0.0056075615037509685,-0.008243735022905874,0.032000000000152795,6.696016142448968e-06,0.4,0.55,1.4772107421878733e-05,1.519107296100164e-05,0.0014193560455003473,20.903890038381633,-0.790668601367319,15,6.13e-05,1
4779.619,4779.447944587435,4779.296655608231,4779.175874823508,65.95930221902498,0.1503058108364712,0.10521583102594143,0.045089979810529784,4778.735489355795,4779.219599999999,4779.703710644204,0.00020258983044199111,0.008357012931572377,0.0017723304766400555,0.01848495966320248,0.0027365021857154075,0.00021214148997468442,0.007951056643129562,0.012240967526078173,0.027000000000043656,5.6490177404722175e-06,0.7,0.5,1.860113991675183e-05,2.023374563194791e-05,0.002898213988974997,16.85435398336479,2.4646788075988604,8,5.73e-05,0
4779.619,4779.447944587435,4779.296655608231,4779.175874823508,65.95930221902498,0.1503058108364712,0.10521583102594143,0.045089979810529784,4778.735489355795,4779.219599999999,4779.703710644204,0.00020258983044199111,0.008357012931572377,0.0017723304766400555,0.01848495966320248,0.0027365021857154075,0.00021214148997468442,0.007951056643129562,0.012240967526078173,0.027000000000043656,5.6490177404722175e-06,0.7,0.5,1.860113991675183e-05,2.023374563194791e-05,0.002898213988974997,16.85435398336479,2.4646788075988604,15,6.13e-05,1
4779.817,4779.9187932877285,4779.875682172241,4779.650020710633,49.9757250363464,0.09435343122822815,0.14265149981086378,-0.048298068582635634,4779.457170779071,4779.8983,4780.339429220929,0.0001845768228704008,-0.0017008730081104087,0.010929900055350304,0.007528096178765559,0.002971637670095714,0.00044064634481984916,-0.005627513814610019,-0.001213420853052316,-0.03600000000005821,7.531612373878893e-06,0.4,0.45,2.3514785375544633e-05,2.2730812983051685e-05,0.003394761645264935,15.297324976633304,-0.41313665161971985,2,4.8599999999999995e-05,1
4779.817,4779.9187932877285,4779.875682172241,4779.650020710633,49.9757250363464,0.09435343122822815,0.14265149981086378,-0.048298068582635634,4779.457170779071,4779.8983,4780.339429220929,0.0001845768228704008,-0.0017008730081104087,0.010929900055350304,0.007528096178765559,0.002971637670095714,0.00044064634481984916,-0.005627513814610019,-0.001213420853052316,-0.03600000000005821,7.531612373878893e-06,0.4,0.45,2.3514785375544633e-05,2.2730812983051685e-05,0.003394761645264935,15.297324976633304,-0.41313665161971985,3,5.11e-05,0
4779.838,4779.788356337713,4779.824646308974,4779.703059185288,51.01442169790968,-0.005224191615525342,0.03395618237332447,-0.03918037398884981,4779.535615200505,4779.9175,4780.299384799494,0.00015978719276824374,-0.0016632086223208956,0.009652728805750868,0.00632625623493046,0.003120696099072215,0.00039919256365216274,0.0007950123436017975,0.00043934736413397957,0.0749999999998181,1.5691154561459086e-05,0.5,0.45,2.4624293893060756e-05,2.4069539634302693e-05,0.002924336070178658,24.18902960449223,0.089523670700202,3,5.11e-05,0
4779.838,4779.788356337713,4779.824646308974,4779.703059185288,51.01442169790968,-0.005224191615525342,0.03395618237332447,-0.03918037398884981,4779.535615200505,4779.9175,4780.299384799494,0.00015978719276824374,-0.0016632086223208956,0.009652728805750868,0.00632625623493046,0.003120696099072215,0.00039919256365216274,0.0007950123436017975,0.00043934736413397957,0.0749999999998181,1.5691154561459086e-05,0.5,0.45,2.4624293893060756e-05,2.4069539634302693e-05,0.002924336070178658,24.18902960449223,0.089523670700202,2,4.8599999999999995e-05,0
4779.806,4779.807028056136,4779.8278986792275,4779.713875856932,49.70525297184896,7.740313776594121e-05,0.021939467136094876,-0.021862063998328934,4779.536249831429,4779.88775,4780.239250168571,0.0001470746540317667,-0.0017102912092503378,0.009064178934694184,0.005643538013272529,0.002646020502010339,-0.0003352058031144433,0.0030755332127263557,-0.0032427042814919815,-0.07700000000022555,1.6109180915102606e-05,0.5,0.45,2.0021686133597784e-05,2.1862399067079653e-05,0.0016742937419254454,25.512989018898757,-0.17314599777990378,3,5.11e-05,0
4779.806,4779.807028056136,4779.8278986792275,4779.713875856932,49.70525297184896,7.740313776594121e-05,0.021939467136094876,-0.021862063998328934,4779.536249831429,4779.88775,4780.239250168571,0.0001470746540317667,-0.0017102912092503378,0.009064178934694184,0.005643538013272529,0.002646020502010339,-0.0003352058031144433,0.0030755332127263557,-0.0032427042814919815,-0.07700000000022555,1.6109180915102606e-05,0.5,0.45,2.0021686133597784e-05,2.1862399067079653e-05,0.0016742937419254454,25.512989018898757,-0.17314599777990378,2,4.8599999999999995e-05,0
4779.817,4779.9187932877285,4779.875682172241,4779.650020710633,49.9757250363464,0.09435343122822815,0.14265149981086378,-0.048298068582635634,4779.457170779071,4779.8983,4780.339429220929,0.0001845768228704008,-0.0017008730081104087,0.010929900055350304,0.007528096178765559,0.002971637670095714,0.00044064634481984916,-0.005627513814610019,-0.001213420853052316,-0.03600000000005821,7.531612373878893e-06,0.4,0.45,2.3514785375544633e-05,2.2730812983051685e-05,0.003394761645264935,15.297324976633304,-0.41313665161971985,15,6.13e-05,0
4779.817,4779.9187932877285,4779.875682172241,4779.650020710633,49.9757250363464,0.09435343122822815,0.14265149981086378,-0.048298068582635634,4779.457170779071,4779.8983,4780.339429220929,0.0001845768228704008,-0.0017008730081104087,0.010929900055350304,0.007528096178765559,0.002971637670095714,0.00044064634481984916,-0.005627513814610019,-0.001213420853052316,-0.03600000000005821,7.531612373878893e-06,0.4,0.45,2.3514785375544633e-05,2.2730812983051685e-05,0.003394761645264935,15.297324976633304,-0.41313665161971985,8,5.73e-05,0
4779.817,4779.9187932877285,4779.875682172241,4779.650020710633,49.9757250363464,0.09435343122822815,0.14265149981086378,-0.048298068582635634,4779.457170779071,4779.8983,4780.339429220929,0.0001845768228704008,-0.0017008730081104087,0.010929900055350304,0.007528096178765559,0.002971637670095714,0.00044064634481984916,-0.005627513814610019,-0.001213420853052316,-0.03600000000005821,7.531612373878893e-06,0.4,0.45,2.3514785375544633e-05,2.2730812983051685e-05,0.003394761645264935,15.297324976633304,-0.41313665161971985,5,5.37e-05,0
4779.838,4779.788356337713,4779.824646308974,4779.703059185288,51.01442169790968,-0.005224191615525342,0.03395618237332447,-0.03918037398884981,4779.535615200505,4779.9175,4780.299384799494,0.00015978719276824374,-0.0016632086223208956,0.009652728805750868,0.00632625623493046,0.003120696099072215,0.00039919256365216274,0.0007950123436017975,0.00043934736413397957,0.0749999999998181,1.5691154561459086e-05,0.5,0.45,2.4624293893060756e-05,2.4069539634302693e-05,0.002924336070178658,24.18902960449223,0.089523670700202,15,6.13e-05,0
4779.838,4779.788356337713,4779.824646308974,4779.703059185288,51.01442169790968,-0.005224191615525342,0.03395618237332447,-0.03918037398884981,4779.535615200505,4779.9175,4780.299384799494,0.00015978719276824374,-0.0016632086223208956,0.009652728805750868,0.00632625623493046,0.003120696099072215,0.00039919256365216274,0.0007950123436017975,0.00043934736413397957,0.0749999999998181,1.5691154561459086e-05,0.5,0.45,2.4624293893060756e-05,2.4069539634302693e-05,0.002924336070178658,24.18902960449223,0.089523670700202,8,5.73e-05,0
4779.838,4779.788356337713,4779.824646308974,4779.703059185288,51.01442169790968,-0.005224191615525342,0.03395618237332447,-0.03918037398884981,4779.535615200505,4779.9175,4780.299384799494,0.00015978719276824374,-0.0016632086223208956,0.009652728805750868,0.00632625623493046,0.003120696099072215,0.00039919256365216274,0.0007950123436017975,0.00043934736413397957,0.0749999999998181,1.5691154561459086e-05,0.5,0.45,2.4624293893060756e-05,2.4069539634302693e-05,0.002924336070178658,24.18902960449223,0.089523670700202,5,5.37e-05,0
4779.806,4779.807028056136,4779.8278986792275,4779.713875856932,49.70525297184896,7.740313776594121e-05,0.021939467136094876,-0.021862063998328934,4779.536249831429,4779.88775,4780.239250168571,0.0001470746540317667,-0.0017102912092503378,0.009064178934694184,0.005643538013272529,0.002646020502010339,-0.0003352058031144433,0.0030755332127263557,-0.0032427042814919815,-0.07700000000022555,1.6109180915102606e-05,0.5,0.45,2.0021686133597784e-05,2.1862399067079653e-05,0.0016742937419254454,25.512989018898757,-0.17314599777990378,15,6.13e-05,0
4779.806,4779.807028056136,4779.8278986792275,4779.713875856932,49.70525297184896,7.740313776594121e-05,0.021939467136094876,-0.021862063998328934,4779.536249831429,4779.88775,4780.239250168571,0.0001470746540317667,-0.0017102912092503378,0.009064178934694184,0.005643538013272529,0.002646020502010339,-0.0003352058031144433,0.0030755332127263557,-0.0032427042814919815,-0.07700000000022555,1.6109180915102606e-05,0.5,0.45,2.0021686133597784e-05,2.1862399067079653e-05,0.0016742937419254454,25.512989018898757,-0.17314599777990378,8,5.73e-05,0
4779.806,4779.807028056136,4779.8278986792275,4779.713875856932,49.70525297184896,7.740313776594121e-05,0.021939467136094876,-0.021862063998328934,4779.536249831429,4779.88775,4780.239250168571,0.0001470746540317667,-0.0017102912092503378,0.009064178934694184,0.005643538013272529,0.002646020502010339,-0.0003352058031144433,0.0030755332127263557,-0.0032427042814919815,-0.07700000000022555,1.6109180915102606e-05,0.5,0.45,2.0021686133597784e-05,2.1862399067079653e-05,0.0016742937419254454,25.512989018898757,-0.17314599777990378,5,5.37e-05,0
4780.057,4779.881657955928,4779.861186900684,4779.736642803727,57.864610720552456,0.028085412055588677,0.021508184592222524,0.0065772274633661525,4779.557108875484,4779.87325,4780.189391124515,0.0001322801287735088,0.003844244196227286,0.0027696557701169565,0.0104578486096645,0.002706650189074741,-0.00040308303789825207,0.006150932588067093,0.0032636659211160435,0.09599999999954889,2.0083845872376216e-05,0.6,0.5,2.096326405680582e-05,2.384993847691086e-05,0.0017976622075102078,27.139208286295013,1.5135414757755086,15,6.13e-05,0
4780.057,4779.881657955928,4779.861186900684,4779.736642803727,57.864610720552456,0.028085412055588677,0.021508184592222524,0.0065772274633661525,4779.557108875484,4779.87325,4780.189391124515,0.0001322801287735088,0.003844244196227286,0.0027696557701169565,0.0104578486096645,0.002706650189074741,-0.00040308303789825207,0.006150932588067093,0.0032636659211160435,0.09599999999954889,2.0083845872376216e-05,0.6,0.5,2.096326405680582e-05,2.384993847691086e-05,0.0017976622075102078,27.139208286295013,1.5135414757755086,8,5.73e-05,0
4780.057,4779.881657955928,4779.861186900684,4779.736642803727,57.864610720552456,0.028085412055588677,0.021508184592222524,0.0065772274633661525,4779.557108875484,4779.87325,4780.189391124515,0.0001322801287735088,0.003844244196227286,0.0027696557701169565,0.0104578486096645,0.002706650189074741,-0.00040308303789825207,0.006150932588067093,0.0032636659211160435,0.09599999999954889,2.0083845872376216e-05,0.6,0.5,2.096326405680582e-05,2.384993847691086e-05,0.0017976622075102078,27.139208286295013,1.5135414757755086,5,5.37e-05,0
4780.057,4779.881657955928,4779.861186900684,4779.736642803727,57.864610720552456,0.028085412055588677,0.021508184592222524,0.0065772274633661525,4779.557108875484,4779.87325,4780.189391124515,0.0001322801287735088,0.003844244196227286,0.0027696557701169565,0.0104578486096645,0.002706650189074741,-0.00040308303789825207,0.006150932588067093,0.0032636659211160435,0.09599999999954889,2.0083845872376216e-05,0.6,0.5,2.096326405680582e-05,2.384993847691086e-05,0.0017976622075102078,27.139208286295013,1.5135414757755086,3,5.11e-05,0
4780.057,4779.881657955928,4779.861186900684,4779.736642803727,57.864610720552456,0.028085412055588677,0.021508184592222524,0.0065772274633661525,4779.557108875484,4779.87325,4780.189391124515,0.0001322801287735088,0.003844244196227286,0.0027696557701169565,0.0104578486096645,0.002706650189074741,-0.00040308303789825207,0.006150932588067093,0.0032636659211160435,0.09599999999954889,2.0083845872376216e-05,0.6,0.5,2.096326405680582e-05,2.384993847691086e-05,0.0017976622075102078,27.139208286295013,1.5135414757755086,2,4.8599999999999995e-05,0
4779.592,4779.7521553272,4779.800541188197,4779.736890892131,42.02506144282201,-0.0295375397636235,0.002402758053027516,-0.03194029781665102,4779.510150670697,4779.82045,4780.130749329303,0.00012983723240199706,-0.004779468232965131,0.01127186858844343,0.0017124752343445457,0.0021185395294416737,-0.0002616735688335697,-0.008096269879021012,-0.0051466179397774425,-0.12100000000009459,2.5315327510266883e-05,0.4,0.45,1.962401620971832e-05,2.2124155051389537e-05,0.0017308117869056774,26.130589272256085,-2.059422710944138,2,4.8599999999999995e-05,1
4779.592,4779.7521553272,4779.800541188197,4779.736890892131,42.02506144282201,-0.0295375397636235,0.002402758053027516,-0.03194029781665102,4779.510150670697,4779.82045,4780.130749329303,0.00012983723240199706,-0.004779468232965131,0.01127186858844343,0.0017124752343445457,0.0021185395294416737,-0.0002616735688335697,-0.008096269879021012,-0.0051466179397774425,-0.12100000000009459,2.5315327510266883e-05,0.4,0.45,1.962401620971832e-05,2.2124155051389537e-05,0.0017308117869056774,26.130589272256085,-2.059422710944138,3,5.11e-05,1
4779.592,4779.7521553272,4779.800541188197,4779.736890892131,42.02506144282201,-0.0295375397636235,0.002402758053027516,-0.03194029781665102,4779.510150670697,4779.82045,4780.130749329303,0.00012983723240199706,-0.004779468232965131,0.01127186858844343,0.0017124752343445457,0.0021185395294416737,-0.0002616735688335697,-0.008096269879021012,-0.0051466179397774425,-0.12100000000009459,2.5315327510266883e-05,0.4,0.45,1.962401620971832e-05,2.2124155051389537e-05,0.0017308117869056774,26.130589272256085,-2.059422710944138,5,5.37e-05,1
4779.592,4779.7521553272,4779.800541188197,4779.736890892131,42.02506144282201,-0.0295375397636235,0.002402758053027516,-0.03194029781665102,4779.510150670697,4779.82045,4780.130749329303,0.00012983723240199706,-0.004779468232965131,0.01127186858844343,0.0017124752343445457,0.0021185395294416737,-0.0002616735688335697,-0.008096269879021012,-0.0051466179397774425,-0.12100000000009459,2.5315327510266883e-05,0.4,0.45,1.962401620971832e-05,2.2124155051389537e-05,0.0017308117869056774,26.130589272256085,-2.059422710944138,8,5.73e-05,1
4779.341,4779.524398466531,4779.608916182331,4779.6621783195715,36.91565032843946,-0.08272709117500199,-0.05728294515456506,-0.02544414602043693,4779.381652184005,4779.605149999999,4779.8286478159935,9.352145584413017e-05,-0.00552660715078238,0.010203243836192352,-0.0008505813668665157,0.0023866449257744613,0.000386995296117491,-0.008243134818131104,-0.005146888214402345,-0.09199999999964348,1.9249145243760424e-05,0.4,0.45,1.908092079262458e-05,1.6350536321857457e-05,0.002196152087022198,18.021188262417926,-2.348652540519244,2,4.8599999999999995e-05,1
4779.341,4779.524398466531,4779.608916182331,4779.6621783195715,36.91565032843946,-0.08272709117500199,-0.05728294515456506,-0.02544414602043693,4779.381652184005,4779.605149999999,4779.8286478159935,9.352145584413017e-05,-0.00552660715078238,0.010203243836192352,-0.0008505813668665157,0.0023866449257744613,0.000386995296117491,-0.008243134818131104,-0.005146888214402345,-0.09199999999964348,1.9249145243760424e-05,0.4,0.45,1.908092079262458e-05,1.6350536321857457e-05,0.002196152087022198,18.021188262417926,-2.348652540519244,3,5.11e-05,1
4779.592,4779.7521553272,4779.800541188197,4779.736890892131,42.02506144282201,-0.0295375397636235,0.002402758053027516,-0.03194029781665102,4779.510150670697,4779.82045,4780.130749329303,0.00012983723240199706,-0.004779468232965131,0.01127186858844343,0.0017124752343445457,0.0021185395294416737,-0.0002616735688335697,-0.008096269879021012,-0.0051466179397774425,-0.12100000000009459,2.5315327510266883e-05,0.4,0.45,1.962401620971832e-05,2.2124155051389537e-05,0.0017308117869056774,26.130589272256085,-2.059422710944138,15,6.13e-05,1
4779.341,4779.524398466531,4779.608916182331,4779.6621783195715,36.91565032843946,-0.08272709117500199,-0.05728294515456506,-0.02544414602043693,4779.381652184005,4779.605149999999,4779.8286478159935,9.352145584413017e-05,-0.00552660715078238,0.010203243836192352,-0.0008505813668665157,0.0023866449257744613,0.000386995296117491,-0.008243134818131104,-0.005146888214402345,-0.09199999999964348,1.9249145243760424e-05,0.4,0.45,1.908092079262458e-05,1.6350536321857457e-05,0.002196152087022198,18.021188262417926,-2.348652540519244,5,5.37e-05,1
4779.341,4779.524398466531,4779.608916182331,4779.6621783195715,36.91565032843946,-0.08272709117500199,-0.05728294515456506,-0.02544414602043693,4779.381652184005,4779.605149999999,4779.8286478159935,9.352145584413017e-05,-0.00552660715078238,0.010203243836192352,-0.0008505813668665157,0.0023866449257744613,0.000386995296117491,-0.008243134818131104,-0.005146888214402345,-0.09199999999964348,1.9249145243760424e-05,0.4,0.45,1.908092079262458e-05,1.6350536321857457e-05,0.002196152087022198,18.021188262417926,-2.348652540519244,8,5.73e-05,1
4779.754,4779.635688431512,4779.57971755831,4779.605820075505,57.817205640031034,0.022702186070091557,-0.03285597817308124,0.055558164243172795,4779.154918356674,4779.5125,4779.870081643326,0.0001496310108304266,0.005052816579098545,0.0024286112491509466,0.012533733814039738,0.0019902625806309257,-0.0004001304296648192,0.00391248830700075,0.011068740224606799,-0.03999999999996362,8.368561490335047e-06,0.7,0.5,1.7637957114391422e-05,1.8255067573508255e-05,0.0016945374211760893,18.004441951017025,1.8321184509118291,2,4.8599999999999995e-05,1
4779.754,4779.635688431512,4779.57971755831,4779.605820075505,57.817205640031034,0.022702186070091557,-0.03285597817308124,0.055558164243172795,4779.154918356674,4779.5125,4779.870081643326,0.0001496310108304266,0.005052816579098545,0.0024286112491509466,0.012533733814039738,0.0019902625806309257,-0.0004001304296648192,0.00391248830700075,0.011068740224606799,-0.03999999999996362,8.368561490335047e-06,0.7,0.5,1.7637957114391422e-05,1.8255067573508255e-05,0.0016945374211760893,18.004441951017025,1.8321184509118291,3,5.11e-05,1
4779.829,4779.76727045219,4779.682564001768,4779.648122925508,59.6855344076806,0.07025853712821117,0.033981577083559776,0.0362769600446514,4779.169764461437,4779.59375,4780.017735538563,0.0001774148853396177,0.004921966432810812,0.0039485834862163114,0.013792031860613115,0.0015161904552077432,-0.0004073634345863283,0.0019875583034290045,0.00523058620853778,-0.020000000000436557,4.184232598181126e-06,0.5,0.55,1.0502746766316573e-05,1.4750539607943924e-05,0.000944832965098962,24.619910786987063,2.0206683506809022,2,4.8599999999999995e-05,1
4779.754,4779.635688431512,4779.57971755831,4779.605820075505,57.817205640031034,0.022702186070091557,-0.03285597817308124,0.055558164243172795,4779.154918356674,4779.5125,4779.870081643326,0.0001496310108304266,0.005052816579098545,0.0024286112491509466,0.012533733814039738,0.0019902625806309257,-0.0004001304296648192,0.00391248830700075,0.011068740224606799,-0.03999999999996362,8.368561490335047e-06,0.7,0.5,1.7637957114391422e-05,1.8255067573508255e-05,0.0016945374211760893,18.004441951017025,1.8321184509118291,5,5.37e-05,1
4779.829,4779.76727045219,4779.682564001768,4779.648122925508,59.6855344076806,0.07025853712821117,0.033981577083559776,0.0362769600446514,4779.169764461437,4779.59375,4780.017735538563,0.0001774148853396177,0.004921966432810812,0.0039485834862163114,0.013792031860613115,0.0015161904552077432,-0.0004073634345863283,0.0019875583034290045,0.00523058620853778,-0.020000000000436557,4.184232598181126e-06,0.5,0.55,1.0502746766316573e-05,1.4750539607943924e-05,0.000944832965098962,24.619910786987063,2.0206683506809022,3,5.11e-05,1
4779.615,4779.744851377421,4779.716351645939,4779.673530381345,45.540919306336704,0.041527750477143854,0.05564753663209819,-0.014119786154954336,4779.430577326866,4779.72135,4780.0121226731335,0.00012166929904132923,-0.00222502510528193,0.008308674927451444,0.0038585256999500495,0.0017433661471998913,0.00041275995976458916,-0.004644509844176081,-0.0036821693668254163,-0.0030000000006111804,6.276652235737146e-07,0.4,0.5,1.2929306310049959e-05,1.3829359832018273e-05,0.0026262375059997087,23.722007788943706,-1.2162982247827103,2,4.8599999999999995e-05,1
4779.615,4779.744851377421,4779.716351645939,4779.673530381345,45.540919306336704,0.041527750477143854,0.05564753663209819,-0.014119786154954336,4779.430577326866,4779.72135,4780.0121226731335,0.00012166929904132923,-0.00222502510528193,0.008308674927451444,0.0038585256999500495,0.0017433661471998913,0.00041275995976458916,-0.004644509844176081,-0.0036821693668254163,-0.0030000000006111804,6.276652235737146e-07,0.4,0.5,1.2929306310049959e-05,1.3829359832018273e-05,0.0026262375059997087,23.722007788943706,-1.2162982247827103,3,5.11e-05,0
4779.766,4779.759986499354,4779.735338623643,4779.689743240831,52.731191595669465,0.03484358526293363,0.04217644942247508,-0.007332864159541451,4779.6205152981465,4779.7762,4779.931884701854,6.514309262166522e-05,-0.00021339911271625692,0.0034705611499462187,0.0030437620137281347,0.0018537075248326778,0.0001103413776327865,0.0031592502743427175,-0.001485406301526826,-0.00800000000072032,1.6737193014870755e-06,0.4,0.45,1.5795641659599458e-05,1.1580013973189196e-05,0.0014211722201301067,21.283790823447532,0.3460561592301991,3,5.11e-05,0
4779.766,4779.759986499354,4779.735338623643,4779.689743240831,52.731191595669465,0.03484358526293363,0.04217644942247508,-0.007332864159541451,4779.6205152981465,4779.7762,4779.931884701854,6.514309262166522e-05,-0.00021339911271625692,0.0034705611499462187,0.0030437620137281347,0.0018537075248326778,0.0001103413776327865,0.0031592502743427175,-0.001485406301526826,-0.00800000000072032,1.6737193014870755e-06,0.4,0.45,1.5795641659599458e-05,1.1580013973189196e-05,0.0014211722201301067,21.283790823447532,0.3460561592301991,2,4.8599999999999995e-05,0
4779.737,4779.755389199484,4779.735496849963,4779.691596447074,51.011776267346896,0.03075815020565642,0.03989278957911135,-0.009134639373454927,4779.622998155102,4779.77725,4779.931501844898,6.454352863316869e-05,-0.0008420894509260772,0.0040693001497317995,0.002385107065467349,0.001802539058143985,1.9082239339812635e-05,0.00046027848941143645,-0.0017364670636066393,-0.028999999999541615,6.067242622198599e-06,0.4,0.45,1.6046705258065952e-05,1.1663698745484342e-05,0.0012271362458898926,21.996190292841316,0.017446719704175585,3,5.11e-05,0
4779.737,4779.755389199484,4779.735496849963,4779.691596447074,51.011776267346896,0.03075815020565642,0.03989278957911135,-0.009134639373454927,4779.622998155102,4779.77725,4779.931501844898,6.454352863316869e-05,-0.0008420894509260772,0.0040693001497317995,0.002385107065467349,0.001802539058143985,1.9082239339812635e-05,0.00046027848941143645,-0.0017364670636066393,-0.028999999999541615,6.067242622198599e-06,0.4,0.45,1.6046705258065952e-05,1.1663698745484342e-05,0.0012271362458898926,21.996190292841316,0.017446719704175585,2,4.8599999999999995e-05,0
4779.829,4779.76727045219,4779.682564001768,4779.648122925508,59.6855344076806,0.07025853712821117,0.033981577083559776,0.0362769600446514,4779.169764461437,4779.59375,4780.017735538563,0.0001774148853396177,0.004921966432810812,0.0039485834862163114,0.013792031860613115,0.0015161904552077432,-0.0004073634345863283,0.0019875583034290045,0.00523058620853778,-0.020000000000436557,4.184232598181126e-06,0.5,0.55,1.0502746766316573e-05,1.4750539607943924e-05,0.000944832965098962,24.619910786987063,2.0206683506809022,5,5.37e-05,1
4779.341,4779.524398466531,4779.608916182331,4779.6621783195715,36.91565032843946,-0.08272709117500199,-0.05728294515456506,-0.02544414602043693,4779.381652184005,4779.605149999999,4779.8286478159935,9.352145584413017e-05,-0.00552660715078238,0.010203243836192352,-0.0008505813668665157,0.0023866449257744613,0.000386995296117491,-0.008243134818131104,-0.005146888214402345,-0.09199999999964348,1.9249145243760424e-05,0.4,0.45,1.908092079262458e-05,1.6350536321857457e-05,0.002196152087022198,18.021188262417926,-2.348652540519244,15,6.13e-05,1
4779.754,4779.635688431512,4779.57971755831,4779.605820075505,57.817205640031034,0.022702186070091557,-0.03285597817308124,0.055558164243172795,4779.154918356674,4779.5125,4779.870081643326,0.0001496310108304266,0.005052816579098545,0.0024286112491509466,0.012533733814039738,0.0019902625806309257,-0.0004001304296648192,0.00391248830700075,0.011068740224606799,-0.03999999999996362,8.368561490335047e-06,0.7,0.5,1.7637957114391422e-05,1.8255067573508255e-05,0.0016945374211760893,18.004441951017025,1.8321184509118291,8,5.73e-05,1
4779.615,4779.744851377421,4779.716351645939,4779.673530381345,45.540919306336704,0.041527750477143854,0.05564753663209819,-0.014119786154954336,4779.430577326866,4779.72135,4780.0121226731335,0.00012166929904132923,-0.00222502510528193,0.008308674927451444,0.0038585256999500495,0.0017433661471998913,0.00041275995976458916,-0.004644509844176081,-0.0036821693668254163,-0.0030000000006111804,6.276652235737146e-07,0.4,0.5,1.2929306310049959e-05,1.3829359832018273e-05,0.0026262375059997087,23.722007788943706,-1.2162982247827103,5,5.37e-05,1
4779.491,4779.687889087671,4779.70605070938,4779.682690145877,38.822054149560614,-5.694139872503001e-06,0.028951595097804487,-0.02895728923767699,4779.552794161085,4779.7576,4779.9624058389145,8.569716544394671e-05,-0.005577688709568154,0.009863097114619666,-0.0012929025514504572,0.0020425395724693123,0.00018535530861135815,-0.007029543119452253,-0.006485625656804661,-0.17299999999977445,3.619501287110971e-05,0.3,0.4,1.5356532122035027e-05,1.300271359657712e-05,0.0013393701953598226,23.271966893643448,-2.202770296465349,2,4.8599999999999995e-05,1
4779.766,4779.759986499354,4779.735338623643,4779.689743240831,52.731191595669465,0.03484358526293363,0.04217644942247508,-0.007332864159541451,4779.6205152981465,4779.7762,4779.931884701854,6.514309262166522e-05,-0.00021339911271625692,0.0034705611499462187,0.0030437620137281347,0.0018537075248326778,0.0001103413776327865,0.0031592502743427175,-0.001485406301526826,-0.00800000000072032,1.6737193014870755e-06,0.4,0.45,1.5795641659599458e-05,1.1580013973189196e-05,0.0014211722201301067,21.283790823447532,0.3460561592301991,5,5.37e-05,1
4779.491,4779.687889087671,4779.70605070938,4779.682690145877,38.822054149560614,-5.694139872503001e-06,0.028951595097804487,-0.02895728923767699,4779.552794161085,4779.7576,4779.9624058389145,8.569716544394671e-05,-0.005577688709568154,0.009863097114619666,-0.0012929025514504572,0.0020425395724693123,0.00018535530861135815,-0.007029543119452253,-0.006485625656804661,-0.17299999999977445,3.619501287110971e-05,0.3,0.4,1.5356532122035027e-05,1.300271359657712e-05,0.0013393701953598226,23.271966893643448,-2.202770296465349,3,5.11e-05,1
4779.433,4779.602689016109,4779.660050580695,4779.665035386487,36.44037147438034,-0.0353755961978095,0.008554763319704901,-0.0439303595175144,4779.449774701182,4779.7267,4780.003625298818,0.00011587495110054788,-0.00614470279232015,0.011939183974718619,-0.0003509768037742163,0.0020349392534972158,0.000181231728664538,-0.006966868252533676,-0.0038078380790063093,-0.04100000000016735,8.578349835142163e-06,0.3,0.35,1.2678675719324239e-05,1.2803991014687099e-05,0.0013187104566916167,24.371998758620798,-2.334394002668666,2,4.8599999999999995e-05,1
4779.829,4779.76727045219,4779.682564001768,4779.648122925508,59.6855344076806,0.07025853712821117,0.033981577083559776,0.0362769600446514,4779.169764461437,4779.59375,4780.017735538563,0.0001774148853396177,0.004921966432810812,0.0039485834862163114,0.013792031860613115,0.0015161904552077432,-0.0004073634345863283,0.0019875583034290045,0.00523058620853778,-0.020000000000436557,4.184232598181126e-06,0.5,0.55,1.0502746766316573e-05,1.4750539607943924e-05,0.000944832965098962,24.619910786987063,2.0206683506809022,8,5.73e-05,1
4779.737,4779.755389199484,4779.735496849963,4779.691596447074,51.011776267346896,0.03075815020565642,0.03989278957911135,-0.009134639373454927,4779.622998155102,4779.77725,4779.931501844898,6.454352863316869e-05,-0.0008420894509260772,0.0040693001497317995,0.002385107065467349,0.001802539058143985,1.9082239339812635e-05,0.00046027848941143645,-0.0017364670636066393,-0.028999999999541615,6.067242622198599e-06,0.4,0.45,1.6046705258065952e-05,1.1663698745484342e-05,0.0012271362458898926,21.996190292841316,0.017446719704175585,5,5.37e-05,1
4779.433,4779.602689016109,4779.660050580695,4779.665035386487,36.44037147438034,-0.0353755961978095,0.008554763319704901,-0.0439303595175144,4779.449774701182,4779.7267,4780.003625298818,0.00011587495110054788,-0.00614470279232015,0.011939183974718619,-0.0003509768037742163,0.0020349392534972158,0.000181231728664538,-0.006966868252533676,-0.0038078380790063093,-0.04100000000016735,8.578349835142163e-06,0.3,0.35,1.2678675719324239e-05,1.2803991014687099e-05,0.0013187104566916167,24.371998758620798,-2.334394002668666,3,5.11e-05,1
4779.506,4779.5833512128875,4779.645379096819,4779.658798704664,41.41605184073333,-0.04266873753931577,-0.0016899368520992327,-0.040978800687216536,4779.420603931559,4779.7137,4780.006796068442,0.0001226416839325032,-0.004345448556885983,0.010477988069092482,0.0017867132804456384,0.0019072275311243214,0.00010468847298033645,-0.004832901893969677,-0.00437264564937534,0.07300000000032014,1.5273778291247098e-05,0.3,0.4,1.2113834823712643e-05,1.3306162218534867e-05,0.0018679680620240092,24.863811946930774,-1.5289717560075795,2,4.8599999999999995e-05,1
4779.615,4779.744851377421,4779.716351645939,4779.673530381345,45.540919306336704,0.041527750477143854,0.05564753663209819,-0.014119786154954336,4779.430577326866,4779.72135,4780.0121226731335,0.00012166929904132923,-0.00222502510528193,0.008308674927451444,0.0038585256999500495,0.0017433661471998913,0.00041275995976458916,-0.004644509844176081,-0.0036821693668254163,-0.0030000000006111804,6.276652235737146e-07,0.4,0.5,1.2929306310049959e-05,1.3829359832018273e-05,0.0026262375059997087,23.722007788943706,-1.2162982247827103,8,5.73e-05,1
4779.491,4779.687889087671,4779.70605070938,4779.682690145877,38.822054149560614,-5.694139872503001e-06,0.028951595097804487,-0.02895728923767699,4779.552794161085,4779.7576,4779.9624058389145,8.569716544394671e-05,-0.005577688709568154,0.009863097114619666,-0.0012929025514504572,0.0020425395724693123,0.00018535530861135815,-0.007029543119452253,-0.006485625656804661,-0.17299999999977445,3.619501287110971e-05,0.3,0.4,1.5356532122035027e-05,1.300271359657712e-05,0.0013393701953598226,23.271966893643448,-2.202770296465349,5,5.37e-05,1
4779.506,4779.5833512128875,4779.645379096819,4779.658798704664,41.41605184073333,-0.04266873753931577,-0.0016899368520992327,-0.040978800687216536,4779.420603931559,4779.7137,4780.006796068442,0.0001226416839325032,-0.004345448556885983,0.010477988069092482,0.0017867132804456384,0.0019072275311243214,0.00010468847298033645,-0.004832901893969677,-0.00437264564937534,0.07300000000032014,1.5273778291247098e-05,0.3,0.4,1.2113834823712643e-05,1.3306162218534867e-05,0.0018679680620240092,24.863811946930774,-1.5289717560075795,3,5.11e-05,1
4779.766,4779.759986499354,4779.735338623643,4779.689743240831,52.731191595669465,0.03484358526293363,0.04217644942247508,-0.007332864159541451,4779.6205152981465,4779.7762,4779.931884701854,6.514309262166522e-05,-0.00021339911271625692,0.0034705611499462187,0.0030437620137281347,0.0018537075248326778,0.0001103413776327865,0.0031592502743427175,-0.001485406301526826,-0.00800000000072032,1.6737193014870755e-06,0.4,0.45,1.5795641659599458e-05,1.1580013973189196e-05,0.0014211722201301067,21.283790823447532,0.3460561592301991,8,5.73e-05,1
4779.433,4779.602689016109,4779.660050580695,4779.665035386487,36.44037147438034,-0.0353755961978095,0.008554763319704901,-0.0439303595175144,4779.449774701182,4779.7267,4780.003625298818,0.00011587495110054788,-0.00614470279232015,0.011939183974718619,-0.0003509768037742163,0.0020349392534972158,0.000181231728664538,-0.006966868252533676,-0.0038078380790063093,-0.04100000000016735,8.578349835142163e-06,0.3,0.35,1.2678675719324239e-05,1.2803991014687099e-05,0.0013187104566916167,24.371998758620798,-2.334394002668666,5,5.37e-05,1
4779.737,4779.755389199484,4779.735496849963,4779.691596447074,51.011776267346896,0.03075815020565642,0.03989278957911135,-0.009134639373454927,4779.622998155102,4779.77725,4779.931501844898,6.454352863316869e-05,-0.0008420894509260772,0.0040693001497317995,0.002385107065467349,0.001802539058143985,1.9082239339812635e-05,0.00046027848941143645,-0.0017364670636066393,-0.028999999999541615,6.067242622198599e-06,0.4,0.45,1.6046705258065952e-05,1.1663698745484342e-05,0.0012271362458898926,21.996190292841316,0.017446719704175585,8,5.73e-05,1
4779.506,4779.5833512128875,4779.645379096819,4779.658798704664,41.41605184073333,-0.04266873753931577,-0.0016899368520992327,-0.040978800687216536,4779.420603931559,4779.7137,4780.006796068442,0.0001226416839325032,-0.004345448556885983,0.010477988069092482,0.0017867132804456384,0.0019072275311243214,0.00010468847298033645,-0.004832901893969677,-0.00437264564937534,0.07300000000032014,1.5273778291247098e-05,0.3,0.4,1.2113834823712643e-05,1.3306162218534867e-05,0.0018679680620240092,24.863811946930774,-1.5289717560075795,5,5.37e-05,1
4779.491,4779.687889087671,4779.70605070938,4779.682690145877,38.822054149560614,-5.694139872503001e-06,0.028951595097804487,-0.02895728923767699,4779.552794161085,4779.7576,4779.9624058389145,8.569716544394671e-05,-0.005577688709568154,0.009863097114619666,-0.0012929025514504572,0.0020425395724693123,0.00018535530861135815,-0.007029543119452253,-0.006485625656804661,-0.17299999999977445,3.619501287110971e-05,0.3,0.4,1.5356532122035027e-05,1.300271359657712e-05,0.0013393701953598226,23.271966893643448,-2.202770296465349,8,5.73e-05,1
4779.592,4779.6050033442825,4779.633333074383,4779.651116082219,46.998463306207455,-0.027201286252420687,-0.020092376565324567,-0.00710890968709612,4779.418840235043,4779.638349999999,4779.857859764956,9.185203937300232e-05,-0.0009697386414103947,0.005562394550749857,0.0036228984598860267,0.0019116026821022957,-0.00010527302712576769,-0.0015063820385741167,0.0021131957356868014,0.027000000000043656,5.6490496520567035e-06,0.4,0.35,1.274174458784083e-05,1.404913835493793e-05,0.0011391013203912277,25.068570132519962,-0.4523821884364473,2,4.8599999999999995e-05,1
4779.754,4779.635688431512,4779.57971755831,4779.605820075505,57.817205640031034,0.022702186070091557,-0.03285597817308124,0.055558164243172795,4779.154918356674,4779.5125,4779.870081643326,0.0001496310108304266,0.005052816579098545,0.0024286112491509466,0.012533733814039738,0.0019902625806309257,-0.0004001304296648192,0.00391248830700075,0.011068740224606799,-0.03999999999996362,8.368561490335047e-06,0.7,0.5,1.7637957114391422e-05,1.8255067573508255e-05,0.0016945374211760893,18.004441951017025,1.8321184509118291,15,6.13e-05,1
4779.433,4779.602689016109,4779.660050580695,4779.665035386487,36.44037147438034,-0.0353755961978095,0.008554763319704901,-0.0439303595175144,4779.449774701182,4779.7267,4780.003625298818,0.00011587495110054788,-0.00614470279232015,0.011939183974718619,-0.0003509768037742163,0.0020349392534972158,0.000181231728664538,-0.006966868252533676,-0.0038078380790063093,-0.04100000000016735,8.578349835142163e-06,0.3,0.35,1.2678675719324239e-05,1.2803991014687099e-05,0.0013187104566916167,24.371998758620798,-2.334394002668666,8,5.73e-05,1
4779.592,4779.6050033442825,4779.633333074383,4779.651116082219,46.998463306207455,-0.027201286252420687,-0.020092376565324567,-0.00710890968709612,4779.418840235043,4779.638349999999,4779.857859764956,9.185203937300232e-05,-0.0009697386414103947,0.005562394550749857,0.0036228984598860267,0.0019116026821022957,-0.00010527302712576769,-0.0015063820385741167,0.0021131957356868014,0.027000000000043656,5.6490496520567035e-06,0.4,0.35,1.274174458784083e-05,1.404913835493793e-05,0.0011391013203912277,25.068570132519962,-0.4523821884364473,3,5.11e-05,1
4779.506,4779.5833512128875,4779.645379096819,4779.658798704664,41.41605184073333,-0.04266873753931577,-0.0016899368520992327,-0.040978800687216536,4779.420603931559,4779.7137,4780.006796068442,0.0001226416839325032,-0.004345448556885983,0.010477988069092482,0.0017867132804456384,0.0019072275311243214,0.00010468847298033645,-0.004832901893969677,-0.00437264564937534,0.07300000000032014,1.5273778291247098e-05,0.3,0.4,1.2113834823712643e-05,1.3306162218534867e-05,0.0018679680620240092,24.863811946930774,-1.5289717560075795,8,5.73e-05,1
4779.829,4779.76727045219,4779.682564001768,4779.648122925508,59.6855344076806,0.07025853712821117,0.033981577083559776,0.0362769600446514,4779.169764461437,4779.59375,4780.017735538563,0.0001774148853396177,0.004921966432810812,0.0039485834862163114,0.013792031860613115,0.0015161904552077432,-0.0004073634345863283,0.0019875583034290045,0.00523058620853778,-0.020000000000436557,4.184232598181126e-06,0.5,0.55,1.0502746766316573e-05,1.4750539607943924e-05,0.000944832965098962,24.619910786987063,2.0206683506809022,15,6.13e-05,1
4779.592,4779.6050033442825,4779.633333074383,4779.651116082219,46.998463306207455,-0.027201286252420687,-0.020092376565324567,-0.00710890968709612,4779.418840235043,4779.638349999999,4779.857859764956,9.185203937300232e-05,-0.0009697386414103947,0.005562394550749857,0.0036228984598860267,0.0019116026821022957,-0.00010527302712576769,-0.0015063820385741167,0.0021131957356868014,0.027000000000043656,5.6490496520567035e-06,0.4,0.35,1.274174458784083e-05,1.404913835493793e-05,0.0011391013203912277,25.068570132519962,-0.4523821884364473,5,5.37e-05,1
4779.615,4779.744851377421,4779.716351645939,4779.673530381345,45.540919306336704,0.041527750477143854,0.05564753663209819,-0.014119786154954336,4779.430577326866,4779.72135,4780.0121226731335,0.00012166929904132923,-0.00222502510528193,0.008308674927451444,0.0038585256999500495,0.0017433661471998913,0.00041275995976458916,-0.004644509844176081,-0.0036821693668254163,-0.0030000000006111804,6.276652235737146e-07,0.4,0.5,1.2929306310049959e-05,1.3829359832018273e-05,0.0026262375059997087,23.722007788943706,-1.2162982247827103,15,6.13e-05,1
4779.517,4779.627914924684,4779.643578671919,4779.654348081055,43.531328179413286,-0.014558094389030884,-0.00888667631343417,-0.005671418075596714,4779.403197043022,4779.6265,4779.849802956978,9.343950075510372e-05,-0.002290973991387825,0.006963108552148933,0.00238105559573178,0.0023590120276620855,5.7164303542872e-05,-0.006088110652147094,-0.0037240869971810753,-0.12200000000029831,2.5524940272747543e-05,0.4,0.35,1.652835953008802e-05,1.5953113016253793e-05,0.0017944249392511243,17.566057542153747,-1.1226254082235203,3,5.11e-05,0
4779.517,4779.627914924684,4779.643578671919,4779.654348081055,43.531328179413286,-0.014558094389030884,-0.00888667631343417,-0.005671418075596714,4779.403197043022,4779.6265,4779.849802956978,9.343950075510372e-05,-0.002290973991387825,0.006963108552148933,0.00238105559573178,0.0023590120276620855,5.7164303542872e-05,-0.006088110652147094,-0.0037240869971810753,-0.12200000000029831,2.5524940272747543e-05,0.4,0.35,1.652835953008802e-05,1.5953113016253793e-05,0.0017944249392511243,17.566057542153747,-1.1226254082235203,2,4.8599999999999995e-05,0
4779.319,4779.555425551798,4779.605550794927,4779.637680024072,36.83465230749348,-0.04205138787438045,-0.017181355071604735,-0.024870032802775718,4779.350562422778,4779.5953500000005,4779.840137577223,0.00010243025164139417,-0.005781870216274545,0.010904013254238978,-0.0006603958174339146,0.0023116670188426773,-9.575914344699728e-05,-0.007406364410267319,-0.005523494413617325,-0.24199999999927968,5.0632265180650116e-05,0.5,0.4,2.016893176969292e-05,1.8557975736360753e-05,0.002583316786228836,16.004934656542137,-2.5934882450617094,3,5.11e-05,0
4779.319,4779.555425551798,4779.605550794927,4779.637680024072,36.83465230749348,-0.04205138787438045,-0.017181355071604735,-0.024870032802775718,4779.350562422778,4779.5953500000005,4779.840137577223,0.00010243025164139417,-0.005781870216274545,0.010904013254238978,-0.0006603958174339146,0.0023116670188426773,-9.575914344699728e-05,-0.007406364410267319,-0.005523494413617325,-0.24199999999927968,5.0632265180650116e-05,0.5,0.4,2.016893176969292e-05,1.8557975736360753e-05,0.002583316786228836,16.004934656542137,-2.5934882450617094,2,4.8599999999999995e-05,0
4779.766,4779.759986499354,4779.735338623643,4779.689743240831,52.731191595669465,0.03484358526293363,0.04217644942247508,-0.007332864159541451,4779.6205152981465,4779.7762,4779.931884701854,6.514309262166522e-05,-0.00021339911271625692,0.0034705611499462187,0.0030437620137281347,0.0018537075248326778,0.0001103413776327865,0.0031592502743427175,-0.001485406301526826,-0.00800000000072032,1.6737193014870755e-06,0.4,0.45,1.5795641659599458e-05,1.1580013973189196e-05,0.0014211722201301067,21.283790823447532,0.3460561592301991,15,6.13e-05,1
4779.737,4779.755389199484,4779.735496849963,4779.691596447074,51.011776267346896,0.03075815020565642,0.03989278957911135,-0.009134639373454927,4779.622998155102,4779.77725,4779.931501844898,6.454352863316869e-05,-0.0008420894509260772,0.0040693001497317995,0.002385107065467349,0.001802539058143985,1.9082239339812635e-05,0.00046027848941143645,-0.0017364670636066393,-0.028999999999541615,6.067242622198599e-06,0.4,0.45,1.6046705258065952e-05,1.1663698745484342e-05,0.0012271362458898926,21.996190292841316,0.017446719704175585,15,6.13e-05,1
4779.592,4779.6050033442825,4779.633333074383,4779.651116082219,46.998463306207455,-0.027201286252420687,-0.020092376565324567,-0.00710890968709612,4779.418840235043,4779.638349999999,4779.857859764956,9.185203937300232e-05,-0.0009697386414103947,0.005562394550749857,0.0036228984598860267,0.0019116026821022957,-0.00010527302712576769,-0.0015063820385741167,0.0021131957356868014,0.027000000000043656,5.6490496520567035e-06,0.4,0.35,1.274174458784083e-05,1.404913835493793e-05,0.0011391013203912277,25.068570132519962,-0.4523821884364473,8,5.73e-05,1
4779.517,4779.627914924684,4779.643578671919,4779.654348081055,43.531328179413286,-0.014558094389030884,-0.00888667631343417,-0.005671418075596714,4779.403197043022,4779.6265,4779.849802956978,9.343950075510372e-05,-0.002290973991387825,0.006963108552148933,0.00238105559573178,0.0023590120276620855,5.7164303542872e-05,-0.006088110652147094,-0.0037240869971810753,-0.12200000000029831,2.5524940272747543e-05,0.4,0.35,1.652835953008802e-05,1.5953113016253793e-05,0.0017944249392511243,17.566057542153747,-1.1226254082235203,5,5.37e-05,0
4779.319,4779.555425551798,4779.605550794927,4779.637680024072,36.83465230749348,-0.04205138787438045,-0.017181355071604735,-0.024870032802775718,4779.350562422778,4779.5953500000005,4779.840137577223,0.00010243025164139417,-0.005781870216274545,0.010904013254238978,-0.0006603958174339146,0.0023116670188426773,-9.575914344699728e-05,-0.007406364410267319,-0.005523494413617325,-0.24199999999927968,5.0632265180650116e-05,0.5,0.4,2.016893176969292e-05,1.8557975736360753e-05,0.002583316786228836,16.004934656542137,-2.5934882450617094,5,5.37e-05,0
4779.064,4779.248801731852,4779.407262616687,4779.5399555876475,34.996973309594765,-0.1454098483100097,-0.08529399549274458,-0.060115852817265114,4779.00307154239,4779.487050000001,4779.971028457611,0.00020252317980886533,-0.008851368265561684,0.018979207175525942,0.001274903571291709,0.0028651565012732506,0.0005637604303748247,-0.004645045305928797,-0.01090052797469987,0.13000000000010914,2.7202719267593878e-05,0.4,0.4,2.471047406182869e-05,1.9792973326099307e-05,0.003295585466050445,12.49746439896309,-2.5067101556032236,5,5.37e-05,0
4779.064,4779.248801731852,4779.407262616687,4779.5399555876475,34.996973309594765,-0.1454098483100097,-0.08529399549274458,-0.060115852817265114,4779.00307154239,4779.487050000001,4779.971028457611,0.00020252317980886533,-0.008851368265561684,0.018979207175525942,0.001274903571291709,0.0028651565012732506,0.0005637604303748247,-0.004645045305928797,-0.01090052797469987,0.13000000000010914,2.7202719267593878e-05,0.4,0.4,2.471047406182869e-05,1.9792973326099307e-05,0.003295585466050445,12.49746439896309,-2.5067101556032236,3,5.11e-05,0
4779.064,4779.248801731852,4779.407262616687,4779.5399555876475,34.996973309594765,-0.1454098483100097,-0.08529399549274458,-0.060115852817265114,4779.00307154239,4779.487050000001,4779.971028457611,0.00020252317980886533,-0.008851368265561684,0.018979207175525942,0.001274903571291709,0.0028651565012732506,0.0005637604303748247,-0.004645045305928797,-0.01090052797469987,0.13000000000010914,2.7202719267593878e-05,0.4,0.4,2.471047406182869e-05,1.9792973326099307e-05,0.003295585466050445,12.49746439896309,-2.5067101556032236,2,4.8599999999999995e-05,0
4779.01,4779.184113108386,4779.346657153343,4779.504216595903,35.076679403638025,-0.15850602279533632,-0.1099290587255361,-0.04857696406980022,4778.9013353266155,4779.42675,4779.952164673384,0.00021986514319280993,-0.008719664968176584,0.019714641178477522,0.0022737904583739602,0.0025584083089089005,0.00020397559722220605,-0.006695499159914409,-0.010607766433290422,-0.13299999999981083,2.7829257253864093e-05,0.4,0.4,2.546414391463303e-05,2.0996251722360526e-05,0.003287948545028046,11.63456607899509,-2.7532741542723143,5,5.37e-05,0
4779.01,4779.184113108386,4779.346657153343,4779.504216595903,35.076679403638025,-0.15850602279533632,-0.1099290587255361,-0.04857696406980022,4778.9013353266155,4779.42675,4779.952164673384,0.00021986514319280993,-0.008719664968176584,0.019714641178477522,0.0022737904583739602,0.0025584083089089005,0.00020397559722220605,-0.006695499159914409,-0.010607766433290422,-0.13299999999981083,2.7829257253864093e-05,0.4,0.4,2.546414391463303e-05,2.0996251722360526e-05,0.003287948545028046,11.63456607899509,-2.7532741542723143,3,5.11e-05,0
4779.01,4779.184113108386,4779.346657153343,4779.504216595903,35.076679403638025,-0.15850602279533632,-0.1099290587255361,-0.04857696406980022,4778.9013353266155,4779.42675,4779.952164673384,0.00021986514319280993,-0.008719664968176584,0.019714641178477522,0.0022737904583739602,0.0025584083089089005,0.00020397559722220605,-0.006695499159914409,-0.010607766433290422,-0.13299999999981083,2.7829257253864093e-05,0.4,0.4,2.546414391463303e-05,2.0996251722360526e-05,0.003287948545028046,11.63456607899509,-2.7532741542723143,2,4.8599999999999995e-05,0
4779.491,4779.687889087671,4779.70605070938,4779.682690145877,38.822054149560614,-5.694139872503001e-06,0.028951595097804487,-0.02895728923767699,4779.552794161085,4779.7576,4779.9624058389145,8.569716544394671e-05,-0.005577688709568154,0.009863097114619666,-0.0012929025514504572,0.0020425395724693123,0.00018535530861135815,-0.007029543119452253,-0.006485625656804661,-0.17299999999977445,3.619501287110971e-05,0.3,0.4,1.5356532122035027e-05,1.300271359657712e-05,0.0013393701953598226,23.271966893643448,-2.202770296465349,15,6.13e-05,1
4779.433,4779.602689016109,4779.660050580695,4779.665035386487,36.44037147438034,-0.0353755961978095,0.008554763319704901,-0.0439303595175144,4779.449774701182,4779.7267,4780.003625298818,0.00011587495110054788,-0.00614470279232015,0.011939183974718619,-0.0003509768037742163,0.0020349392534972158,0.000181231728664538,-0.006966868252533676,-0.0038078380790063093,-0.04100000000016735,8.578349835142163e-06,0.3,0.35,1.2678675719324239e-05,1.2803991014687099e-05,0.0013187104566916167,24.371998758620798,-2.334394002668666,15,6.13e-05,1
4779.268,4779.192712389367,4779.320755628926,4779.480966569306,46.003815322973914,-0.14027798998358776,-0.12326080156254332,-0.017017188421044438,4778.85666504081,4779.388099999999,4779.919534959188,0.0002223861917340539,-0.002512873980650026,0.013632526135554887,0.008606651880368375,0.002834538044853956,0.00011842494242974731,0.006989006334889858,-0.001067097634632752,0.13500000000021828,2.8247801431735553e-05,0.5,0.5,2.4878857240540063e-05,2.2523894505116494e-05,0.002382839210638716,13.701882454200955,-0.3894218682980257,2,4.8599999999999995e-05,1
4779.506,4779.5833512128875,4779.645379096819,4779.658798704664,41.41605184073333,-0.04266873753931577,-0.0016899368520992327,-0.040978800687216536,4779.420603931559,4779.7137,4780.006796068442,0.0001226416839325032,-0.004345448556885983,0.010477988069092482,0.0017867132804456384,0.0019072275311243214,0.00010468847298033645,-0.004832901893969677,-0.00437264564937534,0.07300000000032014,1.5273778291247098e-05,0.3,0.4,1.2113834823712643e-05,1.3306162218534867e-05,0.0018679680620240092,24.863811946930774,-1.5289717560075795,15,6.13e-05,1
4779.268,4779.192712389367,4779.320755628926,4779.480966569306,46.003815322973914,-0.14027798998358776,-0.12326080156254332,-0.017017188421044438,4778.85666504081,4779.388099999999,4779.919534959188,0.0002223861917340539,-0.002512873980650026,0.013632526135554887,0.008606651880368375,0.002834538044853956,0.00011842494242974731,0.006989006334889858,-0.001067097634632752,0.13500000000021828,2.8247801431735553e-05,0.5,0.5,2.4878857240540063e-05,2.2523894505116494e-05,0.002382839210638716,13.701882454200955,-0.3894218682980257,3,5.11e-05,1
4779.425,4779.239169911494,4779.330683664267,4779.478771801882,51.53759638896967,-0.11437302204922162,-0.12148324565987897,0.007110223610657357,4778.855823571465,4779.3811000000005,4779.906376428536,0.00021980939269944705,0.0009185289701979773,0.010071848151931266,0.011908889218572829,0.002982963610359582,0.00011780710908633127,0.007553780405533672,0.002908384223077043,0.1570000000001528,3.285021890375717e-05,0.6,0.55,2.7473404190858642e-05,2.39781045043852e-05,0.0024728826209878528,17.524728323911088,0.6615640295438144,2,4.8599999999999995e-05,1
4779.517,4779.627914924684,4779.643578671919,4779.654348081055,43.531328179413286,-0.014558094389030884,-0.00888667631343417,-0.005671418075596714,4779.403197043022,4779.6265,4779.849802956978,9.343950075510372e-05,-0.002290973991387825,0.006963108552148933,0.00238105559573178,0.0023590120276620855,5.7164303542872e-05,-0.006088110652147094,-0.0037240869971810753,-0.12200000000029831,2.5524940272747543e-05,0.4,0.35,1.652835953008802e-05,1.5953113016253793e-05,0.0017944249392511243,17.566057542153747,-1.1226254082235203,8,5.73e-05,1
4779.425,4779.239169911494,4779.330683664267,4779.478771801882,51.53759638896967,-0.11437302204922162,-0.12148324565987897,0.007110223610657357,4778.855823571465,4779.3811000000005,4779.906376428536,0.00021980939269944705,0.0009185289701979773,0.010071848151931266,0.011908889218572829,0.002982963610359582,0.00011780710908633127,0.007553780405533672,0.002908384223077043,0.1570000000001528,3.285021890375717e-05,0.6,0.55,2.7473404190858642e-05,2.39781045043852e-05,0.0024728826209878528,17.524728323911088,0.6615640295438144,3,5.11e-05,1
4779.53,4779.326108743357,4779.357276196826,4779.4785286798615,55.08004813998694,-0.06678739719973237,-0.10602713157692356,0.03923973437719119,4778.877911619626,4779.35855,4779.839188380374,0.00020113091551766092,0.003587301480024395,0.0064690122328870765,0.013643357827530168,0.0029758433586223754,0.00041743504971347494,0.010880914666411279,0.0041846869749395665,0.11099999999987631,2.3224580226077762e-05,0.6,0.5,2.657364582627775e-05,2.2660042993860598e-05,0.0013348765595830017,21.201183031811635,1.21443039375334,2,4.8599999999999995e-05,1
4779.319,4779.555425551798,4779.605550794927,4779.637680024072,36.83465230749348,-0.04205138787438045,-0.017181355071604735,-0.024870032802775718,4779.350562422778,4779.5953500000005,4779.840137577223,0.00010243025164139417,-0.005781870216274545,0.010904013254238978,-0.0006603958174339146,0.0023116670188426773,-9.575914344699728e-05,-0.007406364410267319,-0.005523494413617325,-0.24199999999927968,5.0632265180650116e-05,0.5,0.4,2.016893176969292e-05,1.8557975736360753e-05,0.002583316786228836,16.004934656542137,-2.5934882450617094,8,5.73e-05,1
4779.268,4779.192712389367,4779.320755628926,4779.480966569306,46.003815322973914,-0.14027798998358776,-0.12326080156254332,-0.017017188421044438,4778.85666504081,4779.388099999999,4779.919534959188,0.0002223861917340539,-0.002512873980650026,0.013632526135554887,0.008606651880368375,0.002834538044853956,0.00011842494242974731,0.006989006334889858,-0.001067097634632752,0.13500000000021828,2.8247801431735553e-05,0.5,0.5,2.4878857240540063e-05,2.2523894505116494e-05,0.002382839210638716,13.701882454200955,-0.3894218682980257,5,5.37e-05,1
4779.53,4779.326108743357,4779.357276196826,4779.4785286798615,55.08004813998694,-0.06678739719973237,-0.10602713157692356,0.03923973437719119,4778.877911619626,4779.35855,4779.839188380374,0.00020113091551766092,0.003587301480024395,0.0064690122328870765,0.013643357827530168,0.0029758433586223754,0.00041743504971347494,0.010880914666411279,0.0041846869749395665,0.11099999999987631,2.3224580226077762e-05,0.6,0.5,2.657364582627775e-05,2.2660042993860598e-05,0.0013348765595830017,21.201183031811635,1.21443039375334,3,5.11e-05,1
4779.58,4779.376886994685,4779.378487987605,4779.482507947318,56.70194245130502,-0.041303038955447846,-0.09308231305262843,0.05177927409718058,4778.903418409498,4779.3467,4779.789981590502,0.0001854988216284919,0.004881420299554162,0.004393306326123608,0.014155670383211132,0.002608876036078622,-7.848109224351061e-05,0.009353160918523784,0.009415939721235667,0.0500000000001819,1.0461279665641143e-05,0.7,0.5,2.3435086817891192e-05,2.3088960936135107e-05,0.0013945918938339588,20.149932317199635,1.6161291812529732,2,4.8599999999999995e-05,1
4779.064,4779.248801731852,4779.407262616687,4779.5399555876475,34.996973309594765,-0.1454098483100097,-0.08529399549274458,-0.060115852817265114,4779.00307154239,4779.487050000001,4779.971028457611,0.00020252317980886533,-0.008851368265561684,0.018979207175525942,0.001274903571291709,0.0028651565012732506,0.0005637604303748247,-0.004645045305928797,-0.01090052797469987,0.13000000000010914,2.7202719267593878e-05,0.4,0.4,2.471047406182869e-05,1.9792973326099307e-05,0.003295585466050445,12.49746439896309,-2.5067101556032236,8,5.73e-05,1
4779.425,4779.239169911494,4779.330683664267,4779.478771801882,51.53759638896967,-0.11437302204922162,-0.12148324565987897,0.007110223610657357,4778.855823571465,4779.3811000000005,4779.906376428536,0.00021980939269944705,0.0009185289701979773,0.010071848151931266,0.011908889218572829,0.002982963610359582,0.00011780710908633127,0.007553780405533672,0.002908384223077043,0.1570000000001528,3.285021890375717e-05,0.6,0.55,2.7473404190858642e-05,2.39781045043852e-05,0.0024728826209878528,17.524728323911088,0.6615640295438144,5,5.37e-05,1
4779.58,4779.376886994685,4779.378487987605,4779.482507947318,56.70194245130502,-0.041303038955447846,-0.09308231305262843,0.05177927409718058,4778.903418409498,4779.3467,4779.789981590502,0.0001854988216284919,0.004881420299554162,0.004393306326123608,0.014155670383211132,0.002608876036078622,-7.848109224351061e-05,0.009353160918523784,0.009415939721235667,0.0500000000001819,1.0461279665641143e-05,0.7,0.5,2.3435086817891192e-05,2.3088960936135107e-05,0.0013945918938339588,20.149932317199635,1.6161291812529732,3,5.11e-05,1
4779.472,4779.443447676599,4779.412857513663,4779.489310873322,51.52808761168202,-0.007442121389431122,-0.06319988799373864,0.05575776660430752,4778.907678411081,4779.3411,4779.774521588918,0.00018137294654213461,0.00273887126407677,0.006329602703360388,0.011807195207306874,0.002870111635420332,-0.00011285197493924974,0.0009833818921611837,0.00853723658020833,-0.20200000000022555,4.2262296550021894e-05,0.7,0.55,2.2806579692691288e-05,2.375852687725999e-05,0.002647613037553041,21.14478696543379,0.4311478664583935,2,4.8599999999999995e-05,1
4779.592,4779.6050033442825,4779.633333074383,4779.651116082219,46.998463306207455,-0.027201286252420687,-0.020092376565324567,-0.00710890968709612,4779.418840235043,4779.638349999999,4779.857859764956,9.185203937300232e-05,-0.0009697386414103947,0.005562394550749857,0.0036228984598860267,0.0019116026821022957,-0.00010527302712576769,-0.0015063820385741167,0.0021131957356868014,0.027000000000043656,5.6490496520567035e-06,0.4,0.35,1.274174458784083e-05,1.404913835493793e-05,0.0011391013203912277,25.068570132519962,-0.4523821884364473,15,6.13e-05,1
4779.01,4779.184113108386,4779.346657153343,4779.504216595903,35.076679403638025,-0.15850602279533632,-0.1099290587255361,-0.04857696406980022,4778.9013353266155,4779.42675,4779.952164673384,0.00021986514319280993,-0.008719664968176584,0.019714641178477522,0.0022737904583739602,0.0025584083089089005,0.00020397559722220605,-0.006695499159914409,-0.010607766433290422,-0.13299999999981083,2.7829257253864093e-05,0.4,0.4,2.546414391463303e-05,2.0996251722360526e-05,0.003287948545028046,11.63456607899509,-2.7532741542723143,8,5.73e-05,1
4779.53,4779.326108743357,4779.357276196826,4779.4785286798615,55.08004813998694,-0.06678739719973237,-0.10602713157692356,0.03923973437719119,4778.877911619626,4779.35855,4779.839188380374,0.00020113091551766092,0.003587301480024395,0.0064690122328870765,0.013643357827530168,0.0029758433586223754,0.00041743504971347494,0.010880914666411279,0.0041846869749395665,0.11099999999987631,2.3224580226077762e-05,0.6,0.5,2.657364582627775e-05,2.2660042993860598e-05,0.0013348765595830017,21.201183031811635,1.21443039375334,5,5.37e-05,1
4779.472,4779.443447676599,4779.412857513663,4779.489310873322,51.52808761168202,-0.007442121389431122,-0.06319988799373864,0.05575776660430752,4778.907678411081,4779.3411,4779.774521588918,0.00018137294654213461,0.00273887126407677,0.006329602703360388,0.011807195207306874,0.002870111635420332,-0.00011285197493924974,0.0009833818921611837,0.00853723658020833,-0.20200000000022555,4.2262296550021894e-05,0.7,0.55,2.2806579692691288e-05,2.375852687725999e-05,0.002647613037553041,21.14478696543379,0.4311478664583935,3,5.11e-05,1
4779.268,4779.192712389367,4779.320755628926,4779.480966569306,46.003815322973914,-0.14027798998358776,-0.12326080156254332,-0.017017188421044438,4778.85666504081,4779.388099999999,4779.919534959188,0.0002223861917340539,-0.002512873980650026,0.013632526135554887,0.008606651880368375,0.002834538044853956,0.00011842494242974731,0.006989006334889858,-0.001067097634632752,0.13500000000021828,2.8247801431735553e-05,0.5,0.5,2.4878857240540063e-05,2.2523894505116494e-05,0.002382839210638716,13.701882454200955,-0.3894218682980257,8,5.73e-05,1
4779.58,4779.376886994685,4779.378487987605,4779.482507947318,56.70194245130502,-0.041303038955447846,-0.09308231305262843,0.05177927409718058,4778.903418409498,4779.3467,4779.789981590502,0.0001854988216284919,0.004881420299554162,0.004393306326123608,0.014155670383211132,0.002608876036078622,-7.848109224351061e-05,0.009353160918523784,0.009415939721235667,0.0500000000001819,1.0461279665641143e-05,0.7,0.5,2.3435086817891192e-05,2.3088960936135107e-05,0.0013945918938339588,20.149932317199635,1.6161291812529732,5,5.37e-05,1
4779.197,4779.307308168335,4779.348501622462,4779.449530760703,43.426476307064426,-0.051950143426438444,-0.048661303414159425,-0.0032888400122790193,4778.892539728567,4779.283700000001,4779.674860271435,0.0001636899150532844,-0.0018140793776428568,0.009998756515687048,0.00637053194152756,0.002660295911575111,3.945095129529591e-05,-0.009979760125899961,-0.0014855831478755022,0.052999999999883585,1.1089852073986606e-05,0.6,0.55,2.1655249440366564e-05,2.3267053340453314e-05,0.002568676758644553,22.742236178686706,-1.1915674665706029,2,4.8599999999999995e-05,1
4779.425,4779.239169911494,4779.330683664267,4779.478771801882,51.53759638896967,-0.11437302204922162,-0.12148324565987897,0.007110223610657357,4778.855823571465,4779.3811000000005,4779.906376428536,0.00021980939269944705,0.0009185289701979773,0.010071848151931266,0.011908889218572829,0.002982963610359582,0.00011780710908633127,0.007553780405533672,0.002908384223077043,0.1570000000001528,3.285021890375717e-05,0.6,0.55,2.7473404190858642e-05,2.39781045043852e-05,0.0024728826209878528,17.524728323911088,0.6615640295438144,8,5.73e-05,1
4779.472,4779.443447676599,4779.412857513663,4779.489310873322,51.52808761168202,-0.007442121389431122,-0.06319988799373864,0.05575776660430752,4778.907678411081,4779.3411,4779.774521588918,0.00018137294654213461,0.00273887126407677,0.006329602703360388,0.011807195207306874,0.002870111635420332,-0.00011285197493924974,0.0009833818921611837,0.00853723658020833,-0.20200000000022555,4.2262296550021894e-05,0.7,0.55,2.2806579692691288e-05,2.375852687725999e-05,0.002647613037553041,21.14478696543379,0.4311478664583935,5,5.37e-05,1
4779.197,4779.307308168335,4779.348501622462,4779.449530760703,43.426476307064426,-0.051950143426438444,-0.048661303414159425,-0.0032888400122790193,4778.892539728567,4779.283700000001,4779.674860271435,0.0001636899150532844,-0.0018140793776428568,0.009998756515687048,0.00637053194152756,0.002660295911575111,3.945095129529591e-05,-0.009979760125899961,-0.0014855831478755022,0.052999999999883585,1.1089852073986606e-05,0.6,0.55,2.1655249440366564e-05,2.3267053340453314e-05,0.002568676758644553,22.742236178686706,-1.1915674665706029,3,5.11e-05,1
4779.143,4779.274446534669,4779.328930039371,4779.437509946559,41.767735502116615,-0.06221669201659097,-0.05137238113464574,-0.010844310881945228,4778.880371159402,4779.2765500000005,4779.672728840599,0.0001657902975288687,-0.0027943559784266627,0.011084180586332973,0.005495312456608937,0.0026472156504452884,-0.00022289598497504367,-0.006883605553076322,-0.0059002913530448176,-0.05400000000008731,1.1298969261996916e-05,0.5,0.55,1.9500124476190538e-05,2.348676433352459e-05,0.0022500660553671937,23.072922175495552,-1.4695802891283625,2,4.8599999999999995e-05,1
4779.53,4779.326108743357,4779.357276196826,4779.4785286798615,55.08004813998694,-0.06678739719973237,-0.10602713157692356,0.03923973437719119,4778.877911619626,4779.35855,4779.839188380374,0.00020113091551766092,0.003587301480024395,0.0064690122328870765,0.013643357827530168,0.0029758433586223754,0.00041743504971347494,0.010880914666411279,0.0041846869749395665,0.11099999999987631,2.3224580226077762e-05,0.6,0.5,2.657364582627775e-05,2.2660042993860598e-05,0.0013348765595830017,21.201183031811635,1.21443039375334,8,5.73e-05,1
4779.143,4779.274446534669,4779.328930039371,4779.437509946559,41.767735502116615,-0.06221669201659097,-0.05137238113464574,-0.010844310881945228,4778.880371159402,4779.2765500000005,4779.672728840599,0.0001657902975288687,-0.0027943559784266627,0.011084180586332973,0.005495312456608937,0.0026472156504452884,-0.00022289598497504367,-0.006883605553076322,-0.0059002913530448176,-0.05400000000008731,1.1298969261996916e-05,0.5,0.55,1.9500124476190538e-05,2.348676433352459e-05,0.0022500660553671937,23.072922175495552,-1.4695802891283625,3,5.11e-05,1
4779.071,4779.190645782189,4779.276452934723,4779.406840977197,40.69996147054159,-0.08874817934974999,-0.06351752925112432,-0.02523065009862567,4778.827530734749,4779.24445,4779.661369265251,0.0001744707849169449,-0.0036292347423289868,0.012353222315612306,0.005094489394497307,0.0025848215969178955,-0.00027721138456745457,-0.004414889098414143,-0.009603454732998173,0.06599999999980355,1.3810406140901677e-05,0.5,0.55,2.1320715947026337e-05,2.394718088665204e-05,0.0020730969389803613,23.665120057535884,-1.663104822486927,2,4.8599999999999995e-05,1
4779.517,4779.627914924684,4779.643578671919,4779.654348081055,43.531328179413286,-0.014558094389030884,-0.00888667631343417,-0.005671418075596714,4779.403197043022,4779.6265,4779.849802956978,9.343950075510372e-05,-0.002290973991387825,0.006963108552148933,0.00238105559573178,0.0023590120276620855,5.7164303542872e-05,-0.006088110652147094,-0.0037240869971810753,-0.12200000000029831,2.5524940272747543e-05,0.4,0.35,1.652835953008802e-05,1.5953113016253793e-05,0.0017944249392511243,17.566057542153747,-1.1226254082235203,15,6.13e-05,1
4779.58,4779.376886994685,4779.378487987605,4779.482507947318,56.70194245130502,-0.041303038955447846,-0.09308231305262843,0.05177927409718058,4778.903418409498,4779.3467,4779.789981590502,0.0001854988216284919,0.004881420299554162,0.004393306326123608,0.014155670383211132,0.002608876036078622,-7.848109224351061e-05,0.009353160918523784,0.009415939721235667,0.0500000000001819,1.0461279665641143e-05,0.7,0.5,2.3435086817891192e-05,2.3088960936135107e-05,0.0013945918938339588,20.149932317199635,1.6161291812529732,8,5.73e-05,1
4779.197,4779.307308168335,4779.348501622462,4779.449530760703,43.426476307064426,-0.051950143426438444,-0.048661303414159425,-0.0032888400122790193,4778.892539728567,4779.283700000001,4779.674860271435,0.0001636899150532844,-0.0018140793776428568,0.009998756515687048,0.00637053194152756,0.002660295911575111,3.945095129529591e-05,-0.009979760125899961,-0.0014855831478755022,0.052999999999883585,1.1089852073986606e-05,0.6,0.55,2.1655249440366564e-05,2.3267053340453314e-05,0.002568676758644553,22.742236178686706,-1.1915674665706029,5,5.37e-05,1
4779.071,4779.190645782189,4779.276452934723,4779.406840977197,40.69996147054159,-0.08874817934974999,-0.06351752925112432,-0.02523065009862567,4778.827530734749,4779.24445,4779.661369265251,0.0001744707849169449,-0.0036292347423289868,0.012353222315612306,0.005094489394497307,0.0025848215969178955,-0.00027721138456745457,-0.004414889098414143,-0.009603454732998173,0.06599999999980355,1.3810406140901677e-05,0.5,0.55,2.1320715947026337e-05,2.394718088665204e-05,0.0020730969389803613,23.665120057535884,-1.663104822486927,3,5.11e-05,1
4779.319,4779.555425551798,4779.605550794927,4779.637680024072,36.83465230749348,-0.04205138787438045,-0.017181355071604735,-0.024870032802775718,4779.350562422778,4779.5953500000005,4779.840137577223,0.00010243025164139417,-0.005781870216274545,0.010904013254238978,-0.0006603958174339146,0.0023116670188426773,-9.575914344699728e-05,-0.007406364410267319,-0.005523494413617325,-0.24199999999927968,5.0632265180650116e-05,0.5,0.4,2.016893176969292e-05,1.8557975736360753e-05,0.002583316786228836,16.004934656542137,-2.5934882450617094,15,6.13e-05,1
4779.472,4779.443447676599,4779.412857513663,4779.489310873322,51.52808761168202,-0.007442121389431122,-0.06319988799373864,0.05575776660430752,4778.907678411081,4779.3411,4779.774521588918,0.00018137294654213461,0.00273887126407677,0.006329602703360388,0.011807195207306874,0.002870111635420332,-0.00011285197493924974,0.0009833818921611837,0.00853723658020833,-0.20200000000022555,4.2262296550021894e-05,0.7,0.55,2.2806579692691288e-05,2.375852687725999e-05,0.002647613037553041,21.14478696543379,0.4311478664583935,8,5.73e-05,1
4779.143,4779.274446534669,4779.328930039371,4779.437509946559,41.767735502116615,-0.06221669201659097,-0.05137238113464574,-0.010844310881945228,4778.880371159402,4779.2765500000005,4779.672728840599,0.0001657902975288687,-0.0027943559784266627,0.011084180586332973,0.005495312456608937,0.0026472156504452884,-0.00022289598497504367,-0.006883605553076322,-0.0059002913530448176,-0.05400000000008731,1.1298969261996916e-05,0.5,0.55,1.9500124476190538e-05,2.348676433352459e-05,0.0022500660553671937,23.072922175495552,-1.4695802891283625,5,5.37e-05,0
4779.071,4779.190645782189,4779.276452934723,4779.406840977197,40.69996147054159,-0.08874817934974999,-0.06351752925112432,-0.02523065009862567,4778.827530734749,4779.24445,4779.661369265251,0.0001744707849169449,-0.0036292347423289868,0.012353222315612306,0.005094489394497307,0.0025848215969178955,-0.00027721138456745457,-0.004414889098414143,-0.009603454732998173,0.06599999999980355,1.3810406140901677e-05,0.5,0.55,2.1320715947026337e-05,2.394718088665204e-05,0.0020730969389803613,23.665120057535884,-1.663104822486927,5,5.37e-05,0
4779.064,4779.248801731852,4779.407262616687,4779.5399555876475,34.996973309594765,-0.1454098483100097,-0.08529399549274458,-0.060115852817265114,4779.00307154239,4779.487050000001,4779.971028457611,0.00020252317980886533,-0.008851368265561684,0.018979207175525942,0.001274903571291709,0.0028651565012732506,0.0005637604303748247,-0.004645045305928797,-0.01090052797469987,0.13000000000010914,2.7202719267593878e-05,0.4,0.4,2.471047406182869e-05,1.9792973326099307e-05,0.003295585466050445,12.49746439896309,-2.5067101556032236,15,6.13e-05,1
4779.01,4779.184113108386,4779.346657153343,4779.504216595903,35.076679403638025,-0.15850602279533632,-0.1099290587255361,-0.04857696406980022,4778.9013353266155,4779.42675,4779.952164673384,0.00021986514319280993,-0.008719664968176584,0.019714641178477522,0.0022737904583739602,0.0025584083089089005,0.00020397559722220605,-0.006695499159914409,-0.010607766433290422,-0.13299999999981083,2.7829257253864093e-05,0.4,0.4,2.546414391463303e-05,2.0996251722360526e-05,0.003287948545028046,11.63456607899509,-2.7532741542723143,15,6.13e-05,1
4779.197,4779.307308168335,4779.348501622462,4779.449530760703,43.426476307064426,-0.051950143426438444,-0.048661303414159425,-0.0032888400122790193,4778.892539728567,4779.283700000001,4779.674860271435,0.0001636899150532844,-0.0018140793776428568,0.009998756515687048,0.00637053194152756,0.002660295911575111,3.945095129529591e-05,-0.009979760125899961,-0.0014855831478755022,0.052999999999883585,1.1089852073986606e-05,0.6,0.55,2.1655249440366564e-05,2.3267053340453314e-05,0.002568676758644553,22.742236178686706,-1.1915674665706029,8,5.73e-05,1
4779.408,4779.177125959928,4779.214234613913,4779.3460748758835,55.10073730171996,-0.06360537908676633,-0.0859153647501104,0.022309985663344065,4778.824644635647,4779.257100000001,4779.689555364354,0.00018097179344199753,0.003157394482913205,0.00589100918678762,0.012205598776110719,0.0030776362610143927,0.00046692501139019866,0.010797481926783092,0.005524001787771127,0.1890000000003056,3.954621037460804e-05,0.6,0.6,2.5862795911135715e-05,2.4616920143638586e-05,0.002746220695919861,24.065369641115545,1.3173537408082043,2,4.8599999999999995e-05,1
4779.268,4779.192712389367,4779.320755628926,4779.480966569306,46.003815322973914,-0.14027798998358776,-0.12326080156254332,-0.017017188421044438,4778.85666504081,4779.388099999999,4779.919534959188,0.0002223861917340539,-0.002512873980650026,0.013632526135554887,0.008606651880368375,0.002834538044853956,0.00011842494242974731,0.006989006334889858,-0.001067097634632752,0.13500000000021828,2.8247801431735553e-05,0.5,0.5,2.4878857240540063e-05,2.2523894505116494e-05,0.002382839210638716,13.701882454200955,-0.3894218682980257,15,6.13e-05,1
4779.143,4779.274446534669,4779.328930039371,4779.437509946559,41.767735502116615,-0.06221669201659097,-0.05137238113464574,-0.010844310881945228,4778.880371159402,4779.2765500000005,4779.672728840599,0.0001657902975288687,-0.0027943559784266627,0.011084180586332973,0.005495312456608937,0.0026472156504452884,-0.00022289598497504367,-0.006883605553076322,-0.0059002913530448176,-0.05400000000008731,1.1298969261996916e-05,0.5,0.55,1.9500124476190538e-05,2.348676433352459e-05,0.0022500660553671937,23.072922175495552,-1.4695802891283625,8,5.73e-05,1
4779.408,4779.177125959928,4779.214234613913,4779.3460748758835,55.10073730171996,-0.06360537908676633,-0.0859153647501104,0.022309985663344065,4778.824644635647,4779.257100000001,4779.689555364354,0.00018097179344199753,0.003157394482913205,0.00589100918678762,0.012205598776110719,0.0030776362610143927,0.00046692501139019866,0.010797481926783092,0.005524001787771127,0.1890000000003056,3.954621037460804e-05,0.6,0.6,2.5862795911135715e-05,2.4616920143638586e-05,0.002746220695919861,24.065369641115545,1.3173537408082043,5,5.37e-05,0
4779.408,4779.177125959928,4779.214234613913,4779.3460748758835,55.10073730171996,-0.06360537908676633,-0.0859153647501104,0.022309985663344065,4778.824644635647,4779.257100000001,4779.689555364354,0.00018097179344199753,0.003157394482913205,0.00589100918678762,0.012205598776110719,0.0030776362610143927,0.00046692501139019866,0.010797481926783092,0.005524001787771127,0.1890000000003056,3.954621037460804e-05,0.6,0.6,2.5862795911135715e-05,2.4616920143638586e-05,0.002746220695919861,24.065369641115545,1.3173537408082043,3,5.11e-05,0
4779.425,4779.239169911494,4779.330683664267,4779.478771801882,51.53759638896967,-0.11437302204922162,-0.12148324565987897,0.007110223610657357,4778.855823571465,4779.3811000000005,4779.906376428536,0.00021980939269944705,0.0009185289701979773,0.010071848151931266,0.011908889218572829,0.002982963610359582,0.00011780710908633127,0.007553780405533672,0.002908384223077043,0.1570000000001528,3.285021890375717e-05,0.6,0.55,2.7473404190858642e-05,2.39781045043852e-05,0.0024728826209878528,17.524728323911088,0.6615640295438144,15,6.13e-05,1
4779.071,4779.190645782189,4779.276452934723,4779.406840977197,40.69996147054159,-0.08874817934974999,-0.06351752925112432,-0.02523065009862567,4778.827530734749,4779.24445,4779.661369265251,0.0001744707849169449,-0.0036292347423289868,0.012353222315612306,0.005094489394497307,0.0025848215969178955,-0.00027721138456745457,-0.004414889098414143,-0.009603454732998173,0.06599999999980355,1.3810406140901677e-05,0.5,0.55,2.1320715947026337e-05,2.394718088665204e-05,0.0020730969389803613,23.665120057535884,-1.663104822486927,8,5.73e-05,1
4779.53,4779.326108743357,4779.357276196826,4779.4785286798615,55.08004813998694,-0.06678739719973237,-0.10602713157692356,0.03923973437719119,4778.877911619626,4779.35855,4779.839188380374,0.00020113091551766092,0.003587301480024395,0.0064690122328870765,0.013643357827530168,0.0029758433586223754,0.00041743504971347494,0.010880914666411279,0.0041846869749395665,0.11099999999987631,2.3224580226077762e-05,0.6,0.5,2.657364582627775e-05,2.2660042993860598e-05,0.0013348765595830017,21.201183031811635,1.21443039375334,15,6.13e-05,1
4779.507,4779.275384393187,4779.253129555688,4779.343234770198,57.780171834573956,-0.009521373634015617,-0.05341915346719302,0.0438977798331774,4778.824992950513,4779.2397,4779.654407049487,0.00017354519778002903,0.005592939814245405,0.0030841475802381,0.014269401624202163,0.0029281434610637512,2.5886212542719673e-05,0.0060260891999286414,0.009123112002296097,0.2539999999999054,5.3146380825541684e-05,0.6,0.55,2.824784185615492e-05,2.478427890159063e-05,0.0033051633168392084,21.673728577088802,1.8140938842352745,2,4.8599999999999995e-05,1
4779.58,4779.376886994685,4779.378487987605,4779.482507947318,56.70194245130502,-0.041303038955447846,-0.09308231305262843,0.05177927409718058,4778.903418409498,4779.3467,4779.789981590502,0.0001854988216284919,0.004881420299554162,0.004393306326123608,0.014155670383211132,0.002608876036078622,-7.848109224351061e-05,0.009353160918523784,0.009415939721235667,0.0500000000001819,1.0461279665641143e-05,0.7,0.5,2.3435086817891192e-05,2.3088960936135107e-05,0.0013945918938339588,20.149932317199635,1.6161291812529732,15,6.13e-05,0
4779.472,4779.443447676599,4779.412857513663,4779.489310873322,51.52808761168202,-0.007442121389431122,-0.06319988799373864,0.05575776660430752,4778.907678411081,4779.3411,4779.774521588918,0.00018137294654213461,0.00273887126407677,0.006329602703360388,0.011807195207306874,0.002870111635420332,-0.00011285197493924974,0.0009833818921611837,0.00853723658020833,-0.20200000000022555,4.2262296550021894e-05,0.7,0.55,2.2806579692691288e-05,2.375852687725999e-05,0.002647613037553041,21.14478696543379,0.4311478664583935,15,6.13e-05,0
4779.197,4779.307308168335,4779.348501622462,4779.449530760703,43.426476307064426,-0.051950143426438444,-0.048661303414159425,-0.0032888400122790193,4778.892539728567,4779.283700000001,4779.674860271435,0.0001636899150532844,-0.0018140793776428568,0.009998756515687048,0.00637053194152756,0.002660295911575111,3.945095129529591e-05,-0.009979760125899961,-0.0014855831478755022,0.052999999999883585,1.1089852073986606e-05,0.6,0.55,2.1655249440366564e-05,2.3267053340453314e-05,0.002568676758644553,22.742236178686706,-1.1915674665706029,15,6.13e-05,0
4779.143,4779.274446534669,4779.328930039371,4779.437509946559,41.767735502116615,-0.06221669201659097,-0.05137238113464574,-0.010844310881945228,4778.880371159402,4779.2765500000005,4779.672728840599,0.0001657902975288687,-0.0027943559784266627,0.011084180586332973,0.005495312456608937,0.0026472156504452884,-0.00022289598497504367,-0.006883605553076322,-0.0059002913530448176,-0.05400000000008731,1.1298969261996916e-05,0.5,0.55,1.9500124476190538e-05,2.348676433352459e-05,0.0022500660553671937,23.072922175495552,-1.4695802891283625,15,6.13e-05,0
4779.071,4779.190645782189,4779.276452934723,4779.406840977197,40.69996147054159,-0.08874817934974999,-0.06351752925112432,-0.02523065009862567,4778.827530734749,4779.24445,4779.661369265251,0.0001744707849169449,-0.0036292347423289868,0.012353222315612306,0.005094489394497307,0.0025848215969178955,-0.00027721138456745457,-0.004414889098414143,-0.009603454732998173,0.06599999999980355,1.3810406140901677e-05,0.5,0.55,2.1320715947026337e-05,2.394718088665204e-05,0.0020730969389803613,23.665120057535884,-1.663104822486927,15,6.13e-05,0
4779.408,4779.177125959928,4779.214234613913,4779.3460748758835,55.10073730171996,-0.06360537908676633,-0.0859153647501104,0.022309985663344065,4778.824644635647,4779.257100000001,4779.689555364354,0.00018097179344199753,0.003157394482913205,0.00589100918678762,0.012205598776110719,0.0030776362610143927,0.00046692501139019866,0.010797481926783092,0.005524001787771127,0.1890000000003056,3.954621037460804e-05,0.6,0.6,2.5862795911135715e-05,2.4616920143638586e-05,0.002746220695919861,24.065369641115545,1.3173537408082043,15,6.13e-05,0
4779.408,4779.177125959928,4779.214234613913,4779.3460748758835,55.10073730171996,-0.06360537908676633,-0.0859153647501104,0.022309985663344065,4778.824644635647,4779.257100000001,4779.689555364354,0.00018097179344199753,0.003157394482913205,0.00589100918678762,0.012205598776110719,0.0030776362610143927,0.00046692501139019866,0.010797481926783092,0.005524001787771127,0.1890000000003056,3.954621037460804e-05,0.6,0.6,2.5862795911135715e-05,2.4616920143638586e-05,0.002746220695919861,24.065369641115545,1.3173537408082043,8,5.73e-05,0
4779.507,4779.275384393187,4779.253129555688,4779.343234770198,57.780171834573956,-0.009521373634015617,-0.05341915346719302,0.0438977798331774,4778.824992950513,4779.2397,4779.654407049487,0.00017354519778002903,0.005592939814245405,0.0030841475802381,0.014269401624202163,0.0029281434610637512,2.5886212542719673e-05,0.0060260891999286414,0.009123112002296097,0.2539999999999054,5.3146380825541684e-05,0.6,0.55,2.824784185615492e-05,2.478427890159063e-05,0.0033051633168392084,21.673728577088802,1.8140938842352745,15,6.13e-05,0
4779.507,4779.275384393187,4779.253129555688,4779.343234770198,57.780171834573956,-0.009521373634015617,-0.05341915346719302,0.0438977798331774,4778.824992950513,4779.2397,4779.654407049487,0.00017354519778002903,0.005592939814245405,0.0030841475802381,0.014269401624202163,0.0029281434610637512,2.5886212542719673e-05,0.0060260891999286414,0.009123112002296097,0.2539999999999054,5.3146380825541684e-05,0.6,0.55,2.824784185615492e-05,2.478427890159063e-05,0.0033051633168392084,21.673728577088802,1.8140938842352745,8,5.73e-05,0
4779.507,4779.275384393187,4779.253129555688,4779.343234770198,57.780171834573956,-0.009521373634015617,-0.05341915346719302,0.0438977798331774,4778.824992950513,4779.2397,4779.654407049487,0.00017354519778002903,0.005592939814245405,0.0030841475802381,0.014269401624202163,0.0029281434610637512,2.5886212542719673e-05,0.0060260891999286414,0.009123112002296097,0.2539999999999054,5.3146380825541684e-05,0.6,0.55,2.824784185615492e-05,2.478427890159063e-05,0.0033051633168392084,21.673728577088802,1.8140938842352745,5,5.37e-05,0
4779.507,4779.275384393187,4779.253129555688,4779.343234770198,57.780171834573956,-0.009521373634015617,-0.05341915346719302,0.0438977798331774,4778.824992950513,4779.2397,4779.654407049487,0.00017354519778002903,0.005592939814245405,0.0030841475802381,0.014269401624202163,0.0029281434610637512,2.5886212542719673e-05,0.0060260891999286414,0.009123112002296097,0.2539999999999054,5.3146380825541684e-05,0.6,0.55,2.824784185615492e-05,2.478427890159063e-05,0.0033051633168392084,21.673728577088802,1.8140938842352745,3,5.11e-05,0
4779.554,4779.37232601164,4779.305899704316,4779.358650012782,59.08533387567667,0.03246665120241232,-0.02558832558039538,0.0580549767828077,4778.848587589084,4779.23135,4779.614112410916,0.0001601773937628096,0.006751085611289082,0.0012576991685038002,0.014758958909478247,0.0028860803854660767,-5.7456425176818666e-05,0.005544757808118028,0.01033676078558976,0.02099999999973079,4.393734701624297e-06,0.7,0.55,2.197024743727516e-05,2.376954623213301e-05,0.002421832557287048,20.216525411394457,1.7986805156802403,15,6.13e-05,0
4779.554,4779.37232601164,4779.305899704316,4779.358650012782,59.08533387567667,0.03246665120241232,-0.02558832558039538,0.0580549767828077,4778.848587589084,4779.23135,4779.614112410916,0.0001601773937628096,0.006751085611289082,0.0012576991685038002,0.014758958909478247,0.0028860803854660767,-5.7456425176818666e-05,0.005544757808118028,0.01033676078558976,0.02099999999973079,4.393734701624297e-06,0.7,0.55,2.197024743727516e-05,2.376954623213301e-05,0.002421832557287048,20.216525411394457,1.7986805156802403,8,5.73e-05,0
4779.554,4779.37232601164,4779.305899704316,4779.358650012782,59.08533387567667,0.03246665120241232,-0.02558832558039538,0.0580549767828077,4778.848587589084,4779.23135,4779.614112410916,0.0001601773937628096,0.006751085611289082,0.0012576991685038002,0.014758958909478247,0.0028860803854660767,-5.7456425176818666e-05,0.005544757808118028,0.01033676078558976,0.02099999999973079,4.393734701624297e-06,0.7,0.55,2.197024743727516e-05,2.376954623213301e-05,0.002421832557287048,20.216525411394457,1.7986805156802403,5,5.37e-05,0
4779.554,4779.37232601164,4779.305899704316,4779.358650012782,59.08533387567667,0.03246665120241232,-0.02558832558039538,0.0580549767828077,4778.848587589084,4779.23135,4779.614112410916,0.0001601773937628096,0.006751085611289082,0.0012576991685038002,0.014758958909478247,0.0028860803854660767,-5.7456425176818666e-05,0.005544757808118028,0.01033676078558976,0.02099999999973079,4.393734701624297e-06,0.7,0.55,2.197024743727516e-05,2.376954623213301e-05,0.002421832557287048,20.216525411394457,1.7986805156802403,3,5.11e-05,0
4779.554,4779.37232601164,4779.305899704316,4779.358650012782,59.08533387567667,0.03246665120241232,-0.02558832558039538,0.0580549767828077,4778.848587589084,4779.23135,4779.614112410916,0.0001601773937628096,0.006751085611289082,0.0012576991685038002,0.014758958909478247,0.0028860803854660767,-5.7456425176818666e-05,0.005544757808118028,0.01033676078558976,0.02099999999973079,4.393734701624297e-06,0.7,0.55,2.197024743727516e-05,2.376954623213301e-05,0.002421832557287048,20.216525411394457,1.7986805156802403,2,4.8599999999999995e-05,0
4779.612,4779.43108864745,4779.346607240949,4779.371650396267,59.59458750077294,0.05584278333935799,0.0008918729350842255,0.054950910404273766,4778.831526382416,4779.2471,4779.662673617583,0.0001739075669820481,0.007635093820541085,0.0010602035810232209,0.01632922541796266,0.0029457583995696323,0.00023326214310415323,0.007511634140322521,0.00981347492636786,0.1720000000004802,3.5987479704902015e-05,0.7,0.6,2.1404650383016754e-05,2.2482874113893826e-05,0.0030037281757373992,19.23720096517221,1.8850523572365445,15,6.13e-05,0
4779.612,4779.43108864745,4779.346607240949,4779.371650396267,59.59458750077294,0.05584278333935799,0.0008918729350842255,0.054950910404273766,4778.831526382416,4779.2471,4779.662673617583,0.0001739075669820481,0.007635093820541085,0.0010602035810232209,0.01632922541796266,0.0029457583995696323,0.00023326214310415323,0.007511634140322521,0.00981347492636786,0.1720000000004802,3.5987479704902015e-05,0.7,0.6,2.1404650383016754e-05,2.2482874113893826e-05,0.0030037281757373992,19.23720096517221,1.8850523572365445,8,5.73e-05,0
4779.612,4779.43108864745,4779.346607240949,4779.371650396267,59.59458750077294,0.05584278333935799,0.0008918729350842255,0.054950910404273766,4778.831526382416,4779.2471,4779.662673617583,0.0001739075669820481,0.007635093820541085,0.0010602035810232209,0.01632922541796266,0.0029457583995696323,0.00023326214310415323,0.007511634140322521,0.00981347492636786,0.1720000000004802,3.5987479704902015e-05,0.7,0.6,2.1404650383016754e-05,2.2482874113893826e-05,0.0030037281757373992,19.23720096517221,1.8850523572365445,5,5.37e-05,0
4779.612,4779.43108864745,4779.346607240949,4779.371650396267,59.59458750077294,0.05584278333935799,0.0008918729350842255,0.054950910404273766,4778.831526382416,4779.2471,4779.662673617583,0.0001739075669820481,0.007635093820541085,0.0010602035810232209,0.01632922541796266,0.0029457583995696323,0.00023326214310415323,0.007511634140322521,0.00981347492636786,0.1720000000004802,3.5987479704902015e-05,0.7,0.6,2.1404650383016754e-05,2.2482874113893826e-05,0.0030037281757373992,19.23720096517221,1.8850523572365445,3,5.11e-05,0
4779.612,4779.43108864745,4779.346607240949,4779.371650396267,59.59458750077294,0.05584278333935799,0.0008918729350842255,0.054950910404273766,4778.831526382416,4779.2471,4779.662673617583,0.0001739075669820481,0.007635093820541085,0.0010602035810232209,0.01632922541796266,0.0029457583995696323,0.00023326214310415323,0.007511634140322521,0.00981347492636786,0.1720000000004802,3.5987479704902015e-05,0.7,0.6,2.1404650383016754e-05,2.2482874113893826e-05,0.0030037281757373992,19.23720096517221,1.8850523572365445,2,4.8599999999999995e-05,0
4779.202,4779.388015607997,4779.36390148253,4779.3772094366295,44.20571413150477,0.028357486948152655,0.034544181960453516,-0.006186695012300861,4778.879273085294,4779.3111,4779.742926914706,0.00018070676115062163,-0.002282755772054075,0.011318352199923302,0.006752736433957723,0.002623514433482717,-0.00032224396608691516,-0.008578102155565315,-0.0010671123709005137,-0.13400000000001455,2.803736753387298e-05,0.4,0.5,2.086028157731734e-05,2.258726298250413e-05,0.0010816410412125422,17.93549552011215,-1.2912111531749195,2,4.8599999999999995e-05,1
4779.202,4779.388015607997,4779.36390148253,4779.3772094366295,44.20571413150477,0.028357486948152655,0.034544181960453516,-0.006186695012300861,4778.879273085294,4779.3111,4779.742926914706,0.00018070676115062163,-0.002282755772054075,0.011318352199923302,0.006752736433957723,0.002623514433482717,-0.00032224396608691516,-0.008578102155565315,-0.0010671123709005137,-0.13400000000001455,2.803736753387298e-05,0.4,0.5,2.086028157731734e-05,2.258726298250413e-05,0.0010816410412125422,17.93549552011215,-1.2912111531749195,3,5.11e-05,1
4779.067,4779.276769989118,4779.312368333772,4779.354373647578,40.0705031296071,-0.01894388611708564,0.0188095326418791,-0.037753418758964735,4778.921732776397,4779.321,4779.720267223603,0.00016708114964560528,-0.005314562466088916,0.013669346414323075,0.0030396565606380186,0.0023457366192734296,-0.0003399211532882922,-0.009226891136071558,-0.009749906528533359,-0.027000000000043656,5.6496063898237026e-06,0.2,0.45,1.7826406461540768e-05,2.1436369830318824e-05,0.0009118264006561768,17.53569616808421,-2.1886375690241637,2,4.8599999999999995e-05,1
4779.067,4779.276769989118,4779.312368333772,4779.354373647578,40.0705031296071,-0.01894388611708564,0.0188095326418791,-0.037753418758964735,4778.921732776397,4779.321,4779.720267223603,0.00016708114964560528,-0.005314562466088916,0.013669346414323075,0.0030396565606380186,0.0023457366192734296,-0.0003399211532882922,-0.009226891136071558,-0.009749906528533359,-0.027000000000043656,5.6496063898237026e-06,0.2,0.45,1.7826406461540768e-05,2.1436369830318824e-05,0.0009118264006561768,17.53569616808421,-2.1886375690241637,3,5.11e-05,1
4779.093,4779.170660310036,4779.237861334204,4779.312863857181,42.7588215055929,-0.05767021376050252,-0.025527172575231245,-0.032143041185271275,4778.931389025317,4779.314,4779.696610974684,0.00016011125223548928,-0.004624094587642878,0.012630241233718639,0.003381624393642146,0.002013680540329556,-0.0003320560789438734,0.0005440392444766573,-0.008682902089507394,-0.0430000000005748,8.997442215608054e-06,0.2,0.35,1.655073265129925e-05,1.7293214445512907e-05,0.0019897615614804893,17.191470700880163,-1.5052313740008236,2,4.8599999999999995e-05,1
4779.202,4779.388015607997,4779.36390148253,4779.3772094366295,44.20571413150477,0.028357486948152655,0.034544181960453516,-0.006186695012300861,4778.879273085294,4779.3111,4779.742926914706,0.00018070676115062163,-0.002282755772054075,0.011318352199923302,0.006752736433957723,0.002623514433482717,-0.00032224396608691516,-0.008578102155565315,-0.0010671123709005137,-0.13400000000001455,2.803736753387298e-05,0.4,0.5,2.086028157731734e-05,2.258726298250413e-05,0.0010816410412125422,17.93549552011215,-1.2912111531749195,5,5.37e-05,1
4779.093,4779.170660310036,4779.237861334204,4779.312863857181,42.7588215055929,-0.05767021376050252,-0.025527172575231245,-0.032143041185271275,4778.931389025317,4779.314,4779.696610974684,0.00016011125223548928,-0.004624094587642878,0.012630241233718639,0.003381624393642146,0.002013680540329556,-0.0003320560789438734,0.0005440392444766573,-0.008682902089507394,-0.0430000000005748,8.997442215608054e-06,0.2,0.35,1.655073265129925e-05,1.7293214445512907e-05,0.0019897615614804893,17.191470700880163,-1.5052313740008236,3,5.11e-05,1
4779.078,4779.152128248029,4779.222636445233,4779.30365350984,42.202864105328615,-0.06294345644073474,-0.03301042934833195,-0.029933027092402788,4778.906566628492,4779.30345,4779.700333371508,0.000166084190158719,-0.0047172145974516385,0.01302203838288307,0.003587164124714037,0.001954697880783427,-0.0005455878795680527,-0.0027828861291046003,-0.006653560408032,-0.014999999999417923,3.1386708732039637e-06,0.2,0.35,1.4521262307232164e-05,1.6205223931625713e-05,0.0011582765900399897,17.467940600443075,-1.5482490960128368,2,4.8599999999999995e-05,1
4779.202,4779.388015607997,4779.36390148253,4779.3772094366295,44.20571413150477,0.028357486948152655,0.034544181960453516,-0.006186695012300861,4778.879273085294,4779.3111,4779.742926914706,0.00018070676115062163,-0.002282755772054075,0.011318352199923302,0.006752736433957723,0.002623514433482717,-0.00032224396608691516,-0.008578102155565315,-0.0010671123709005137,-0.13400000000001455,2.803736753387298e-05,0.4,0.5,2.086028157731734e-05,2.258726298250413e-05,0.0010816410412125422,17.93549552011215,-1.2912111531749195,15,6.13e-05,0
4779.202,4779.388015607997,4779.36390148253,4779.3772094366295,44.20571413150477,0.028357486948152655,0.034544181960453516,-0.006186695012300861,4778.879273085294,4779.3111,4779.742926914706,0.00018070676115062163,-0.002282755772054075,0.011318352199923302,0.006752736433957723,0.002623514433482717,-0.00032224396608691516,-0.008578102155565315,-0.0010671123709005137,-0.13400000000001455,2.803736753387298e-05,0.4,0.5,2.086028157731734e-05,2.258726298250413e-05,0.0010816410412125422,17.93549552011215,-1.2912111531749195,8,5.73e-05,0
4779.067,4779.276769989118,4779.312368333772,4779.354373647578,40.0705031296071,-0.01894388611708564,0.0188095326418791,-0.037753418758964735,4778.921732776397,4779.321,4779.720267223603,0.00016708114964560528,-0.005314562466088916,0.013669346414323075,0.0030396565606380186,0.0023457366192734296,-0.0003399211532882922,-0.009226891136071558,-0.009749906528533359,-0.027000000000043656,5.6496063898237026e-06,0.2,0.45,1.7826406461540768e-05,2.1436369830318824e-05,0.0009118264006561768,17.53569616808421,-2.1886375690241637,15,6.13e-05,0
4779.067,4779.276769989118,4779.312368333772,4779.354373647578,40.0705031296071,-0.01894388611708564,0.0188095326418791,-0.037753418758964735,4778.921732776397,4779.321,4779.720267223603,0.00016708114964560528,-0.005314562466088916,0.013669346414323075,0.0030396565606380186,0.0023457366192734296,-0.0003399211532882922,-0.009226891136071558,-0.009749906528533359,-0.027000000000043656,5.6496063898237026e-06,0.2,0.45,1.7826406461540768e-05,2.1436369830318824e-05,0.0009118264006561768,17.53569616808421,-2.1886375690241637,8,5.73e-05,0
4779.067,4779.276769989118,4779.312368333772,4779.354373647578,40.0705031296071,-0.01894388611708564,0.0188095326418791,-0.037753418758964735,4778.921732776397,4779.321,4779.720267223603,0.00016708114964560528,-0.005314562466088916,0.013669346414323075,0.0030396565606380186,0.0023457366192734296,-0.0003399211532882922,-0.009226891136071558,-0.009749906528533359,-0.027000000000043656,5.6496063898237026e-06,0.2,0.45,1.7826406461540768e-05,2.1436369830318824e-05,0.0009118264006561768,17.53569616808421,-2.1886375690241637,5,5.37e-05,0
4779.093,4779.170660310036,4779.237861334204,4779.312863857181,42.7588215055929,-0.05767021376050252,-0.025527172575231245,-0.032143041185271275,4778.931389025317,4779.314,4779.696610974684,0.00016011125223548928,-0.004624094587642878,0.012630241233718639,0.003381624393642146,0.002013680540329556,-0.0003320560789438734,0.0005440392444766573,-0.008682902089507394,-0.0430000000005748,8.997442215608054e-06,0.2,0.35,1.655073265129925e-05,1.7293214445512907e-05,0.0019897615614804893,17.191470700880163,-1.5052313740008236,15,6.13e-05,0
4779.093,4779.170660310036,4779.237861334204,4779.312863857181,42.7588215055929,-0.05767021376050252,-0.025527172575231245,-0.032143041185271275,4778.931389025317,4779.314,4779.696610974684,0.00016011125223548928,-0.004624094587642878,0.012630241233718639,0.003381624393642146,0.002013680540329556,-0.0003320560789438734,0.0005440392444766573,-0.008682902089507394,-0.0430000000005748,8.997442215608054e-06,0.2,0.35,1.655073265129925e-05,1.7293214445512907e-05,0.0019897615614804893,17.191470700880163,-1.5052313740008236,8,5.73e-05,0
4779.093,4779.170660310036,4779.237861334204,4779.312863857181,42.7588215055929,-0.05767021376050252,-0.025527172575231245,-0.032143041185271275,4778.931389025317,4779.314,4779.696610974684,0.00016011125223548928,-0.004624094587642878,0.012630241233718639,0.003381624393642146,0.002013680540329556,-0.0003320560789438734,0.0005440392444766573,-0.008682902089507394,-0.0430000000005748,8.997442215608054e-06,0.2,0.35,1.655073265129925e-05,1.7293214445512907e-05,0.0019897615614804893,17.191470700880163,-1.5052313740008236,5,5.37e-05,0
4779.078,4779.152128248029,4779.222636445233,4779.30365350984,42.202864105328615,-0.06294345644073474,-0.03301042934833195,-0.029933027092402788,4778.906566628492,4779.30345,4779.700333371508,0.000166084190158719,-0.0047172145974516385,0.01302203838288307,0.003587164124714037,0.001954697880783427,-0.0005455878795680527,-0.0027828861291046003,-0.006653560408032,-0.014999999999417923,3.1386708732039637e-06,0.2,0.35,1.4521262307232164e-05,1.6205223931625713e-05,0.0011582765900399897,17.467940600443075,-1.5482490960128368,15,6.13e-05,0
4779.078,4779.152128248029,4779.222636445233,4779.30365350984,42.202864105328615,-0.06294345644073474,-0.03301042934833195,-0.029933027092402788,4778.906566628492,4779.30345,4779.700333371508,0.000166084190158719,-0.0047172145974516385,0.01302203838288307,0.003587164124714037,0.001954697880783427,-0.0005455878795680527,-0.0027828861291046003,-0.006653560408032,-0.014999999999417923,3.1386708732039637e-06,0.2,0.35,1.4521262307232164e-05,1.6205223931625713e-05,0.0011582765900399897,17.467940600443075,-1.5482490960128368,8,5.73e-05,0
4779.078,4779.152128248029,4779.222636445233,4779.30365350984,42.202864105328615,-0.06294345644073474,-0.03301042934833195,-0.029933027092402788,4778.906566628492,4779.30345,4779.700333371508,0.000166084190158719,-0.0047172145974516385,0.01302203838288307,0.003587164124714037,0.001954697880783427,-0.0005455878795680527,-0.0027828861291046003,-0.006653560408032,-0.014999999999417923,3.1386708732039637e-06,0.2,0.35,1.4521262307232164e-05,1.6205223931625713e-05,0.0011582765900399897,17.467940600443075,-1.5482490960128368,5,5.37e-05,0
4779.078,4779.152128248029,4779.222636445233,4779.30365350984,42.202864105328615,-0.06294345644073474,-0.03301042934833195,-0.029933027092402788,4778.906566628492,4779.30345,4779.700333371508,0.000166084190158719,-0.0047172145974516385,0.01302203838288307,0.003587164124714037,0.001954697880783427,-0.0005455878795680527,-0.0027828861291046003,-0.006653560408032,-0.014999999999417923,3.1386708732039637e-06,0.2,0.35,1.4521262307232164e-05,1.6205223931625713e-05,0.0011582765900399897,17.467940600443075,-1.5482490960128368,3,5.11e-05,0
4778.899,4779.061642078739,4779.164271557209,4779.272688995435,36.151724736774696,-0.09333382850036287,-0.052644276322204156,-0.040689552178158714,4778.800291039541,4779.26865,4779.737008960459,0.00019599608005263614,-0.007734446984888318,0.017535607269767883,0.0020655167740433397,0.0017201511403890336,-0.00029528152897050227,-0.004038424035346377,-0.006339970564117614,-0.0039999999999054126,8.370121762357741e-07,0.2,0.3,1.4207632193952158e-05,1.753395688563475e-05,0.0017255186099900044,17.963047410374614,-3.226800537222422,15,6.13e-05,0
4778.899,4779.061642078739,4779.164271557209,4779.272688995435,36.151724736774696,-0.09333382850036287,-0.052644276322204156,-0.040689552178158714,4778.800291039541,4779.26865,4779.737008960459,0.00019599608005263614,-0.007734446984888318,0.017535607269767883,0.0020655167740433397,0.0017201511403890336,-0.00029528152897050227,-0.004038424035346377,-0.006339970564117614,-0.0039999999999054126,8.370121762357741e-07,0.2,0.3,1.4207632193952158e-05,1.753395688563475e-05,0.0017255186099900044,17.963047410374614,-3.226800537222422,8,5.73e-05,0
4778.899,4779.061642078739,4779.164271557209,4779.272688995435,36.151724736774696,-0.09333382850036287,-0.052644276322204156,-0.040689552178158714,4778.800291039541,4779.26865,4779.737008960459,0.00019599608005263614,-0.007734446984888318,0.017535607269767883,0.0020655167740433397,0.0017201511403890336,-0.00029528152897050227,-0.004038424035346377,-0.006339970564117614,-0.0039999999999054126,8.370121762357741e-07,0.2,0.3,1.4207632193952158e-05,1.753395688563475e-05,0.0017255186099900044,17.963047410374614,-3.226800537222422,5,5.37e-05,0
4778.899,4779.061642078739,4779.164271557209,4779.272688995435,36.151724736774696,-0.09333382850036287,-0.052644276322204156,-0.040689552178158714,4778.800291039541,4779.26865,4779.737008960459,0.00019599608005263614,-0.007734446984888318,0.017535607269767883,0.0020655167740433397,0.0017201511403890336,-0.00029528152897050227,-0.004038424035346377,-0.006339970564117614,-0.0039999999999054126,8.370121762357741e-07,0.2,0.3,1.4207632193952158e-05,1.753395688563475e-05,0.0017255186099900044,17.963047410374614,-3.226800537222422,3,5.11e-05,0
4778.899,4779.061642078739,4779.164271557209,4779.272688995435,36.151724736774696,-0.09333382850036287,-0.052644276322204156,-0.040689552178158714,4778.800291039541,4779.26865,4779.737008960459,0.00019599608005263614,-0.007734446984888318,0.017535607269767883,0.0020655167740433397,0.0017201511403890336,-0.00029528152897050227,-0.004038424035346377,-0.006339970564117614,-0.0039999999999054126,8.370121762357741e-07,0.2,0.3,1.4207632193952158e-05,1.753395688563475e-05,0.0017255186099900044,17.963047410374614,-3.226800537222422,2,4.8599999999999995e-05,0
4779.044,4779.050011356362,4779.1161593389925,4779.230641295756,45.013064542066026,-0.07696447625221481,-0.07364943792313339,-0.003315038329081421,4778.773108303742,4779.1463,4779.519491696258,0.00015617504584778695,-0.002140549662613772,0.009949514929311372,0.005668323963065043,0.001901913605699746,0.0001817624653107125,0.0030341716784398898,-0.0010043748896237936,-0.028000000000247383,5.858878041609117e-06,0.4,0.25,1.4228803492988273e-05,1.5567512553188445e-05,0.0019705448603091385,18.47776008023156,-0.7938787451554516,15,6.13e-05,0
4779.044,4779.050011356362,4779.1161593389925,4779.230641295756,45.013064542066026,-0.07696447625221481,-0.07364943792313339,-0.003315038329081421,4778.773108303742,4779.1463,4779.519491696258,0.00015617504584778695,-0.002140549662613772,0.009949514929311372,0.005668323963065043,0.001901913605699746,0.0001817624653107125,0.0030341716784398898,-0.0010043748896237936,-0.028000000000247383,5.858878041609117e-06,0.4,0.25,1.4228803492988273e-05,1.5567512553188445e-05,0.0019705448603091385,18.47776008023156,-0.7938787451554516,8,5.73e-05,0
4779.044,4779.050011356362,4779.1161593389925,4779.230641295756,45.013064542066026,-0.07696447625221481,-0.07364943792313339,-0.003315038329081421,4778.773108303742,4779.1463,4779.519491696258,0.00015617504584778695,-0.002140549662613772,0.009949514929311372,0.005668323963065043,0.001901913605699746,0.0001817624653107125,0.0030341716784398898,-0.0010043748896237936,-0.028000000000247383,5.858878041609117e-06,0.4,0.25,1.4228803492988273e-05,1.5567512553188445e-05,0.0019705448603091385,18.47776008023156,-0.7938787451554516,5,5.37e-05,0
4779.044,4779.050011356362,4779.1161593389925,4779.230641295756,45.013064542066026,-0.07696447625221481,-0.07364943792313339,-0.003315038329081421,4778.773108303742,4779.1463,4779.519491696258,0.00015617504584778695,-0.002140549662613772,0.009949514929311372,0.005668323963065043,0.001901913605699746,0.0001817624653107125,0.0030341716784398898,-0.0010043748896237936,-0.028000000000247383,5.858878041609117e-06,0.4,0.25,1.4228803492988273e-05,1.5567512553188445e-05,0.0019705448603091385,18.47776008023156,-0.7938787451554516,3,5.11e-05,0
4779.044,4779.050011356362,4779.1161593389925,4779.230641295756,45.013064542066026,-0.07696447625221481,-0.07364943792313339,-0.003315038329081421,4778.773108303742,4779.1463,4779.519491696258,0.00015617504584778695,-0.002140549662613772,0.009949514929311372,0.005668323963065043,0.001901913605699746,0.0001817624653107125,0.0030341716784398898,-0.0010043748896237936,-0.028000000000247383,5.858878041609117e-06,0.4,0.25,1.4228803492988273e-05,1.5567512553188445e-05,0.0019705448603091385,18.47776008023156,-0.7938787451554516,2,4.8599999999999995e-05,0
4778.321,4778.667618174082,4778.847813638308,4779.071133350631,28.794566960153716,-0.18238891159671766,-0.13381663279539663,-0.048572278801321034,4778.434296864267,4778.889499999999,4779.344703135732,0.00019050582179500812,-0.011896069159987973,0.021423908852752277,-0.002371060133190836,0.0025778244799998674,0.0006924657587736676,-0.008328591825557119,-0.014417211933026586,-0.24899999999979627,5.210763889607062e-05,0.2,0.25,2.513209651734405e-05,1.9983814164492574e-05,0.003446190742279454,25.5083387133233,-4.276421119744657,2,4.8599999999999995e-05,1
4778.321,4778.667618174082,4778.847813638308,4779.071133350631,28.794566960153716,-0.18238891159671766,-0.13381663279539663,-0.048572278801321034,4778.434296864267,4778.889499999999,4779.344703135732,0.00019050582179500812,-0.011896069159987973,0.021423908852752277,-0.002371060133190836,0.0025778244799998674,0.0006924657587736676,-0.008328591825557119,-0.014417211933026586,-0.24899999999979627,5.210763889607062e-05,0.2,0.25,2.513209651734405e-05,1.9983814164492574e-05,0.003446190742279454,25.5083387133233,-4.276421119744657,3,5.11e-05,1
4778.205,4778.5750945392665,4778.786593291803,4779.037167336881,26.61030322895857,-0.21066477255681093,-0.1491862607476795,-0.06147851180913144,4778.308162472327,4778.844599999999,4779.381037527672,0.00022450511476025222,-0.013383988255226343,0.02461253813245192,-0.0021590214803950975,0.002598864459792068,0.0006105238905110251,-0.007763819179607001,-0.018141597364518258,-0.11599999999998545,2.4276309607440538e-05,0.1,0.25,2.6262387652475905e-05,2.0067736028533954e-05,0.0034007891811253304,26.12896123726378,-4.682934916232438,2,4.8599999999999995e-05,1
4778.205,4778.5750945392665,4778.786593291803,4779.037167336881,26.61030322895857,-0.21066477255681093,-0.1491862607476795,-0.06147851180913144,4778.308162472327,4778.844599999999,4779.381037527672,0.00022450511476025222,-0.013383988255226343,0.02461253813245192,-0.0021590214803950975,0.002598864459792068,0.0006105238905110251,-0.007763819179607001,-0.018141597364518258,-0.11599999999998545,2.4276309607440538e-05,0.1,0.25,2.6262387652475905e-05,2.0067736028533954e-05,0.0034007891811253304,26.12896123726378,-4.682934916232438,3,5.11e-05,0
4778.107,4778.442420505131,4778.682612649299,4778.9740833432725,28.19259880662689,-0.24332469189539552,-0.17940273800573536,-0.06392195388966015,4778.127926255889,4778.7551,4779.382273744111,0.0002624841537123895,-0.013562109512587085,0.02668993691668004,-0.0004379612237483971,0.002621479547469795,0.00024027210470703875,-0.011655977486590974,-0.016698385927316206,-0.22400000000016007,4.687829285998646e-05,0.2,0.25,3.00927711450627e-05,2.3154714576489877e-05,0.0031092692977891826,27.24038218574903,-4.594895815035576,3,5.11e-05,0
4778.107,4778.442420505131,4778.682612649299,4778.9740833432725,28.19259880662689,-0.24332469189539552,-0.17940273800573536,-0.06392195388966015,4778.127926255889,4778.7551,4779.382273744111,0.0002624841537123895,-0.013562109512587085,0.02668993691668004,-0.0004379612237483971,0.002621479547469795,0.00024027210470703875,-0.011655977486590974,-0.016698385927316206,-0.22400000000016007,4.687829285998646e-05,0.2,0.25,3.00927711450627e-05,2.3154714576489877e-05,0.0031092692977891826,27.24038218574903,-4.594895815035576,2,4.8599999999999995e-05,0
4777.952,4778.270669123284,4778.552660241263,4778.896622109649,25.58123272100761,-0.2875765205171774,-0.2152947667738233,-0.0722817537433541,4777.897398067445,4778.64325,4779.389101932556,0.00031216054161629426,-0.014465402915353736,0.030077780868359053,0.0011427894745629492,0.002523248520963299,-5.4575959036568325e-05,-0.007722377797547697,-0.016050326457772712,-0.02999999999974534,6.278801385151134e-06,0.2,0.25,2.9444618170004766e-05,2.4169898392462086e-05,0.0027447074504474323,28.198699228065394,-4.981641635739119,3,5.11e-05,0
4777.952,4778.270669123284,4778.552660241263,4778.896622109649,25.58123272100761,-0.2875765205171774,-0.2152947667738233,-0.0722817537433541,4777.897398067445,4778.64325,4779.389101932556,0.00031216054161629426,-0.014465402915353736,0.030077780868359053,0.0011427894745629492,0.002523248520963299,-5.4575959036568325e-05,-0.007722377797547697,-0.016050326457772712,-0.02999999999974534,6.278801385151134e-06,0.2,0.25,2.9444618170004766e-05,2.4169898392462086e-05,0.0027447074504474323,28.198699228065394,-4.981641635739119,2,4.8599999999999995e-05,0
4778.321,4778.667618174082,4778.847813638308,4779.071133350631,28.794566960153716,-0.18238891159671766,-0.13381663279539663,-0.048572278801321034,4778.434296864267,4778.889499999999,4779.344703135732,0.00019050582179500812,-0.011896069159987973,0.021423908852752277,-0.002371060133190836,0.0025778244799998674,0.0006924657587736676,-0.008328591825557119,-0.014417211933026586,-0.24899999999979627,5.210763889607062e-05,0.2,0.25,2.513209651734405e-05,1.9983814164492574e-05,0.003446190742279454,25.5083387133233,-4.276421119744657,15,6.13e-05,0
4778.321,4778.667618174082,4778.847813638308,4779.071133350631,28.794566960153716,-0.18238891159671766,-0.13381663279539663,-0.048572278801321034,4778.434296864267,4778.889499999999,4779.344703135732,0.00019050582179500812,-0.011896069159987973,0.021423908852752277,-0.002371060133190836,0.0025778244799998674,0.0006924657587736676,-0.008328591825557119,-0.014417211933026586,-0.24899999999979627,5.210763889607062e-05,0.2,0.25,2.513209651734405e-05,1.9983814164492574e-05,0.003446190742279454,25.5083387133233,-4.276421119744657,8,5.73e-05,0
4778.321,4778.667618174082,4778.847813638308,4779.071133350631,28.794566960153716,-0.18238891159671766,-0.13381663279539663,-0.048572278801321034,4778.434296864267,4778.889499999999,4779.344703135732,0.00019050582179500812,-0.011896069159987973,0.021423908852752277,-0.002371060133190836,0.0025778244799998674,0.0006924657587736676,-0.008328591825557119,-0.014417211933026586,-0.24899999999979627,5.210763889607062e-05,0.2,0.25,2.513209651734405e-05,1.9983814164492574e-05,0.003446190742279454,25.5083387133233,-4.276421119744657,5,5.37e-05,0
4778.205,4778.5750945392665,4778.786593291803,4779.037167336881,26.61030322895857,-0.21066477255681093,-0.1491862607476795,-0.06147851180913144,4778.308162472327,4778.844599999999,4779.381037527672,0.00022450511476025222,-0.013383988255226343,0.02461253813245192,-0.0021590214803950975,0.002598864459792068,0.0006105238905110251,-0.007763819179607001,-0.018141597364518258,-0.11599999999998545,2.4276309607440538e-05,0.1,0.25,2.6262387652475905e-05,2.0067736028533954e-05,0.0034007891811253304,26.12896123726378,-4.682934916232438,15,6.13e-05,0
4778.205,4778.5750945392665,4778.786593291803,4779.037167336881,26.61030322895857,-0.21066477255681093,-0.1491862607476795,-0.06147851180913144,4778.308162472327,4778.844599999999,4779.381037527672,0.00022450511476025222,-0.013383988255226343,0.02461253813245192,-0.0021590214803950975,0.002598864459792068,0.0006105238905110251,-0.007763819179607001,-0.018141597364518258,-0.11599999999998545,2.4276309607440538e-05,0.1,0.25,2.6262387652475905e-05,2.0067736028533954e-05,0.0034007891811253304,26.12896123726378,-4.682934916232438,8,5.73e-05,0
4778.205,4778.5750945392665,4778.786593291803,4779.037167336881,26.61030322895857,-0.21066477255681093,-0.1491862607476795,-0.06147851180913144,4778.308162472327,4778.844599999999,4779.381037527672,0.00022450511476025222,-0.013383988255226343,0.02461253813245192,-0.0021590214803950975,0.002598864459792068,0.0006105238905110251,-0.007763819179607001,-0.018141597364518258,-0.11599999999998545,2.4276309607440538e-05,0.1,0.25,2.6262387652475905e-05,2.0067736028533954e-05,0.0034007891811253304,26.12896123726378,-4.682934916232438,5,5.37e-05,0
4778.107,4778.442420505131,4778.682612649299,4778.9740833432725,28.19259880662689,-0.24332469189539552,-0.17940273800573536,-0.06392195388966015,4778.127926255889,4778.7551,4779.382273744111,0.0002624841537123895,-0.013562109512587085,0.02668993691668004,-0.0004379612237483971,0.002621479547469795,0.00024027210470703875,-0.011655977486590974,-0.016698385927316206,-0.22400000000016007,4.687829285998646e-05,0.2,0.25,3.00927711450627e-05,2.3154714576489877e-05,0.0031092692977891826,27.24038218574903,-4.594895815035576,15,6.13e-05,0
4778.107,4778.442420505131,4778.682612649299,4778.9740833432725,28.19259880662689,-0.24332469189539552,-0.17940273800573536,-0.06392195388966015,4778.127926255889,4778.7551,4779.382273744111,0.0002624841537123895,-0.013562109512587085,0.02668993691668004,-0.0004379612237483971,0.002621479547469795,0.00024027210470703875,-0.011655977486590974,-0.016698385927316206,-0.22400000000016007,4.687829285998646e-05,0.2,0.25,3.00927711450627e-05,2.3154714576489877e-05,0.0031092692977891826,27.24038218574903,-4.594895815035576,8,5.73e-05,0
4778.107,4778.442420505131,4778.682612649299,4778.9740833432725,28.19259880662689,-0.24332469189539552,-0.17940273800573536,-0.06392195388966015,4778.127926255889,4778.7551,4779.382273744111,0.0002624841537123895,-0.013562109512587085,0.02668993691668004,-0.0004379612237483971,0.002621479547469795,0.00024027210470703875,-0.011655977486590974,-0.016698385927316206,-0.22400000000016007,4.687829285998646e-05,0.2,0.25,3.00927711450627e-05,2.3154714576489877e-05,0.0031092692977891826,27.24038218574903,-4.594895815035576,5,5.37e-05,0
4777.952,4778.270669123284,4778.552660241263,4778.896622109649,25.58123272100761,-0.2875765205171774,-0.2152947667738233,-0.0722817537433541,4777.897398067445,4778.64325,4779.389101932556,0.00031216054161629426,-0.014465402915353736,0.030077780868359053,0.0011427894745629492,0.002523248520963299,-5.4575959036568325e-05,-0.007722377797547697,-0.016050326457772712,-0.02999999999974534,6.278801385151134e-06,0.2,0.25,2.9444618170004766e-05,2.4169898392462086e-05,0.0027447074504474323,28.198699228065394,-4.981641635739119,15,6.13e-05,0
4777.952,4778.270669123284,4778.552660241263,4778.896622109649,25.58123272100761,-0.2875765205171774,-0.2152947667738233,-0.0722817537433541,4777.897398067445,4778.64325,4779.389101932556,0.00031216054161629426,-0.014465402915353736,0.030077780868359053,0.0011427894745629492,0.002523248520963299,-5.4575959036568325e-05,-0.007722377797547697,-0.016050326457772712,-0.02999999999974534,6.278801385151134e-06,0.2,0.25,2.9444618170004766e-05,2.4169898392462086e-05,0.0027447074504474323,28.198699228065394,-4.981641635739119,8,5.73e-05,0
4777.952,4778.270669123284,4778.552660241263,4778.896622109649,25.58123272100761,-0.2875765205171774,-0.2152947667738233,-0.0722817537433541,4777.897398067445,4778.64325,4779.389101932556,0.00031216054161629426,-0.014465402915353736,0.030077780868359053,0.0011427894745629492,0.002523248520963299,-5.4575959036568325e-05,-0.007722377797547697,-0.016050326457772712,-0.02999999999974534,6.278801385151134e-06,0.2,0.25,2.9444618170004766e-05,2.4169898392462086e-05,0.0027447074504474323,28.198699228065394,-4.981641635739119,5,5.37e-05,0
4778.202,4778.233468238903,4778.482327317678,4778.84027131306,36.65519465445724,-0.27442586872984975,-0.23835640276190145,-0.0360694659679483,4777.792828850045,4778.56945,4779.346071149955,0.00032504336625461633,-0.007689539805678353,0.02394354926716096,0.008563286984413805,0.002953078143422298,0.00024355877657987468,-0.002699687401308548,-0.011885903694885958,0.07800000000042928,1.632439844589939e-05,0.3,0.35,2.762470614993129e-05,2.4913304981766248e-05,0.003293190127913005,29.025003208430014,-1.9865545634106283,15,6.13e-05,0
4778.202,4778.233468238903,4778.482327317678,4778.84027131306,36.65519465445724,-0.27442586872984975,-0.23835640276190145,-0.0360694659679483,4777.792828850045,4778.56945,4779.346071149955,0.00032504336625461633,-0.007689539805678353,0.02394354926716096,0.008563286984413805,0.002953078143422298,0.00024355877657987468,-0.002699687401308548,-0.011885903694885958,0.07800000000042928,1.632439844589939e-05,0.3,0.35,2.762470614993129e-05,2.4913304981766248e-05,0.003293190127913005,29.025003208430014,-1.9865545634106283,8,5.73e-05,0
4778.202,4778.233468238903,4778.482327317678,4778.84027131306,36.65519465445724,-0.27442586872984975,-0.23835640276190145,-0.0360694659679483,4777.792828850045,4778.56945,4779.346071149955,0.00032504336625461633,-0.007689539805678353,0.02394354926716096,0.008563286984413805,0.002953078143422298,0.00024355877657987468,-0.002699687401308548,-0.011885903694885958,0.07800000000042928,1.632439844589939e-05,0.3,0.35,2.762470614993129e-05,2.4913304981766248e-05,0.003293190127913005,29.025003208430014,-1.9865545634106283,5,5.37e-05,0
4778.202,4778.233468238903,4778.482327317678,4778.84027131306,36.65519465445724,-0.27442586872984975,-0.23835640276190145,-0.0360694659679483,4777.792828850045,4778.56945,4779.346071149955,0.00032504336625461633,-0.007689539805678353,0.02394354926716096,0.008563286984413805,0.002953078143422298,0.00024355877657987468,-0.002699687401308548,-0.011885903694885958,0.07800000000042928,1.632439844589939e-05,0.3,0.35,2.762470614993129e-05,2.4913304981766248e-05,0.003293190127913005,29.025003208430014,-1.9865545634106283,3,5.11e-05,0
4778.202,4778.233468238903,4778.482327317678,4778.84027131306,36.65519465445724,-0.27442586872984975,-0.23835640276190145,-0.0360694659679483,4777.792828850045,4778.56945,4779.346071149955,0.00032504336625461633,-0.007689539805678353,0.02394354926716096,0.008563286984413805,0.002953078143422298,0.00024355877657987468,-0.002699687401308548,-0.011885903694885958,0.07800000000042928,1.632439844589939e-05,0.3,0.35,2.762470614993129e-05,2.4913304981766248e-05,0.003293190127913005,29.025003208430014,-1.9865545634106283,2,4.8599999999999995e-05,0
4777.815,4778.098659672898,4778.369800820139,4778.765164714593,28.952957289816055,-0.29896891644693824,-0.25803530962898086,-0.04093360681795738,4777.6389104580185,4778.45225,4779.265589541982,0.00034041965867998545,-0.013335908086152301,0.030360939927194356,0.0036855663515880733,0.003212013701762134,0.0005773574065699007,-0.003495199437764107,-0.015799705769714567,-0.09900000000016007,2.0720339461988146e-05,0.3,0.25,3.1538890908366925e-05,2.6765869688621936e-05,0.0036809547139406663,29.73747959966277,-3.6147639978613255,15,6.13e-05,0
4777.815,4778.098659672898,4778.369800820139,4778.765164714593,28.952957289816055,-0.29896891644693824,-0.25803530962898086,-0.04093360681795738,4777.6389104580185,4778.45225,4779.265589541982,0.00034041965867998545,-0.013335908086152301,0.030360939927194356,0.0036855663515880733,0.003212013701762134,0.0005773574065699007,-0.003495199437764107,-0.015799705769714567,-0.09900000000016007,2.0720339461988146e-05,0.3,0.25,3.1538890908366925e-05,2.6765869688621936e-05,0.0036809547139406663,29.73747959966277,-3.6147639978613255,8,5.73e-05,0
4777.815,4778.098659672898,4778.369800820139,4778.765164714593,28.952957289816055,-0.29896891644693824,-0.25803530962898086,-0.04093360681795738,4777.6389104580185,4778.45225,4779.265589541982,0.00034041965867998545,-0.013335908086152301,0.030360939927194356,0.0036855663515880733,0.003212013701762134,0.0005773574065699007,-0.003495199437764107,-0.015799705769714567,-0.09900000000016007,2.0720339461988146e-05,0.3,0.25,3.1538890908366925e-05,2.6765869688621936e-05,0.0036809547139406663,29.73747959966277,-3.6147639978613255,5,5.37e-05,0
4777.815,4778.098659672898,4778.369800820139,4778.765164714593,28.952957289816055,-0.29896891644693824,-0.25803530962898086,-0.04093360681795738,4777.6389104580185,4778.45225,4779.265589541982,0.00034041965867998545,-0.013335908086152301,0.030360939927194356,0.0036855663515880733,0.003212013701762134,0.0005773574065699007,-0.003495199437764107,-0.015799705769714567,-0.09900000000016007,2.0720339461988146e-05,0.3,0.25,3.1538890908366925e-05,2.6765869688621936e-05,0.0036809547139406663,29.73747959966277,-3.6147639978613255,3,5.11e-05,0
4777.815,4778.098659672898,4778.369800820139,4778.765164714593,28.952957289816055,-0.29896891644693824,-0.25803530962898086,-0.04093360681795738,4777.6389104580185,4778.45225,4779.265589541982,0.00034041965867998545,-0.013335908086152301,0.030360939927194356,0.0036855663515880733,0.003212013701762134,0.0005773574065699007,-0.003495199437764107,-0.015799705769714567,-0.09900000000016007,2.0720339461988146e-05,0.3,0.25,3.1538890908366925e-05,2.6765869688621936e-05,0.0036809547139406663,29.73747959966277,-3.6147639978613255,2,4.8599999999999995e-05,0
4777.869,4777.86396460202,4778.147230632717,4778.6065926821475,38.16558392828615,-0.32614594518599915,-0.2997194909661955,-0.026426454219803663,4777.40900215924,4778.189,4778.9689978407605,0.00032648262375564816,-0.006697098000950118,0.02302277104627203,0.009627677961860611,0.0037217926265667176,0.0005147373380020746,-0.00094183361191158,-0.004981052119601426,0.3569999999999709,7.472508703276759e-05,0.3,0.25,3.0390143394087855e-05,3.0241457269575277e-05,0.0043040897949646,30.881510893737964,-1.564563681038382,15,6.13e-05,0
4777.869,4777.86396460202,4778.147230632717,4778.6065926821475,38.16558392828615,-0.32614594518599915,-0.2997194909661955,-0.026426454219803663,4777.40900215924,4778.189,4778.9689978407605,0.00032648262375564816,-0.006697098000950118,0.02302277104627203,0.009627677961860611,0.0037217926265667176,0.0005147373380020746,-0.00094183361191158,-0.004981052119601426,0.3569999999999709,7.472508703276759e-05,0.3,0.25,3.0390143394087855e-05,3.0241457269575277e-05,0.0043040897949646,30.881510893737964,-1.564563681038382,8,5.73e-05,0
4777.869,4777.86396460202,4778.147230632717,4778.6065926821475,38.16558392828615,-0.32614594518599915,-0.2997194909661955,-0.026426454219803663,4777.40900215924,4778.189,4778.9689978407605,0.00032648262375564816,-0.006697098000950118,0.02302277104627203,0.009627677961860611,0.0037217926265667176,0.0005147373380020746,-0.00094183361191158,-0.004981052119601426,0.3569999999999709,7.472508703276759e-05,0.3,0.25,3.0390143394087855e-05,3.0241457269575277e-05,0.0043040897949646,30.881510893737964,-1.564563681038382,5,5.37e-05,0
4777.869,4777.86396460202,4778.147230632717,4778.6065926821475,38.16558392828615,-0.32614594518599915,-0.2997194909661955,-0.026426454219803663,4777.40900215924,4778.189,4778.9689978407605,0.00032648262375564816,-0.006697098000950118,0.02302277104627203,0.009627677961860611,0.0037217926265667176,0.0005147373380020746,-0.00094183361191158,-0.004981052119601426,0.3569999999999709,7.472508703276759e-05,0.3,0.25,3.0390143394087855e-05,3.0241457269575277e-05,0.0043040897949646,30.881510893737964,-1.564563681038382,3,5.11e-05,0
4777.869,4777.86396460202,4778.147230632717,4778.6065926821475,38.16558392828615,-0.32614594518599915,-0.2997194909661955,-0.026426454219803663,4777.40900215924,4778.189,4778.9689978407605,0.00032648262375564816,-0.006697098000950118,0.02302277104627203,0.009627677961860611,0.0037217926265667176,0.0005147373380020746,-0.00094183361191158,-0.004981052119601426,0.3569999999999709,7.472508703276759e-05,0.3,0.25,3.0390143394087855e-05,3.0241457269575277e-05,0.0043040897949646,30.881510893737964,-1.564563681038382,2,4.8599999999999995e-05,0
4778.183,4777.951201564565,4778.037705288072,4778.424193301633,51.368400768949186,-0.166293369910818,-0.23510809877081545,0.06881472885999745,4777.534968844168,4777.9342,4778.333431155831,0.00016711454746753542,0.0052072713768285305,0.0031482920564371263,0.013562292524828615,0.003717832172053739,5.7207244403806746e-05,0.007911582829356334,0.011344510816124753,0.21000000000003638,4.3951692485499905e-05,0.5,0.4,3.1269768842023814e-05,2.940606451455885e-05,0.0027001450765307623,33.246496711332675,0.8179192967079739,15,6.13e-05,0
4778.183,4777.951201564565,4778.037705288072,4778.424193301633,51.368400768949186,-0.166293369910818,-0.23510809877081545,0.06881472885999745,4777.534968844168,4777.9342,4778.333431155831,0.00016711454746753542,0.0052072713768285305,0.0031482920564371263,0.013562292524828615,0.003717832172053739,5.7207244403806746e-05,0.007911582829356334,0.011344510816124753,0.21000000000003638,4.3951692485499905e-05,0.5,0.4,3.1269768842023814e-05,2.940606451455885e-05,0.0027001450765307623,33.246496711332675,0.8179192967079739,8,5.73e-05,0
4778.183,4777.951201564565,4778.037705288072,4778.424193301633,51.368400768949186,-0.166293369910818,-0.23510809877081545,0.06881472885999745,4777.534968844168,4777.9342,4778.333431155831,0.00016711454746753542,0.0052072713768285305,0.0031482920564371263,0.013562292524828615,0.003717832172053739,5.7207244403806746e-05,0.007911582829356334,0.011344510816124753,0.21000000000003638,4.3951692485499905e-05,0.5,0.4,3.1269768842023814e-05,2.940606451455885e-05,0.0027001450765307623,33.246496711332675,0.8179192967079739,5,5.37e-05,0
4778.183,4777.951201564565,4778.037705288072,4778.424193301633,51.368400768949186,-0.166293369910818,-0.23510809877081545,0.06881472885999745,4777.534968844168,4777.9342,4778.333431155831,0.00016711454746753542,0.0052072713768285305,0.0031482920564371263,0.013562292524828615,0.003717832172053739,5.7207244403806746e-05,0.007911582829356334,0.011344510816124753,0.21000000000003638,4.3951692485499905e-05,0.5,0.4,3.1269768842023814e-05,2.940606451455885e-05,0.0027001450765307623,33.246496711332675,0.8179192967079739,3,5.11e-05,0
4778.183,4777.951201564565,4778.037705288072,4778.424193301633,51.368400768949186,-0.166293369910818,-0.23510809877081545,0.06881472885999745,4777.534968844168,4777.9342,4778.333431155831,0.00016711454746753542,0.0052072713768285305,0.0031482920564371263,0.013562292524828615,0.003717832172053739,5.7207244403806746e-05,0.007911582829356334,0.011344510816124753,0.21000000000003638,4.3951692485499905e-05,0.5,0.4,3.1269768842023814e-05,2.940606451455885e-05,0.0027001450765307623,33.246496711332675,0.8179192967079739,2,4.8599999999999995e-05,0
4777.735,4777.873919168676,4777.967979532359,4778.324307227512,40.006222527146235,-0.14580137568827922,-0.17008950068284487,0.024288124994565646,4777.519519581467,4777.879849999999,4778.240180418532,0.00015083276676897283,-0.0030316794173817162,0.010573638314646812,0.004510095652708532,0.0034375427669219552,-0.00028028940513178356,-0.009375948974754689,-0.0014651079313754423,0.028999999999541615,6.069858630830538e-06,0.4,0.35,2.285513048541077e-05,2.7616843811034685e-05,0.0017789778605993,23.580235354210604,-1.4184904763069415,15,6.13e-05,0
4777.735,4777.873919168676,4777.967979532359,4778.324307227512,40.006222527146235,-0.14580137568827922,-0.17008950068284487,0.024288124994565646,4777.519519581467,4777.879849999999,4778.240180418532,0.00015083276676897283,-0.0030316794173817162,0.010573638314646812,0.004510095652708532,0.0034375427669219552,-0.00028028940513178356,-0.009375948974754689,-0.0014651079313754423,0.028999999999541615,6.069858630830538e-06,0.4,0.35,2.285513048541077e-05,2.7616843811034685e-05,0.0017789778605993,23.580235354210604,-1.4184904763069415,8,5.73e-05,0
4777.735,4777.873919168676,4777.967979532359,4778.324307227512,40.006222527146235,-0.14580137568827922,-0.17008950068284487,0.024288124994565646,4777.519519581467,4777.879849999999,4778.240180418532,0.00015083276676897283,-0.0030316794173817162,0.010573638314646812,0.004510095652708532,0.0034375427669219552,-0.00028028940513178356,-0.009375948974754689,-0.0014651079313754423,0.028999999999541615,6.069858630830538e-06,0.4,0.35,2.285513048541077e-05,2.7616843811034685e-05,0.0017789778605993,23.580235354210604,-1.4184904763069415,5,5.37e-05,0
4777.735,4777.873919168676,4777.967979532359,4778.324307227512,40.006222527146235,-0.14580137568827922,-0.17008950068284487,0.024288124994565646,4777.519519581467,4777.879849999999,4778.240180418532,0.00015083276676897283,-0.0030316794173817162,0.010573638314646812,0.004510095652708532,0.0034375427669219552,-0.00028028940513178356,-0.009375948974754689,-0.0014651079313754423,0.028999999999541615,6.069858630830538e-06,0.4,0.35,2.285513048541077e-05,2.7616843811034685e-05,0.0017789778605993,23.580235354210604,-1.4184904763069415,3,5.11e-05,0
4777.735,4777.873919168676,4777.967979532359,4778.324307227512,40.006222527146235,-0.14580137568827922,-0.17008950068284487,0.024288124994565646,4777.519519581467,4777.879849999999,4778.240180418532,0.00015083276676897283,-0.0030316794173817162,0.010573638314646812,0.004510095652708532,0.0034375427669219552,-0.00028028940513178356,-0.009375948974754689,-0.0014651079313754423,0.028999999999541615,6.069858630830538e-06,0.4,0.35,2.285513048541077e-05,2.7616843811034685e-05,0.0017789778605993,23.580235354210604,-1.4184904763069415,2,4.8599999999999995e-05,0
4777.746,4777.724556553193,4777.838547877268,4778.199011450198,43.62723615849683,-0.15752601699750812,-0.1677625932129477,0.01023657621543958,4777.43551050516,4777.82135,4778.20718949484,0.00016151273418382785,-0.001577078640666866,0.009652867583171123,0.006498660557512108,0.002598935829647509,-0.0008386069372744464,0.00023023461954707614,-0.009145735941884503,0.05199999999967986,1.0883911778281075e-05,0.4,0.45,1.8522961300981854e-05,2.4896365071502834e-05,0.0021742894307988773,16.845716365341193,-0.7453142683432733,15,6.13e-05,0
4777.746,4777.724556553193,4777.838547877268,4778.199011450198,43.62723615849683,-0.15752601699750812,-0.1677625932129477,0.01023657621543958,4777.43551050516,4777.82135,4778.20718949484,0.00016151273418382785,-0.001577078640666866,0.009652867583171123,0.006498660557512108,0.002598935829647509,-0.0008386069372744464,0.00023023461954707614,-0.009145735941884503,0.05199999999967986,1.0883911778281075e-05,0.4,0.45,1.8522961300981854e-05,2.4896365071502834e-05,0.0021742894307988773,16.845716365341193,-0.7453142683432733,8,5.73e-05,0
4777.746,4777.724556553193,4777.838547877268,4778.199011450198,43.62723615849683,-0.15752601699750812,-0.1677625932129477,0.01023657621543958,4777.43551050516,4777.82135,4778.20718949484,0.00016151273418382785,-0.001577078640666866,0.009652867583171123,0.006498660557512108,0.002598935829647509,-0.0008386069372744464,0.00023023461954707614,-0.009145735941884503,0.05199999999967986,1.0883911778281075e-05,0.4,0.45,1.8522961300981854e-05,2.4896365071502834e-05,0.0021742894307988773,16.845716365341193,-0.7453142683432733,5,5.37e-05,0
4777.746,4777.724556553193,4777.838547877268,4778.199011450198,43.62723615849683,-0.15752601699750812,-0.1677625932129477,0.01023657621543958,4777.43551050516,4777.82135,4778.20718949484,0.00016151273418382785,-0.001577078640666866,0.009652867583171123,0.006498660557512108,0.002598935829647509,-0.0008386069372744464,0.00023023461954707614,-0.009145735941884503,0.05199999999967986,1.0883911778281075e-05,0.4,0.45,1.8522961300981854e-05,2.4896365071502834e-05,0.0021742894307988773,16.845716365341193,-0.7453142683432733,3,5.11e-05,0
4777.746,4777.724556553193,4777.838547877268,4778.199011450198,43.62723615849683,-0.15752601699750812,-0.1677625932129477,0.01023657621543958,4777.43551050516,4777.82135,4778.20718949484,0.00016151273418382785,-0.001577078640666866,0.009652867583171123,0.006498660557512108,0.002598935829647509,-0.0008386069372744464,0.00023023461954707614,-0.009145735941884503,0.05199999999967986,1.0883911778281075e-05,0.4,0.45,1.8522961300981854e-05,2.4896365071502834e-05,0.0021742894307988773,16.845716365341193,-0.7453142683432733,2,4.8599999999999995e-05,0
4778.134,4777.921187811351,4777.901707622401,4778.1610986069845,57.39120769294582,-0.039914972981932806,-0.10920224401283395,0.06928727103090114,4777.47227831422,4777.85815,4778.24402168578,0.0001615249652316824,0.005773507528681891,0.002302607791668021,0.01384895621973602,0.0022388484961094694,-0.00036008733353803946,0.008120984246540175,0.008351237563419822,0.0820000000003347,1.7161805689891452e-05,0.8,0.6,1.6053497865453627e-05,1.9454314175432198e-05,0.0011217188763346382,18.23810358168983,2.171566045496158,2,4.8599999999999995e-05,1
4778.134,4777.921187811351,4777.901707622401,4778.1610986069845,57.39120769294582,-0.039914972981932806,-0.10920224401283395,0.06928727103090114,4777.47227831422,4777.85815,4778.24402168578,0.0001615249652316824,0.005773507528681891,0.002302607791668021,0.01384895621973602,0.0022388484961094694,-0.00036008733353803946,0.008120984246540175,0.008351237563419822,0.0820000000003347,1.7161805689891452e-05,0.8,0.6,1.6053497865453627e-05,1.9454314175432198e-05,0.0011217188763346382,18.23810358168983,2.171566045496158,3,5.11e-05,1
4778.261,4778.123409062025,4778.0283402864225,4778.172553068505,59.827005383248924,0.05250196388897166,-0.014113368483129378,0.06661533237210104,4777.439020280517,4777.92995,4778.420879719482,0.00020549891882892297,0.006928732808246526,0.0033459812990955934,0.017202486835343478,0.0013988495745414008,-0.0008399989215680686,0.002657941363737315,0.010779141461281228,0.11700000000018917,2.448649517483581e-05,0.8,0.6,1.546665561353855e-05,1.6994808457260203e-05,0.001841330578820503,16.392691951667434,3.480979395490642,2,4.8599999999999995e-05,1
4778.134,4777.921187811351,4777.901707622401,4778.1610986069845,57.39120769294582,-0.039914972981932806,-0.10920224401283395,0.06928727103090114,4777.47227831422,4777.85815,4778.24402168578,0.0001615249652316824,0.005773507528681891,0.002302607791668021,0.01384895621973602,0.0022388484961094694,-0.00036008733353803946,0.008120984246540175,0.008351237563419822,0.0820000000003347,1.7161805689891452e-05,0.8,0.6,1.6053497865453627e-05,1.9454314175432198e-05,0.0011217188763346382,18.23810358168983,2.171566045496158,15,6.13e-05,0
4778.134,4777.921187811351,4777.901707622401,4778.1610986069845,57.39120769294582,-0.039914972981932806,-0.10920224401283395,0.06928727103090114,4777.47227831422,4777.85815,4778.24402168578,0.0001615249652316824,0.005773507528681891,0.002302607791668021,0.01384895621973602,0.0022388484961094694,-0.00036008733353803946,0.008120984246540175,0.008351237563419822,0.0820000000003347,1.7161805689891452e-05,0.8,0.6,1.6053497865453627e-05,1.9454314175432198e-05,0.0011217188763346382,18.23810358168983,2.171566045496158,8,5.73e-05,0
4778.134,4777.921187811351,4777.901707622401,4778.1610986069845,57.39120769294582,-0.039914972981932806,-0.10920224401283395,0.06928727103090114,4777.47227831422,4777.85815,4778.24402168578,0.0001615249652316824,0.005773507528681891,0.002302607791668021,0.01384895621973602,0.0022388484961094694,-0.00036008733353803946,0.008120984246540175,0.008351237563419822,0.0820000000003347,1.7161805689891452e-05,0.8,0.6,1.6053497865453627e-05,1.9454314175432198e-05,0.0011217188763346382,18.23810358168983,2.171566045496158,5,5.37e-05,0
4778.261,4778.123409062025,4778.0283402864225,4778.172553068505,59.827005383248924,0.05250196388897166,-0.014113368483129378,0.06661533237210104,4777.439020280517,4777.92995,4778.420879719482,0.00020549891882892297,0.006928732808246526,0.0033459812990955934,0.017202486835343478,0.0013988495745414008,-0.0008399989215680686,0.002657941363737315,0.010779141461281228,0.11700000000018917,2.448649517483581e-05,0.8,0.6,1.546665561353855e-05,1.6994808457260203e-05,0.001841330578820503,16.392691951667434,3.480979395490642,15,6.13e-05,0
4778.261,4778.123409062025,4778.0283402864225,4778.172553068505,59.827005383248924,0.05250196388897166,-0.014113368483129378,0.06661533237210104,4777.439020280517,4777.92995,4778.420879719482,0.00020549891882892297,0.006928732808246526,0.0033459812990955934,0.017202486835343478,0.0013988495745414008,-0.0008399989215680686,0.002657941363737315,0.010779141461281228,0.11700000000018917,2.448649517483581e-05,0.8,0.6,1.546665561353855e-05,1.6994808457260203e-05,0.001841330578820503,16.392691951667434,3.480979395490642,8,5.73e-05,0
4778.261,4778.123409062025,4778.0283402864225,4778.172553068505,59.827005383248924,0.05250196388897166,-0.014113368483129378,0.06661533237210104,4777.439020280517,4777.92995,4778.420879719482,0.00020549891882892297,0.006928732808246526,0.0033459812990955934,0.017202486835343478,0.0013988495745414008,-0.0008399989215680686,0.002657941363737315,0.010779141461281228,0.11700000000018917,2.448649517483581e-05,0.8,0.6,1.546665561353855e-05,1.6994808457260203e-05,0.001841330578820503,16.392691951667434,3.480979395490642,5,5.37e-05,0
4778.261,4778.123409062025,4778.0283402864225,4778.172553068505,59.827005383248924,0.05250196388897166,-0.014113368483129378,0.06661533237210104,4777.439020280517,4777.92995,4778.420879719482,0.00020549891882892297,0.006928732808246526,0.0033459812990955934,0.017202486835343478,0.0013988495745414008,-0.0008399989215680686,0.002657941363737315,0.010779141461281228,0.11700000000018917,2.448649517483581e-05,0.8,0.6,1.546665561353855e-05,1.6994808457260203e-05,0.001841330578820503,16.392691951667434,3.480979395490642,3,5.11e-05,0
4778.327,4778.256117081445,4778.143612094527,4778.199499620901,59.942017131024194,0.09469724768041488,0.05387274063635386,0.040824507044061015,4777.470808796661,4778.0398000000005,4778.60879120334,0.00023816930254095614,0.006010833145419947,0.005897277506116845,0.017918221238086507,0.0016574082484375635,0.0002585586738961627,0.0013812556492798223,0.004039233725983138,0.030000000000654836,6.278387467473223e-06,0.6,0.7,1.3456838208159016e-05,1.475516803680632e-05,0.0018541740132881005,14.198957585084674,2.315698400528081,15,6.13e-05,0
4778.327,4778.256117081445,4778.143612094527,4778.199499620901,59.942017131024194,0.09469724768041488,0.05387274063635386,0.040824507044061015,4777.470808796661,4778.0398000000005,4778.60879120334,0.00023816930254095614,0.006010833145419947,0.005897277506116845,0.017918221238086507,0.0016574082484375635,0.0002585586738961627,0.0013812556492798223,0.004039233725983138,0.030000000000654836,6.278387467473223e-06,0.6,0.7,1.3456838208159016e-05,1.475516803680632e-05,0.0018541740132881005,14.198957585084674,2.315698400528081,8,5.73e-05,0
4778.327,4778.256117081445,4778.143612094527,4778.199499620901,59.942017131024194,0.09469724768041488,0.05387274063635386,0.040824507044061015,4777.470808796661,4778.0398000000005,4778.60879120334,0.00023816930254095614,0.006010833145419947,0.005897277506116845,0.017918221238086507,0.0016574082484375635,0.0002585586738961627,0.0013812556492798223,0.004039233725983138,0.030000000000654836,6.278387467473223e-06,0.6,0.7,1.3456838208159016e-05,1.475516803680632e-05,0.0018541740132881005,14.198957585084674,2.315698400528081,5,5.37e-05,0
4778.327,4778.256117081445,4778.143612094527,4778.199499620901,59.942017131024194,0.09469724768041488,0.05387274063635386,0.040824507044061015,4777.470808796661,4778.0398000000005,4778.60879120334,0.00023816930254095614,0.006010833145419947,0.005897277506116845,0.017918221238086507,0.0016574082484375635,0.0002585586738961627,0.0013812556492798223,0.004039233725983138,0.030000000000654836,6.278387467473223e-06,0.6,0.7,1.3456838208159016e-05,1.475516803680632e-05,0.0018541740132881005,14.198957585084674,2.315698400528081,3,5.11e-05,0
4778.327,4778.256117081445,4778.143612094527,4778.199499620901,59.942017131024194,0.09469724768041488,0.05387274063635386,0.040824507044061015,4777.470808796661,4778.0398000000005,4778.60879120334,0.00023816930254095614,0.006010833145419947,0.005897277506116845,0.017918221238086507,0.0016574082484375635,0.0002585586738961627,0.0013812556492798223,0.004039233725983138,0.030000000000654836,6.278387467473223e-06,0.6,0.7,1.3456838208159016e-05,1.475516803680632e-05,0.0018541740132881005,14.198957585084674,2.315698400528081,2,4.8599999999999995e-05,0
4778.134,4778.25738717911,4778.224778610502,4778.227473550463,47.28919054158949,0.0527863426013937,0.07549985945603015,-0.022713516854636448,4778.084789387838,4778.27815,4778.471510612162,8.093317554650767e-05,-0.00301677707900034,0.0070636489508682145,0.0010299127684973773,0.0025460724052919887,0.0004036737369318196,-0.0033903299418880373,-0.0034112571905775546,-0.1890000000003056,3.955362582230837e-05,0.5,0.55,2.0279031234016198e-05,1.7412105632208518e-05,0.003039880595237945,11.28253767633902,-0.7461844680299958,15,6.13e-05,0
4778.134,4778.25738717911,4778.224778610502,4778.227473550463,47.28919054158949,0.0527863426013937,0.07549985945603015,-0.022713516854636448,4778.084789387838,4778.27815,4778.471510612162,8.093317554650767e-05,-0.00301677707900034,0.0070636489508682145,0.0010299127684973773,0.0025460724052919887,0.0004036737369318196,-0.0033903299418880373,-0.0034112571905775546,-0.1890000000003056,3.955362582230837e-05,0.5,0.55,2.0279031234016198e-05,1.7412105632208518e-05,0.003039880595237945,11.28253767633902,-0.7461844680299958,8,5.73e-05,0
4778.134,4778.25738717911,4778.224778610502,4778.227473550463,47.28919054158949,0.0527863426013937,0.07549985945603015,-0.022713516854636448,4778.084789387838,4778.27815,4778.471510612162,8.093317554650767e-05,-0.00301677707900034,0.0070636489508682145,0.0010299127684973773,0.0025460724052919887,0.0004036737369318196,-0.0033903299418880373,-0.0034112571905775546,-0.1890000000003056,3.955362582230837e-05,0.5,0.55,2.0279031234016198e-05,1.7412105632208518e-05,0.003039880595237945,11.28253767633902,-0.7461844680299958,5,5.37e-05,0
4778.134,4778.25738717911,4778.224778610502,4778.227473550463,47.28919054158949,0.0527863426013937,0.07549985945603015,-0.022713516854636448,4778.084789387838,4778.27815,4778.471510612162,8.093317554650767e-05,-0.00301677707900034,0.0070636489508682145,0.0010299127684973773,0.0025460724052919887,0.0004036737369318196,-0.0033903299418880373,-0.0034112571905775546,-0.1890000000003056,3.955362582230837e-05,0.5,0.55,2.0279031234016198e-05,1.7412105632208518e-05,0.003039880595237945,11.28253767633902,-0.7461844680299958,3,5.11e-05,0
4778.134,4778.25738717911,4778.224778610502,4778.227473550463,47.28919054158949,0.0527863426013937,0.07549985945603015,-0.022713516854636448,4778.084789387838,4778.27815,4778.471510612162,8.093317554650767e-05,-0.00301677707900034,0.0070636489508682145,0.0010299127684973773,0.0025460724052919887,0.0004036737369318196,-0.0033903299418880373,-0.0034112571905775546,-0.1890000000003056,3.955362582230837e-05,0.5,0.55,2.0279031234016198e-05,1.7412105632208518e-05,0.003039880595237945,11.28253767633902,-0.7461844680299958,2,4.8599999999999995e-05,0
4777.342,4777.858555388565,4778.019902063951,4778.136820832255,29.15540005091451,-0.11326319178897393,-0.00415105656071553,-0.1091121352282584,4777.557389074788,4778.159750000001,4778.762110925213,0.00025213092769133617,-0.017114329423604337,0.029725963207438807,-0.004508554647932219,0.0034704650257512512,0.0010825929476980527,-0.020530215307767996,-0.024610140633563038,-0.3470000000006621,7.262925652984364e-05,0.2,0.45,3.5076925353560996e-05,2.452840679452728e-05,0.0033692068877282703,10.1660758588524,-4.088192429746865,2,4.8599999999999995e-05,1
4777.342,4777.858555388565,4778.019902063951,4778.136820832255,29.15540005091451,-0.11326319178897393,-0.00415105656071553,-0.1091121352282584,4777.557389074788,4778.159750000001,4778.762110925213,0.00025213092769133617,-0.017114329423604337,0.029725963207438807,-0.004508554647932219,0.0034704650257512512,0.0010825929476980527,-0.020530215307767996,-0.024610140633563038,-0.3470000000006621,7.262925652984364e-05,0.2,0.45,3.5076925353560996e-05,2.452840679452728e-05,0.0033692068877282703,10.1660758588524,-4.088192429746865,3,5.11e-05,1
4777.542,4777.434866427547,4777.582257084511,4777.856934990647,45.11854649438954,-0.18479365749772114,-0.19762885944433978,0.012835201946618635,4776.82105865495,4777.621450000001,4778.421841345051,0.00033505850282476,-0.0016629613884578272,0.018416192783871046,0.015090214697224023,0.0029973729451235414,-0.0004618220837526777,0.004960956020183538,0.0034537780878585167,0.030000000000654836,6.2794190784920545e-06,0.7,0.5,1.5761938212088823e-05,2.346284833656398e-05,0.001350291736671391,11.730803563836295,-0.2811210480058023,2,4.8599999999999995e-05,1
4777.542,4777.434866427547,4777.582257084511,4777.856934990647,45.11854649438954,-0.18479365749772114,-0.19762885944433978,0.012835201946618635,4776.82105865495,4777.621450000001,4778.421841345051,0.00033505850282476,-0.0016629613884578272,0.018416192783871046,0.015090214697224023,0.0029973729451235414,-0.0004618220837526777,0.004960956020183538,0.0034537780878585167,0.030000000000654836,6.2794190784920545e-06,0.7,0.5,1.5761938212088823e-05,2.346284833656398e-05,0.001350291736671391,11.730803563836295,-0.2811210480058023,3,5.11e-05,1
4777.456,4777.433354513631,4777.554441740383,4777.823958059416,42.997137796115005,-0.16372549034531403,-0.1874930093798527,0.023767519034538664,4776.872973791917,4777.53545,4778.197926208084,0.0002773296880858172,-0.001662991323281107,0.015529733985700678,0.01220369602741581,0.002858812294591802,-0.0006094279643679571,0.002679321997556272,0.005170382957930819,0.056999999999789,1.1931178450774738e-05,0.7,0.55,1.4045462482348281e-05,2.544088888173923e-05,0.0022874781774462976,12.824337821369106,-0.7207555533877197,2,4.8599999999999995e-05,1
4777.342,4777.858555388565,4778.019902063951,4778.136820832255,29.15540005091451,-0.11326319178897393,-0.00415105656071553,-0.1091121352282584,4777.557389074788,4778.159750000001,4778.762110925213,0.00025213092769133617,-0.017114329423604337,0.029725963207438807,-0.004508554647932219,0.0034704650257512512,0.0010825929476980527,-0.020530215307767996,-0.024610140633563038,-0.3470000000006621,7.262925652984364e-05,0.2,0.45,3.5076925353560996e-05,2.452840679452728e-05,0.0033692068877282703,10.1660758588524,-4.088192429746865,5,5.37e-05,1
4777.456,4777.433354513631,4777.554441740383,4777.823958059416,42.997137796115005,-0.16372549034531403,-0.1874930093798527,0.023767519034538664,4776.872973791917,4777.53545,4778.197926208084,0.0002773296880858172,-0.001662991323281107,0.015529733985700678,0.01220369602741581,0.002858812294591802,-0.0006094279643679571,0.002679321997556272,0.005170382957930819,0.056999999999789,1.1931178450774738e-05,0.7,0.55,1.4045462482348281e-05,2.544088888173923e-05,0.0022874781774462976,12.824337821369106,-0.7207555533877197,3,5.11e-05,1
4777.451,4777.439066888724,4777.535332127615,4777.795129296678,42.885466063674485,-0.14154981166848302,-0.17269661212866788,0.031146800460184865,4777.000603109623,4777.45715,4777.913696890378,0.00019112547786115348,-0.00012872956903782018,0.00968501592957476,0.009427556460072655,0.0020480622045415363,-0.001307587263865621,-0.001276815212603033,0.004333042231041695,0.0039999999999054126,8.372672684053839e-07,0.7,0.55,1.0696181202562994e-05,2.216562148307788e-05,0.0016196747125662829,11.443055540810004,-0.8618784196562016,2,4.8599999999999995e-05,1
4777.342,4777.858555388565,4778.019902063951,4778.136820832255,29.15540005091451,-0.11326319178897393,-0.00415105656071553,-0.1091121352282584,4777.557389074788,4778.159750000001,4778.762110925213,0.00025213092769133617,-0.017114329423604337,0.029725963207438807,-0.004508554647932219,0.0034704650257512512,0.0010825929476980527,-0.020530215307767996,-0.024610140633563038,-0.3470000000006621,7.262925652984364e-05,0.2,0.45,3.5076925353560996e-05,2.452840679452728e-05,0.0033692068877282703,10.1660758588524,-4.088192429746865,15,6.13e-05,0
4777.342,4777.858555388565,4778.019902063951,4778.136820832255,29.15540005091451,-0.11326319178897393,-0.00415105656071553,-0.1091121352282584,4777.557389074788,4778.159750000001,4778.762110925213,0.00025213092769133617,-0.017114329423604337,0.029725963207438807,-0.004508554647932219,0.0034704650257512512,0.0010825929476980527,-0.020530215307767996,-0.024610140633563038,-0.3470000000006621,7.262925652984364e-05,0.2,0.45,3.5076925353560996e-05,2.452840679452728e-05,0.0033692068877282703,10.1660758588524,-4.088192429746865,8,5.73e-05,0
4777.542,4777.434866427547,4777.582257084511,4777.856934990647,45.11854649438954,-0.18479365749772114,-0.19762885944433978,0.012835201946618635,4776.82105865495,4777.621450000001,4778.421841345051,0.00033505850282476,-0.0016629613884578272,0.018416192783871046,0.015090214697224023,0.0029973729451235414,-0.0004618220837526777,0.004960956020183538,0.0034537780878585167,0.030000000000654836,6.2794190784920545e-06,0.7,0.5,1.5761938212088823e-05,2.346284833656398e-05,0.001350291736671391,11.730803563836295,-0.2811210480058023,15,6.13e-05,0
4777.542,4777.434866427547,4777.582257084511,4777.856934990647,45.11854649438954,-0.18479365749772114,-0.19762885944433978,0.012835201946618635,4776.82105865495,4777.621450000001,4778.421841345051,0.00033505850282476,-0.0016629613884578272,0.018416192783871046,0.015090214697224023,0.0029973729451235414,-0.0004618220837526777,0.004960956020183538,0.0034537780878585167,0.030000000000654836,6.2794190784920545e-06,0.7,0.5,1.5761938212088823e-05,2.346284833656398e-05,0.001350291736671391,11.730803563836295,-0.2811210480058023,8,5.73e-05,0
4777.542,4777.434866427547,4777.582257084511,4777.856934990647,45.11854649438954,-0.18479365749772114,-0.19762885944433978,0.012835201946618635,4776.82105865495,4777.621450000001,4778.421841345051,0.00033505850282476,-0.0016629613884578272,0.018416192783871046,0.015090214697224023,0.0029973729451235414,-0.0004618220837526777,0.004960956020183538,0.0034537780878585167,0.030000000000654836,6.2794190784920545e-06,0.7,0.5,1.5761938212088823e-05,2.346284833656398e-05,0.001350291736671391,11.730803563836295,-0.2811210480058023,5,5.37e-05,0
4777.456,4777.433354513631,4777.554441740383,4777.823958059416,42.997137796115005,-0.16372549034531403,-0.1874930093798527,0.023767519034538664,4776.872973791917,4777.53545,4778.197926208084,0.0002773296880858172,-0.001662991323281107,0.015529733985700678,0.01220369602741581,0.002858812294591802,-0.0006094279643679571,0.002679321997556272,0.005170382957930819,0.056999999999789,1.1931178450774738e-05,0.7,0.55,1.4045462482348281e-05,2.544088888173923e-05,0.0022874781774462976,12.824337821369106,-0.7207555533877197,15,6.13e-05,0
4777.456,4777.433354513631,4777.554441740383,4777.823958059416,42.997137796115005,-0.16372549034531403,-0.1874930093798527,0.023767519034538664,4776.872973791917,4777.53545,4778.197926208084,0.0002773296880858172,-0.001662991323281107,0.015529733985700678,0.01220369602741581,0.002858812294591802,-0.0006094279643679571,0.002679321997556272,0.005170382957930819,0.056999999999789,1.1931178450774738e-05,0.7,0.55,1.4045462482348281e-05,2.544088888173923e-05,0.0022874781774462976,12.824337821369106,-0.7207555533877197,8,5.73e-05,0
4777.456,4777.433354513631,4777.554441740383,4777.823958059416,42.997137796115005,-0.16372549034531403,-0.1874930093798527,0.023767519034538664,4776.872973791917,4777.53545,4778.197926208084,0.0002773296880858172,-0.001662991323281107,0.015529733985700678,0.01220369602741581,0.002858812294591802,-0.0006094279643679571,0.002679321997556272,0.005170382957930819,0.056999999999789,1.1931178450774738e-05,0.7,0.55,1.4045462482348281e-05,2.544088888173923e-05,0.0022874781774462976,12.824337821369106,-0.7207555533877197,5,5.37e-05,0
4777.451,4777.439066888724,4777.535332127615,4777.795129296678,42.885466063674485,-0.14154981166848302,-0.17269661212866788,0.031146800460184865,4777.000603109623,4777.45715,4777.913696890378,0.00019112547786115348,-0.00012872956903782018,0.00968501592957476,0.009427556460072655,0.0020480622045415363,-0.001307587263865621,-0.001276815212603033,0.004333042231041695,0.0039999999999054126,8.372672684053839e-07,0.7,0.55,1.0696181202562994e-05,2.216562148307788e-05,0.0016196747125662829,11.443055540810004,-0.8618784196562016,15,6.13e-05,0
4777.451,4777.439066888724,4777.535332127615,4777.795129296678,42.885466063674485,-0.14154981166848302,-0.17269661212866788,0.031146800460184865,4777.000603109623,4777.45715,4777.913696890378,0.00019112547786115348,-0.00012872956903782018,0.00968501592957476,0.009427556460072655,0.0020480622045415363,-0.001307587263865621,-0.001276815212603033,0.004333042231041695,0.0039999999999054126,8.372672684053839e-07,0.7,0.55,1.0696181202562994e-05,2.216562148307788e-05,0.0016196747125662829,11.443055540810004,-0.8618784196562016,8,5.73e-05,0
4777.451,4777.439066888724,4777.535332127615,4777.795129296678,42.885466063674485,-0.14154981166848302,-0.17269661212866788,0.031146800460184865,4777.000603109623,4777.45715,4777.913696890378,0.00019112547786115348,-0.00012872956903782018,0.00968501592957476,0.009427556460072655,0.0020480622045415363,-0.001307587263865621,-0.001276815212603033,0.004333042231041695,0.0039999999999054126,8.372672684053839e-07,0.7,0.55,1.0696181202562994e-05,2.216562148307788e-05,0.0016196747125662829,11.443055540810004,-0.8618784196562016,5,5.37e-05,0
4777.451,4777.439066888724,4777.535332127615,4777.795129296678,42.885466063674485,-0.14154981166848302,-0.17269661212866788,0.031146800460184865,4777.000603109623,4777.45715,4777.913696890378,0.00019112547786115348,-0.00012872956903782018,0.00968501592957476,0.009427556460072655,0.0020480622045415363,-0.001307587263865621,-0.001276815212603033,0.004333042231041695,0.0039999999999054126,8.372672684053839e-07,0.7,0.55,1.0696181202562994e-05,2.216562148307788e-05,0.0016196747125662829,11.443055540810004,-0.8618784196562016,3,5.11e-05,0
4777.421,4777.303195326478,4777.403271042925,4777.676075575492,48.14661724149781,-0.14017559055992024,-0.1585138081144555,0.01833821755453527,4777.0726370349375,4777.3274,4777.582162965063,0.00010665501596670231,0.001959254456794218,0.003373430247458427,0.007291862388990494,0.002951554573413595,0.0003528554464229984,0.005442563062030281,-0.002532683124500945,0.29100000000016735,6.0915235716940686e-05,0.5,0.6,2.4595458086373868e-05,2.0178698149231344e-05,0.003476433659126817,10.981804070883378,0.12573044953772805,15,6.13e-05,0
4777.421,4777.303195326478,4777.403271042925,4777.676075575492,48.14661724149781,-0.14017559055992024,-0.1585138081144555,0.01833821755453527,4777.0726370349375,4777.3274,4777.582162965063,0.00010665501596670231,0.001959254456794218,0.003373430247458427,0.007291862388990494,0.002951554573413595,0.0003528554464229984,0.005442563062030281,-0.002532683124500945,0.29100000000016735,6.0915235716940686e-05,0.5,0.6,2.4595458086373868e-05,2.0178698149231344e-05,0.003476433659126817,10.981804070883378,0.12573044953772805,8,5.73e-05,0
4777.421,4777.303195326478,4777.403271042925,4777.676075575492,48.14661724149781,-0.14017559055992024,-0.1585138081144555,0.01833821755453527,4777.0726370349375,4777.3274,4777.582162965063,0.00010665501596670231,0.001959254456794218,0.003373430247458427,0.007291862388990494,0.002951554573413595,0.0003528554464229984,0.005442563062030281,-0.002532683124500945,0.29100000000016735,6.0915235716940686e-05,0.5,0.6,2.4595458086373868e-05,2.0178698149231344e-05,0.003476433659126817,10.981804070883378,0.12573044953772805,5,5.37e-05,0
4777.421,4777.303195326478,4777.403271042925,4777.676075575492,48.14661724149781,-0.14017559055992024,-0.1585138081144555,0.01833821755453527,4777.0726370349375,4777.3274,4777.582162965063,0.00010665501596670231,0.001959254456794218,0.003373430247458427,0.007291862388990494,0.002951554573413595,0.0003528554464229984,0.005442563062030281,-0.002532683124500945,0.29100000000016735,6.0915235716940686e-05,0.5,0.6,2.4595458086373868e-05,2.0178698149231344e-05,0.003476433659126817,10.981804070883378,0.12573044953772805,3,5.11e-05,0
4777.421,4777.303195326478,4777.403271042925,4777.676075575492,48.14661724149781,-0.14017559055992024,-0.1585138081144555,0.01833821755453527,4777.0726370349375,4777.3274,4777.582162965063,0.00010665501596670231,0.001959254456794218,0.003373430247458427,0.007291862388990494,0.002951554573413595,0.0003528554464229984,0.005442563062030281,-0.002532683124500945,0.29100000000016735,6.0915235716940686e-05,0.5,0.6,2.4595458086373868e-05,2.0178698149231344e-05,0.003476433659126817,10.981804070883378,0.12573044953772805,2,4.8599999999999995e-05,0
4777.573,4777.464669507666,4777.454440769638,4777.6414939924,53.55842104744054,-0.03564944848403684,-0.08880446399698921,0.053155015512952375,4777.123817088135,4777.3981,4777.6723829118655,0.00011482522750831966,0.003660988603817204,0.002080196615837737,0.009401905776534165,0.002784580290725212,-0.0001697156572606556,0.0025327308364353485,0.006886815913120792,0.046000000000276486,9.628412356521565e-06,0.6,0.6,1.8901929179693244e-05,1.782369837944886e-05,0.0014464216846013297,17.88684671737238,0.8912079917892476,15,6.13e-05,0
4777.573,4777.464669507666,4777.454440769638,4777.6414939924,53.55842104744054,-0.03564944848403684,-0.08880446399698921,0.053155015512952375,4777.123817088135,4777.3981,4777.6723829118655,0.00011482522750831966,0.003660988603817204,0.002080196615837737,0.009401905776534165,0.002784580290725212,-0.0001697156572606556,0.0025327308364353485,0.006886815913120792,0.046000000000276486,9.628412356521565e-06,0.6,0.6,1.8901929179693244e-05,1.782369837944886e-05,0.0014464216846013297,17.88684671737238,0.8912079917892476,8,5.73e-05,0
4777.573,4777.464669507666,4777.454440769638,4777.6414939924,53.55842104744054,-0.03564944848403684,-0.08880446399698921,0.053155015512952375,4777.123817088135,4777.3981,4777.6723829118655,0.00011482522750831966,0.003660988603817204,0.002080196615837737,0.009401905776534165,0.002784580290725212,-0.0001697156572606556,0.0025327308364353485,0.006886815913120792,0.046000000000276486,9.628412356521565e-06,0.6,0.6,1.8901929179693244e-05,1.782369837944886e-05,0.0014464216846013297,17.88684671737238,0.8912079917892476,5,5.37e-05,0
4777.573,4777.464669507666,4777.454440769638,4777.6414939924,53.55842104744054,-0.03564944848403684,-0.08880446399698921,0.053155015512952375,4777.123817088135,4777.3981,4777.6723829118655,0.00011482522750831966,0.003660988603817204,0.002080196615837737,0.009401905776534165,0.002784580290725212,-0.0001697156572606556,0.0025327308364353485,0.006886815913120792,0.046000000000276486,9.628412356521565e-06,0.6,0.6,1.8901929179693244e-05,1.782369837944886e-05,0.0014464216846013297,17.88684671737238,0.8912079917892476,3,5.11e-05,0
4777.573,4777.464669507666,4777.454440769638,4777.6414939924,53.55842104744054,-0.03564944848403684,-0.08880446399698921,0.053155015512952375,4777.123817088135,4777.3981,4777.6723829118655,0.00011482522750831966,0.003660988603817204,0.002080196615837737,0.009401905776534165,0.002784580290725212,-0.0001697156572606556,0.0025327308364353485,0.006886815913120792,0.046000000000276486,9.628412356521565e-06,0.6,0.6,1.8901929179693244e-05,1.782369837944886e-05,0.0014464216846013297,17.88684671737238,0.8912079917892476,2,4.8599999999999995e-05,0
4778.197,4777.791441363419,4777.6369207202215,4777.682692005638,72.36649366913379,0.10596455014365347,0.009760776090803882,0.09620377405284959,4776.95971676154,4777.514300000001,4778.068883238461,0.00023216392610714282,0.014289857803238513,-0.0026812783470182735,0.02589435384225253,0.002609076127492184,-0.00017643422981759816,0.013333165883833153,0.013333165883833153,0.09500000000025466,1.9882371703250357e-05,0.7,0.65,1.7267663089715056e-05,2.0293168644558435e-05,0.0024583254674417384,19.213380376828724,4.49313650353395,15,6.13e-05,0
4778.197,4777.791441363419,4777.6369207202215,4777.682692005638,72.36649366913379,0.10596455014365347,0.009760776090803882,0.09620377405284959,4776.95971676154,4777.514300000001,4778.068883238461,0.00023216392610714282,0.014289857803238513,-0.0026812783470182735,0.02589435384225253,0.002609076127492184,-0.00017643422981759816,0.013333165883833153,0.013333165883833153,0.09500000000025466,1.9882371703250357e-05,0.7,0.65,1.7267663089715056e-05,2.0293168644558435e-05,0.0024583254674417384,19.213380376828724,4.49313650353395,8,5.73e-05,0
4778.197,4777.791441363419,4777.6369207202215,4777.682692005638,72.36649366913379,0.10596455014365347,0.009760776090803882,0.09620377405284959,4776.95971676154,4777.514300000001,4778.068883238461,0.00023216392610714282,0.014289857803238513,-0.0026812783470182735,0.02589435384225253,0.002609076127492184,-0.00017643422981759816,0.013333165883833153,0.013333165883833153,0.09500000000025466,1.9882371703250357e-05,0.7,0.65,1.7267663089715056e-05,2.0293168644558435e-05,0.0024583254674417384,19.213380376828724,4.49313650353395,5,5.37e-05,0
4778.197,4777.791441363419,4777.6369207202215,4777.682692005638,72.36649366913379,0.10596455014365347,0.009760776090803882,0.09620377405284959,4776.95971676154,4777.514300000001,4778.068883238461,0.00023216392610714282,0.014289857803238513,-0.0026812783470182735,0.02589435384225253,0.002609076127492184,-0.00017643422981759816,0.013333165883833153,0.013333165883833153,0.09500000000025466,1.9882371703250357e-05,0.7,0.65,1.7267663089715056e-05,2.0293168644558435e-05,0.0024583254674417384,19.213380376828724,4.49313650353395,3,5.11e-05,0
4778.197,4777.791441363419,4777.6369207202215,4777.682692005638,72.36649366913379,0.10596455014365347,0.009760776090803882,0.09620377405284959,4776.95971676154,4777.514300000001,4778.068883238461,0.00023216392610714282,0.014289857803238513,-0.0026812783470182735,0.02589435384225253,0.002609076127492184,-0.00017643422981759816,0.013333165883833153,0.013333165883833153,0.09500000000025466,1.9882371703250357e-05,0.7,0.65,1.7267663089715056e-05,2.0293168644558435e-05,0.0024583254674417384,19.213380376828724,4.49313650353395,2,4.8599999999999995e-05,0
4778.062,4777.973421425966,4777.805264379216,4777.752205585153,62.2195207959992,0.15492044542497752,0.10255994088319038,0.05236050454178713,4777.065370147619,4777.70715,4778.348929852381,0.0002686560026521301,0.00742720281630729,0.006005151301532625,0.02085845374924949,0.0024124045202363175,-0.0001966716072558665,-0.002825333488765125,0.010507455688668621,-0.04500000000007276,9.417955688317825e-06,0.6,0.6,2.252038178077731e-05,2.0145966689116834e-05,0.00238788126081876,17.11474347565614,2.2274478803445423,15,6.13e-05,0
4778.062,4777.973421425966,4777.805264379216,4777.752205585153,62.2195207959992,0.15492044542497752,0.10255994088319038,0.05236050454178713,4777.065370147619,4777.70715,4778.348929852381,0.0002686560026521301,0.00742720281630729,0.006005151301532625,0.02085845374924949,0.0024124045202363175,-0.0001966716072558665,-0.002825333488765125,0.010507455688668621,-0.04500000000007276,9.417955688317825e-06,0.6,0.6,2.252038178077731e-05,2.0145966689116834e-05,0.00238788126081876,17.11474347565614,2.2274478803445423,8,5.73e-05,0
4778.062,4777.973421425966,4777.805264379216,4777.752205585153,62.2195207959992,0.15492044542497752,0.10255994088319038,0.05236050454178713,4777.065370147619,4777.70715,4778.348929852381,0.0002686560026521301,0.00742720281630729,0.006005151301532625,0.02085845374924949,0.0024124045202363175,-0.0001966716072558665,-0.002825333488765125,0.010507455688668621,-0.04500000000007276,9.417955688317825e-06,0.6,0.6,2.252038178077731e-05,2.0145966689116834e-05,0.00238788126081876,17.11474347565614,2.2274478803445423,5,5.37e-05,0
4778.062,4777.973421425966,4777.805264379216,4777.752205585153,62.2195207959992,0.15492044542497752,0.10255994088319038,0.05236050454178713,4777.065370147619,4777.70715,4778.348929852381,0.0002686560026521301,0.00742720281630729,0.006005151301532625,0.02085845374924949,0.0024124045202363175,-0.0001966716072558665,-0.002825333488765125,0.010507455688668621,-0.04500000000007276,9.417955688317825e-06,0.6,0.6,2.252038178077731e-05,2.0145966689116834e-05,0.00238788126081876,17.11474347565614,2.2274478803445423,3,5.11e-05,0
4778.062,4777.973421425966,4777.805264379216,4777.752205585153,62.2195207959992,0.15492044542497752,0.10255994088319038,0.05236050454178713,4777.065370147619,4777.70715,4778.348929852381,0.0002686560026521301,0.00742720281630729,0.006005151301532625,0.02085845374924949,0.0024124045202363175,-0.0001966716072558665,-0.002825333488765125,0.010507455688668621,-0.04500000000007276,9.417955688317825e-06,0.6,0.6,2.252038178077731e-05,2.0145966689116834e-05,0.00238788126081876,17.11474347565614,2.2274478803445423,2,4.8599999999999995e-05,0
4778.569,4778.291825354289,4778.06398968348,4777.882948393566,73.4831519784156,0.230395465689071,0.1768911843390903,0.0535042813499807,4777.322665526692,4777.99815,4778.673634473309,0.0002827479007327129,0.011947472185606937,0.0021896612418608767,0.026081751112282923,0.002707978702362787,0.0003110025094261305,0.009752824499598134,0.00801559420249287,0.10500000000047294,2.1973588165691282e-05,0.6,0.65,2.13261546723853e-05,1.8606164374940225e-05,0.0022214108063670487,15.409412863808285,3.9030403765043857,2,4.8599999999999995e-05,1
4778.569,4778.291825354289,4778.06398968348,4777.882948393566,73.4831519784156,0.230395465689071,0.1768911843390903,0.0535042813499807,4777.322665526692,4777.99815,4778.673634473309,0.0002827479007327129,0.011947472185606937,0.0021896612418608767,0.026081751112282923,0.002707978702362787,0.0003110025094261305,0.009752824499598134,0.00801559420249287,0.10500000000047294,2.1973588165691282e-05,0.6,0.65,2.13261546723853e-05,1.8606164374940225e-05,0.0022214108063670487,15.409412863808285,3.9030403765043857,3,5.11e-05,1
4778.688,4778.489742452095,4778.26521487967,4778.007504677537,72.11672891199302,0.24892628091220104,0.2208263366868956,0.02809994422530543,4777.6829943227085,4778.2517,4778.820405677291,0.00023803922982595962,0.0091309547381169,0.002770753756909634,0.021030995898698394,0.0021530449742767793,-0.0005549337280860078,0.002490285271594672,0.012243352644336625,0.05199999999967986,1.0881766261183756e-05,0.8,0.7,1.9692892887190895e-05,2.0865883606108195e-05,0.0022313639324759013,11.827978821052314,4.109569609172697,2,4.8599999999999995e-05,1
4775.206,4775.42658071118,4775.572156840372,4775.882945060373,32.729363787594565,-0.16190452906994324,-0.13073193775569608,-0.031172591314247156,4775.218367815086,4775.579299999999,4775.940232184913,0.00015115744593059469,-0.007816852711445707,0.015375926921535915,-0.0002590006606161353,0.00197189105420099,-0.00024598853817159967,-0.01015559842543201,-0.010511530436940753,-0.05500000000029104,1.151769505380873e-05,0.3,0.35,1.679368995145536e-05,1.9316778728689642e-05,0.0015994625834705703,31.611298005571086,-3.8882915687202275,2,4.8599999999999995e-05,1
4775.206,4775.42658071118,4775.572156840372,4775.882945060373,32.729363787594565,-0.16190452906994324,-0.13073193775569608,-0.031172591314247156,4775.218367815086,4775.579299999999,4775.940232184913,0.00015115744593059469,-0.007816852711445707,0.015375926921535915,-0.0002590006606161353,0.00197189105420099,-0.00024598853817159967,-0.01015559842543201,-0.010511530436940753,-0.05500000000029104,1.151769505380873e-05,0.3,0.35,1.679368995145536e-05,1.9316778728689642e-05,0.0015994625834705703,31.611298005571086,-3.8882915687202275,3,5.11e-05,1
4775.206,4775.42658071118,4775.572156840372,4775.882945060373,32.729363787594565,-0.16190452906994324,-0.13073193775569608,-0.031172591314247156,4775.218367815086,4775.579299999999,4775.940232184913,0.00015115744593059469,-0.007816852711445707,0.015375926921535915,-0.0002590006606161353,0.00197189105420099,-0.00024598853817159967,-0.01015559842543201,-0.010511530436940753,-0.05500000000029104,1.151769505380873e-05,0.3,0.35,1.679368995145536e-05,1.9316778728689642e-05,0.0015994625834705703,31.611298005571086,-3.8882915687202275,5,5.37e-05,1
4775.206,4775.42658071118,4775.572156840372,4775.882945060373,32.729363787594565,-0.16190452906994324,-0.13073193775569608,-0.031172591314247156,4775.218367815086,4775.579299999999,4775.940232184913,0.00015115744593059469,-0.007816852711445707,0.015375926921535915,-0.0002590006606161353,0.00197189105420099,-0.00024598853817159967,-0.01015559842543201,-0.010511530436940753,-0.05500000000029104,1.151769505380873e-05,0.3,0.35,1.679368995145536e-05,1.9316778728689642e-05,0.0015994625834705703,31.611298005571086,-3.8882915687202275,15,6.13e-05,0
4775.206,4775.42658071118,4775.572156840372,4775.882945060373,32.729363787594565,-0.16190452906994324,-0.13073193775569608,-0.031172591314247156,4775.218367815086,4775.579299999999,4775.940232184913,0.00015115744593059469,-0.007816852711445707,0.015375926921535915,-0.0002590006606161353,0.00197189105420099,-0.00024598853817159967,-0.01015559842543201,-0.010511530436940753,-0.05500000000029104,1.151769505380873e-05,0.3,0.35,1.679368995145536e-05,1.9316778728689642e-05,0.0015994625834705703,31.611298005571086,-3.8882915687202275,8,5.73e-05,0
4774.78,4774.808817869982,4774.908113722461,4774.983878297095,41.31182345807536,-0.09531409118972078,-0.06857599606129487,-0.026738095128425912,4774.575548285734,4774.9325,4775.289451714266,0.0001495106849221264,-0.003193762424916908,0.010669637433894466,0.004281908575176555,0.0018380697661123655,-0.0012436394800705928,0.0005864178914238849,-0.0040000242933380115,0.028999999999541615,6.073615147483835e-06,0.4,0.45,9.152061272466039e-06,2.0146383388514044e-05,0.0007757006152152711,20.259945013271768,-1.4597169131632206,15,6.13e-05,0
4774.78,4774.808817869982,4774.908113722461,4774.983878297095,41.31182345807536,-0.09531409118972078,-0.06857599606129487,-0.026738095128425912,4774.575548285734,4774.9325,4775.289451714266,0.0001495106849221264,-0.003193762424916908,0.010669637433894466,0.004281908575176555,0.0018380697661123655,-0.0012436394800705928,0.0005864178914238849,-0.0040000242933380115,0.028999999999541615,6.073615147483835e-06,0.4,0.45,9.152061272466039e-06,2.0146383388514044e-05,0.0007757006152152711,20.259945013271768,-1.4597169131632206,8,5.73e-05,0
4774.78,4774.808817869982,4774.908113722461,4774.983878297095,41.31182345807536,-0.09531409118972078,-0.06857599606129487,-0.026738095128425912,4774.575548285734,4774.9325,4775.289451714266,0.0001495106849221264,-0.003193762424916908,0.010669637433894466,0.004281908575176555,0.0018380697661123655,-0.0012436394800705928,0.0005864178914238849,-0.0040000242933380115,0.028999999999541615,6.073615147483835e-06,0.4,0.45,9.152061272466039e-06,2.0146383388514044e-05,0.0007757006152152711,20.259945013271768,-1.4597169131632206,5,5.37e-05,0
4774.78,4774.808817869982,4774.908113722461,4774.983878297095,41.31182345807536,-0.09531409118972078,-0.06857599606129487,-0.026738095128425912,4774.575548285734,4774.9325,4775.289451714266,0.0001495106849221264,-0.003193762424916908,0.010669637433894466,0.004281908575176555,0.0018380697661123655,-0.0012436394800705928,0.0005864178914238849,-0.0040000242933380115,0.028999999999541615,6.073615147483835e-06,0.4,0.45,9.152061272466039e-06,2.0146383388514044e-05,0.0007757006152152711,20.259945013271768,-1.4597169131632206,3,5.11e-05,0
4774.78,4774.808817869982,4774.908113722461,4774.983878297095,41.31182345807536,-0.09531409118972078,-0.06857599606129487,-0.026738095128425912,4774.575548285734,4774.9325,4775.289451714266,0.0001495106849221264,-0.003193762424916908,0.010669637433894466,0.004281908575176555,0.0018380697661123655,-0.0012436394800705928,0.0005864178914238849,-0.0040000242933380115,0.028999999999541615,6.073615147483835e-06,0.4,0.45,9.152061272466039e-06,2.0146383388514044e-05,0.0007757006152152711,20.259945013271768,-1.4597169131632206,2,4.8599999999999995e-05,0
4772.977,4773.221897609962,4773.3696068550125,4773.674163575034,27.36298878073947,-0.16769702287001564,-0.14433014283736756,-0.023366880032648085,4773.033323339235,4773.3956,4773.757876660765,0.00015178991691575667,-0.008769438677992025,0.01636036923632753,-0.0011800463156422135,0.001829190030522156,-6.047488164446623e-05,-0.0058869644171788416,-0.013365133132858809,-0.16899999999986903,3.5406417486449904e-05,0.4,0.4,1.7723379612311074e-05,1.3858032932734243e-05,0.0016763883903163283,19.970566683722268,-4.496493696973219,2,4.8599999999999995e-05,1
4772.977,4773.221897609962,4773.3696068550125,4773.674163575034,27.36298878073947,-0.16769702287001564,-0.14433014283736756,-0.023366880032648085,4773.033323339235,4773.3956,4773.757876660765,0.00015178991691575667,-0.008769438677992025,0.01636036923632753,-0.0011800463156422135,0.001829190030522156,-6.047488164446623e-05,-0.0058869644171788416,-0.013365133132858809,-0.16899999999986903,3.5406417486449904e-05,0.4,0.4,1.7723379612311074e-05,1.3858032932734243e-05,0.0016763883903163283,19.970566683722268,-4.496493696973219,3,5.11e-05,1
4772.977,4773.221897609962,4773.3696068550125,4773.674163575034,27.36298878073947,-0.16769702287001564,-0.14433014283736756,-0.023366880032648085,4773.033323339235,4773.3956,4773.757876660765,0.00015178991691575667,-0.008769438677992025,0.01636036923632753,-0.0011800463156422135,0.001829190030522156,-6.047488164446623e-05,-0.0058869644171788416,-0.013365133132858809,-0.16899999999986903,3.5406417486449904e-05,0.4,0.4,1.7723379612311074e-05,1.3858032932734243e-05,0.0016763883903163283,19.970566683722268,-4.496493696973219,5,5.37e-05,1
4772.977,4773.221897609962,4773.3696068550125,4773.674163575034,27.36298878073947,-0.16769702287001564,-0.14433014283736756,-0.023366880032648085,4773.033323339235,4773.3956,4773.757876660765,0.00015178991691575667,-0.008769438677992025,0.01636036923632753,-0.0011800463156422135,0.001829190030522156,-6.047488164446623e-05,-0.0058869644171788416,-0.013365133132858809,-0.16899999999986903,3.5406417486449904e-05,0.4,0.4,1.7723379612311074e-05,1.3858032932734243e-05,0.0016763883903163283,19.970566683722268,-4.496493696973219,8,5.73e-05,1
4772.977,4773.221897609962,4773.3696068550125,4773.674163575034,27.36298878073947,-0.16769702287001564,-0.14433014283736756,-0.023366880032648085,4773.033323339235,4773.3956,4773.757876660765,0.00015178991691575667,-0.008769438677992025,0.01636036923632753,-0.0011800463156422135,0.001829190030522156,-6.047488164446623e-05,-0.0058869644171788416,-0.013365133132858809,-0.16899999999986903,3.5406417486449904e-05,0.4,0.4,1.7723379612311074e-05,1.3858032932734243e-05,0.0016763883903163283,19.970566683722268,-4.496493696973219,15,6.13e-05,0
4772.593,4772.873857396996,4773.001866433009,4773.301630314579,29.786186424291472,-0.15020508900579443,-0.13355092936383295,-0.016654159641961486,4772.7023721512105,4772.997399999999,4773.292427848788,0.00012362372072055906,-0.008472663320525615,0.014655091033076117,-0.0022916714501040425,0.0018494677552985516,-0.0006713719154883436,-0.009239406214156531,-0.009930721693207634,-0.13699999999971624,2.8704745501983986e-05,0.3,0.35,1.671925784216821e-05,2.1527216903233227e-05,0.002028580695961579,30.60447037888819,-4.631728447054958,3,5.11e-05,0
4772.593,4772.873857396996,4773.001866433009,4773.301630314579,29.786186424291472,-0.15020508900579443,-0.13355092936383295,-0.016654159641961486,4772.7023721512105,4772.997399999999,4773.292427848788,0.00012362372072055906,-0.008472663320525615,0.014655091033076117,-0.0022916714501040425,0.0018494677552985516,-0.0006713719154883436,-0.009239406214156531,-0.009930721693207634,-0.13699999999971624,2.8704745501983986e-05,0.3,0.35,1.671925784216821e-05,2.1527216903233227e-05,0.002028580695961579,30.60447037888819,-4.631728447054958,2,4.8599999999999995e-05,0
4772.593,4772.873857396996,4773.001866433009,4773.301630314579,29.786186424291472,-0.15020508900579443,-0.13355092936383295,-0.016654159641961486,4772.7023721512105,4772.997399999999,4773.292427848788,0.00012362372072055906,-0.008472663320525615,0.014655091033076117,-0.0022916714501040425,0.0018494677552985516,-0.0006713719154883436,-0.009239406214156531,-0.009930721693207634,-0.13699999999971624,2.8704745501983986e-05,0.3,0.35,1.671925784216821e-05,2.1527216903233227e-05,0.002028580695961579,30.60447037888819,-4.631728447054958,5,5.37e-05,1
4772.593,4772.873857396996,4773.001866433009,4773.301630314579,29.786186424291472,-0.15020508900579443,-0.13355092936383295,-0.016654159641961486,4772.7023721512105,4772.997399999999,4773.292427848788,0.00012362372072055906,-0.008472663320525615,0.014655091033076117,-0.0022916714501040425,0.0018494677552985516,-0.0006713719154883436,-0.009239406214156531,-0.009930721693207634,-0.13699999999971624,2.8704745501983986e-05,0.3,0.35,1.671925784216821e-05,2.1527216903233227e-05,0.002028580695961579,30.60447037888819,-4.631728447054958,8,5.73e-05,1
4771.858,4771.963205649627,4772.1694128742665,4772.656045782171,25.668373620977107,-0.2644807529395621,-0.27276937713129146,0.008288624191729377,4771.660839880909,4772.131449999999,4772.6020601190885,0.00019723267224315146,-0.0057301439171122326,0.0155926710117593,0.004131726448917124,0.0015929326002087274,-0.00040425536738861786,-0.003373834010300669,-0.0029337816151553398,0.015000000000327418,3.14343954732621e-06,0.4,0.35,9.513825599338777e-06,1.641751840659178e-05,0.0015755299308386219,27.63286534364039,-4.096597633165332,2,4.8599999999999995e-05,1
4771.858,4771.963205649627,4772.1694128742665,4772.656045782171,25.668373620977107,-0.2644807529395621,-0.27276937713129146,0.008288624191729377,4771.660839880909,4772.131449999999,4772.6020601190885,0.00019723267224315146,-0.0057301439171122326,0.0155926710117593,0.004131726448917124,0.0015929326002087274,-0.00040425536738861786,-0.003373834010300669,-0.0029337816151553398,0.015000000000327418,3.14343954732621e-06,0.4,0.35,9.513825599338777e-06,1.641751840659178e-05,0.0015755299308386219,27.63286534364039,-4.096597633165332,3,5.11e-05,1
4771.755,4771.921564519702,4772.12994498148,4772.620710653458,23.045516317976492,-0.2657185397547437,-0.2713592096559819,0.005640669901238238,4771.675418331037,4772.0827,4772.489981668963,0.0001706934663823621,-0.0068670226523908,0.015402753682093345,0.0016677651925408662,0.001474175688233169,-0.0005325183332547856,-0.006684724503425166,-0.005930380269381086,-0.10300000000006548,2.1584883707737035e-05,0.3,0.35,1.0834090651490324e-05,1.5768251908204744e-05,0.0012844183281801734,29.3613690162539,-5.3297401968653135,2,4.8599999999999995e-05,1
4772.593,4772.873857396996,4773.001866433009,4773.301630314579,29.786186424291472,-0.15020508900579443,-0.13355092936383295,-0.016654159641961486,4772.7023721512105,4772.997399999999,4773.292427848788,0.00012362372072055906,-0.008472663320525615,0.014655091033076117,-0.0022916714501040425,0.0018494677552985516,-0.0006713719154883436,-0.009239406214156531,-0.009930721693207634,-0.13699999999971624,2.8704745501983986e-05,0.3,0.35,1.671925784216821e-05,2.1527216903233227e-05,0.002028580695961579,30.60447037888819,-4.631728447054958,15,6.13e-05,0
4771.858,4771.963205649627,4772.1694128742665,4772.656045782171,25.668373620977107,-0.2644807529395621,-0.27276937713129146,0.008288624191729377,4771.660839880909,4772.131449999999,4772.6020601190885,0.00019723267224315146,-0.0057301439171122326,0.0155926710117593,0.004131726448917124,0.0015929326002087274,-0.00040425536738861786,-0.003373834010300669,-0.0029337816151553398,0.015000000000327418,3.14343954732621e-06,0.4,0.35,9.513825599338777e-06,1.641751840659178e-05,0.0015755299308386219,27.63286534364039,-4.096597633165332,15,6.13e-05,0
4771.858,4771.963205649627,4772.1694128742665,4772.656045782171,25.668373620977107,-0.2644807529395621,-0.27276937713129146,0.008288624191729377,4771.660839880909,4772.131449999999,4772.6020601190885,0.00019723267224315146,-0.0057301439171122326,0.0155926710117593,0.004131726448917124,0.0015929326002087274,-0.00040425536738861786,-0.003373834010300669,-0.0029337816151553398,0.015000000000327418,3.14343954732621e-06,0.4,0.35,9.513825599338777e-06,1.641751840659178e-05,0.0015755299308386219,27.63286534364039,-4.096597633165332,8,5.73e-05,0
4771.858,4771.963205649627,4772.1694128742665,4772.656045782171,25.668373620977107,-0.2644807529395621,-0.27276937713129146,0.008288624191729377,4771.660839880909,4772.131449999999,4772.6020601190885,0.00019723267224315146,-0.0057301439171122326,0.0155926710117593,0.004131726448917124,0.0015929326002087274,-0.00040425536738861786,-0.003373834010300669,-0.0029337816151553398,0.015000000000327418,3.14343954732621e-06,0.4,0.35,9.513825599338777e-06,1.641751840659178e-05,0.0015755299308386219,27.63286534364039,-4.096597633165332,5,5.37e-05,0
4771.755,4771.921564519702,4772.12994498148,4772.620710653458,23.045516317976492,-0.2657185397547437,-0.2713592096559819,0.005640669901238238,4771.675418331037,4772.0827,4772.489981668963,0.0001706934663823621,-0.0068670226523908,0.015402753682093345,0.0016677651925408662,0.001474175688233169,-0.0005325183332547856,-0.006684724503425166,-0.005930380269381086,-0.10300000000006548,2.1584883707737035e-05,0.3,0.35,1.0834090651490324e-05,1.5768251908204744e-05,0.0012844183281801734,29.3613690162539,-5.3297401968653135,15,6.13e-05,0
4771.755,4771.921564519702,4772.12994498148,4772.620710653458,23.045516317976492,-0.2657185397547437,-0.2713592096559819,0.005640669901238238,4771.675418331037,4772.0827,4772.489981668963,0.0001706934663823621,-0.0068670226523908,0.015402753682093345,0.0016677651925408662,0.001474175688233169,-0.0005325183332547856,-0.006684724503425166,-0.005930380269381086,-0.10300000000006548,2.1584883707737035e-05,0.3,0.35,1.0834090651490324e-05,1.5768251908204744e-05,0.0012844183281801734,29.3613690162539,-5.3297401968653135,8,5.73e-05,0
4771.755,4771.921564519702,4772.12994498148,4772.620710653458,23.045516317976492,-0.2657185397547437,-0.2713592096559819,0.005640669901238238,4771.675418331037,4772.0827,4772.489981668963,0.0001706934663823621,-0.0068670226523908,0.015402753682093345,0.0016677651925408662,0.001474175688233169,-0.0005325183332547856,-0.006684724503425166,-0.005930380269381086,-0.10300000000006548,2.1584883707737035e-05,0.3,0.35,1.0834090651490324e-05,1.5768251908204744e-05,0.0012844183281801734,29.3613690162539,-5.3297401968653135,5,5.37e-05,0
4771.755,4771.921564519702,4772.12994498148,4772.620710653458,23.045516317976492,-0.2657185397547437,-0.2713592096559819,0.005640669901238238,4771.675418331037,4772.0827,4772.489981668963,0.0001706934663823621,-0.0068670226523908,0.015402753682093345,0.0016677651925408662,0.001474175688233169,-0.0005325183332547856,-0.006684724503425166,-0.005930380269381086,-0.10300000000006548,2.1584883707737035e-05,0.3,0.35,1.0834090651490324e-05,1.5768251908204744e-05,0.0012844183281801734,29.3613690162539,-5.3297401968653135,3,5.11e-05,0
4771.885,4771.766017869207,4771.820564896992,4772.213483680999,49.414970943103945,-0.1224528967313745,-0.17924707041757315,0.05679417368619866,4771.467396413661,4771.74735,4772.027303586338,0.00011733797529691357,0.002884687513905703,0.0029821252259459334,0.008751333830117084,0.003359169183316834,0.0005412493065265682,0.0023052218514285627,0.009829367215097307,0.14699999999993452,3.0806385430182104e-05,0.6,0.45,2.407971813117582e-05,2.4131670533172887e-05,0.003989263155508692,40.812472703575715,0.4019819431029499,2,4.8599999999999995e-05,1
4771.885,4771.766017869207,4771.820564896992,4772.213483680999,49.414970943103945,-0.1224528967313745,-0.17924707041757315,0.05679417368619866,4771.467396413661,4771.74735,4772.027303586338,0.00011733797529691357,0.002884687513905703,0.0029821252259459334,0.008751333830117084,0.003359169183316834,0.0005412493065265682,0.0023052218514285627,0.009829367215097307,0.14699999999993452,3.0806385430182104e-05,0.6,0.45,2.407971813117582e-05,2.4131670533172887e-05,0.003989263155508692,40.812472703575715,0.4019819431029499,3,5.11e-05,1
4771.885,4771.766017869207,4771.820564896992,4772.213483680999,49.414970943103945,-0.1224528967313745,-0.17924707041757315,0.05679417368619866,4771.467396413661,4771.74735,4772.027303586338,0.00011733797529691357,0.002884687513905703,0.0029821252259459334,0.008751333830117084,0.003359169183316834,0.0005412493065265682,0.0023052218514285627,0.009829367215097307,0.14699999999993452,3.0806385430182104e-05,0.6,0.45,2.407971813117582e-05,2.4131670533172887e-05,0.003989263155508692,40.812472703575715,0.4019819431029499,5,5.37e-05,1
4771.885,4771.766017869207,4771.820564896992,4772.213483680999,49.414970943103945,-0.1224528967313745,-0.17924707041757315,0.05679417368619866,4771.467396413661,4771.74735,4772.027303586338,0.00011733797529691357,0.002884687513905703,0.0029821252259459334,0.008751333830117084,0.003359169183316834,0.0005412493065265682,0.0023052218514285627,0.009829367215097307,0.14699999999993452,3.0806385430182104e-05,0.6,0.45,2.407971813117582e-05,2.4131670533172887e-05,0.003989263155508692,40.812472703575715,0.4019819431029499,15,6.13e-05,0
4771.885,4771.766017869207,4771.820564896992,4772.213483680999,49.414970943103945,-0.1224528967313745,-0.17924707041757315,0.05679417368619866,4771.467396413661,4771.74735,4772.027303586338,0.00011733797529691357,0.002884687513905703,0.0029821252259459334,0.008751333830117084,0.003359169183316834,0.0005412493065265682,0.0023052218514285627,0.009829367215097307,0.14699999999993452,3.0806385430182104e-05,0.6,0.45,2.407971813117582e-05,2.4131670533172887e-05,0.003989263155508692,40.812472703575715,0.4019819431029499,8,5.73e-05,0
4771.758,4771.876101061052,4771.951258858747,4772.006407658171,43.089885286751624,-0.0495560823019332,0.0021756398869283416,-0.051731722188861545,4771.644476709725,4772.07025,4772.496023290275,0.00017844384846395507,-0.006543281713003892,0.01546648615196167,0.002379066379209193,0.0035226197629281116,0.00034369613394645473,-0.004044467346797642,-0.00609800947141137,-0.10900000000037835,2.2842212492601988e-05,0.3,0.3,2.7347015367296114e-05,2.3574643287399553e-05,0.0030258392693717864,21.218615780246125,-1.1496817678423155,2,4.8599999999999995e-05,1
4771.758,4771.876101061052,4771.951258858747,4772.006407658171,43.089885286751624,-0.0495560823019332,0.0021756398869283416,-0.051731722188861545,4771.644476709725,4772.07025,4772.496023290275,0.00017844384846395507,-0.006543281713003892,0.01546648615196167,0.002379066379209193,0.0035226197629281116,0.00034369613394645473,-0.004044467346797642,-0.00609800947141137,-0.10900000000037835,2.2842212492601988e-05,0.3,0.3,2.7347015367296114e-05,2.3574643287399553e-05,0.0030258392693717864,21.218615780246125,-1.1496817678423155,3,5.11e-05,1
4771.758,4771.876101061052,4771.951258858747,4772.006407658171,43.089885286751624,-0.0495560823019332,0.0021756398869283416,-0.051731722188861545,4771.644476709725,4772.07025,4772.496023290275,0.00017844384846395507,-0.006543281713003892,0.01546648615196167,0.002379066379209193,0.0035226197629281116,0.00034369613394645473,-0.004044467346797642,-0.00609800947141137,-0.10900000000037835,2.2842212492601988e-05,0.3,0.3,2.7347015367296114e-05,2.3574643287399553e-05,0.0030258392693717864,21.218615780246125,-1.1496817678423155,5,5.37e-05,1
4771.758,4771.876101061052,4771.951258858747,4772.006407658171,43.089885286751624,-0.0495560823019332,0.0021756398869283416,-0.051731722188861545,4771.644476709725,4772.07025,4772.496023290275,0.00017844384846395507,-0.006543281713003892,0.01546648615196167,0.002379066379209193,0.0035226197629281116,0.00034369613394645473,-0.004044467346797642,-0.00609800947141137,-0.10900000000037835,2.2842212492601988e-05,0.3,0.3,2.7347015367296114e-05,2.3574643287399553e-05,0.0030258392693717864,21.218615780246125,-1.1496817678423155,8,5.73e-05,1
4771.758,4771.876101061052,4771.951258858747,4772.006407658171,43.089885286751624,-0.0495560823019332,0.0021756398869283416,-0.051731722188861545,4771.644476709725,4772.07025,4772.496023290275,0.00017844384846395507,-0.006543281713003892,0.01546648615196167,0.002379066379209193,0.0035226197629281116,0.00034369613394645473,-0.004044467346797642,-0.00609800947141137,-0.10900000000037835,2.2842212492601988e-05,0.3,0.3,2.7347015367296114e-05,2.3574643287399553e-05,0.0030258392693717864,21.218615780246125,-1.1496817678423155,15,6.13e-05,0
4770.924,4771.077198925187,4771.219822392017,4771.428191590235,36.04033546958395,-0.15826235430267843,-0.13869885259967862,-0.019563501702999808,4770.763723254691,4771.230949999999,4771.698176745307,0.00019585165765573592,-0.00643335028666414,0.01622697710772921,0.003359448721226593,0.0023536359936415377,-9.360287164585828e-05,-0.0042757184464448095,-0.0006916851273297553,0.014000000000123691,2.9344506604633835e-06,0.5,0.4,1.9052126367413712e-05,2.0780532425701547e-05,0.002007268740048235,21.47130169727783,-2.6342823457279985,2,4.8599999999999995e-05,1
4770.924,4771.077198925187,4771.219822392017,4771.428191590235,36.04033546958395,-0.15826235430267843,-0.13869885259967862,-0.019563501702999808,4770.763723254691,4771.230949999999,4771.698176745307,0.00019585165765573592,-0.00643335028666414,0.01622697710772921,0.003359448721226593,0.0023536359936415377,-9.360287164585828e-05,-0.0042757184464448095,-0.0006916851273297553,0.014000000000123691,2.9344506604633835e-06,0.5,0.4,1.9052126367413712e-05,2.0780532425701547e-05,0.002007268740048235,21.47130169727783,-2.6342823457279985,3,5.11e-05,1
4771.034,4771.05540731212,4771.182752570336,4771.396411383374,41.156992943883445,-0.15024658168931637,-0.1438585620932855,-0.006388019596030858,4770.768682568881,4771.17195,4771.575217431119,0.00016904334421201272,-0.0028913231685199184,0.011343818365569153,0.005561004828701733,0.001943006512731885,-0.0005431038322719123,-0.002074978836263952,-0.0030181225684766666,0.03899999999975989,8.17439548761456e-06,0.5,0.45,1.672560297745207e-05,1.975380588810638e-05,0.0018328410415364466,22.375622832774933,-1.604590329991145,2,4.8599999999999995e-05,1
4770.924,4771.077198925187,4771.219822392017,4771.428191590235,36.04033546958395,-0.15826235430267843,-0.13869885259967862,-0.019563501702999808,4770.763723254691,4771.230949999999,4771.698176745307,0.00019585165765573592,-0.00643335028666414,0.01622697710772921,0.003359448721226593,0.0023536359936415377,-9.360287164585828e-05,-0.0042757184464448095,-0.0006916851273297553,0.014000000000123691,2.9344506604633835e-06,0.5,0.4,1.9052126367413712e-05,2.0780532425701547e-05,0.002007268740048235,21.47130169727783,-2.6342823457279985,5,5.37e-05,1
4771.034,4771.05540731212,4771.182752570336,4771.396411383374,41.156992943883445,-0.15024658168931637,-0.1438585620932855,-0.006388019596030858,4770.768682568881,4771.17195,4771.575217431119,0.00016904334421201272,-0.0028913231685199184,0.011343818365569153,0.005561004828701733,0.001943006512731885,-0.0005431038322719123,-0.002074978836263952,-0.0030181225684766666,0.03899999999975989,8.17439548761456e-06,0.5,0.45,1.672560297745207e-05,1.975380588810638e-05,0.0018328410415364466,22.375622832774933,-1.604590329991145,3,5.11e-05,1
4771.034,4771.05540731212,4771.182752570336,4771.396411383374,41.156992943883445,-0.15024658168931637,-0.1438585620932855,-0.006388019596030858,4770.768682568881,4771.17195,4771.575217431119,0.00016904334421201272,-0.0028913231685199184,0.011343818365569153,0.005561004828701733,0.001943006512731885,-0.0005431038322719123,-0.002074978836263952,-0.0030181225684766666,0.03899999999975989,8.17439548761456e-06,0.5,0.45,1.672560297745207e-05,1.975380588810638e-05,0.0018328410415364466,22.375622832774933,-1.604590329991145,5,5.37e-05,1
4771.074,4771.0565536224285,4771.120307481558,4771.319856895429,45.60519573756949,-0.10138157662913727,-0.12873466207288872,0.02735308544375145,4770.834185719129,4771.06485,4771.2955142808705,9.669299752685998e-05,0.00019178108635147168,0.004642859885864401,0.005026421322969053,0.0020243603250585736,9.270654310880285e-05,0.002326574320532515,0.0006497531042981564,-0.04899999999997817,1.0270118795951966e-05,0.5,0.45,1.5657170305816148e-05,1.713456359490606e-05,0.0023522933053822972,19.94029477479477,-0.4794496187091049,2,4.8599999999999995e-05,1
4770.924,4771.077198925187,4771.219822392017,4771.428191590235,36.04033546958395,-0.15826235430267843,-0.13869885259967862,-0.019563501702999808,4770.763723254691,4771.230949999999,4771.698176745307,0.00019585165765573592,-0.00643335028666414,0.01622697710772921,0.003359448721226593,0.0023536359936415377,-9.360287164585828e-05,-0.0042757184464448095,-0.0006916851273297553,0.014000000000123691,2.9344506604633835e-06,0.5,0.4,1.9052126367413712e-05,2.0780532425701547e-05,0.002007268740048235,21.47130169727783,-2.6342823457279985,8,5.73e-05,1
4771.074,4771.0565536224285,4771.120307481558,4771.319856895429,45.60519573756949,-0.10138157662913727,-0.12873466207288872,0.02735308544375145,4770.834185719129,4771.06485,4771.2955142808705,9.669299752685998e-05,0.00019178108635147168,0.004642859885864401,0.005026421322969053,0.0020243603250585736,9.270654310880285e-05,0.002326574320532515,0.0006497531042981564,-0.04899999999997817,1.0270118795951966e-05,0.5,0.45,1.5657170305816148e-05,1.713456359490606e-05,0.0023522933053822972,19.94029477479477,-0.4794496187091049,3,5.11e-05,1
4771.034,4771.05540731212,4771.182752570336,4771.396411383374,41.156992943883445,-0.15024658168931637,-0.1438585620932855,-0.006388019596030858,4770.768682568881,4771.17195,4771.575217431119,0.00016904334421201272,-0.0028913231685199184,0.011343818365569153,0.005561004828701733,0.001943006512731885,-0.0005431038322719123,-0.002074978836263952,-0.0030181225684766666,0.03899999999975989,8.17439548761456e-06,0.5,0.45,1.672560297745207e-05,1.975380588810638e-05,0.0018328410415364466,22.375622832774933,-1.604590329991145,8,5.73e-05,1
4771.074,4771.0565536224285,4771.120307481558,4771.319856895429,45.60519573756949,-0.10138157662913727,-0.12873466207288872,0.02735308544375145,4770.834185719129,4771.06485,4771.2955142808705,9.669299752685998e-05,0.00019178108635147168,0.004642859885864401,0.005026421322969053,0.0020243603250585736,9.270654310880285e-05,0.002326574320532515,0.0006497531042981564,-0.04899999999997817,1.0270118795951966e-05,0.5,0.45,1.5657170305816148e-05,1.713456359490606e-05,0.0023522933053822972,19.94029477479477,-0.4794496187091049,5,5.37e-05,1
4770.924,4771.077198925187,4771.219822392017,4771.428191590235,36.04033546958395,-0.15826235430267843,-0.13869885259967862,-0.019563501702999808,4770.763723254691,4771.230949999999,4771.698176745307,0.00019585165765573592,-0.00643335028666414,0.01622697710772921,0.003359448721226593,0.0023536359936415377,-9.360287164585828e-05,-0.0042757184464448095,-0.0006916851273297553,0.014000000000123691,2.9344506604633835e-06,0.5,0.4,1.9052126367413712e-05,2.0780532425701547e-05,0.002007268740048235,21.47130169727783,-2.6342823457279985,15,6.13e-05,0
4771.034,4771.05540731212,4771.182752570336,4771.396411383374,41.156992943883445,-0.15024658168931637,-0.1438585620932855,-0.006388019596030858,4770.768682568881,4771.17195,4771.575217431119,0.00016904334421201272,-0.0028913231685199184,0.011343818365569153,0.005561004828701733,0.001943006512731885,-0.0005431038322719123,-0.002074978836263952,-0.0030181225684766666,0.03899999999975989,8.17439548761456e-06,0.5,0.45,1.672560297745207e-05,1.975380588810638e-05,0.0018328410415364466,22.375622832774933,-1.604590329991145,15,6.13e-05,0
4771.074,4771.0565536224285,4771.120307481558,4771.319856895429,45.60519573756949,-0.10138157662913727,-0.12873466207288872,0.02735308544375145,4770.834185719129,4771.06485,4771.2955142808705,9.669299752685998e-05,0.00019178108635147168,0.004642859885864401,0.005026421322969053,0.0020243603250585736,9.270654310880285e-05,0.002326574320532515,0.0006497531042981564,-0.04899999999997817,1.0270118795951966e-05,0.5,0.45,1.5657170305816148e-05,1.713456359490606e-05,0.0023522933053822972,19.94029477479477,-0.4794496187091049,15,6.13e-05,0
4771.074,4771.0565536224285,4771.120307481558,4771.319856895429,45.60519573756949,-0.10138157662913727,-0.12873466207288872,0.02735308544375145,4770.834185719129,4771.06485,4771.2955142808705,9.669299752685998e-05,0.00019178108635147168,0.004642859885864401,0.005026421322969053,0.0020243603250585736,9.270654310880285e-05,0.002326574320532515,0.0006497531042981564,-0.04899999999997817,1.0270118795951966e-05,0.5,0.45,1.5657170305816148e-05,1.713456359490606e-05,0.0023522933053822972,19.94029477479477,-0.4794496187091049,8,5.73e-05,0
